$MeshFormat
4.1 0 8
$EndMeshFormat
$PhysicalNames
4
2 1 "Bottom"
2 2 "Top"
2 3 "Lateral"
3 4 "Cylinder"
$EndPhysicalNames
$Entities
10 12 6 1
0 0 0 0 0 
1 25 0 0 0 
2 0 25 0 0 
3 -25 0 0 0 
4 0 -25 0 0 
5 25 0 40 0 
6 0 0 40 0 
7 0 25 40 0 
12 -25 0 40 0 
17 0 -25 40 0 
1 1.77635683940025e-15 0 0 25 25 0 0 2 1 -2 
2 -25 1.77635683940025e-15 0 0 25 0 0 2 2 -3 
3 -25 -25 0 -1.77635683940025e-15 0 0 0 2 3 -4 
4 0 -25 0 25 -1.77635683940025e-15 0 0 2 4 -1 
6 1.77635683940025e-15 0 40 25 25 40 0 2 5 -7 
7 -25 1.77635683940025e-15 40 0 25 40 0 2 7 -12 
8 -25 -25 40 -1.77635683940025e-15 0 40 0 2 12 -17 
9 0 -25 40 25 -1.77635683940025e-15 40 0 2 17 -5 
11 25 0 0 25 0 40 0 2 1 -5 
12 0 25 0 0 25 40 0 2 2 -7 
16 -25 0 0 -25 0 40 0 2 3 -12 
20 0 -25 0 0 -25 40 0 2 4 -17 
1 -25 -25 0 25 25 0 1 1 4 1 2 3 4 
13 0 0 0 25 25 40 1 3 4 1 12 -6 -11 
17 -25 0 0 0 25 40 1 3 4 2 16 -7 -12 
21 -25 -25 0 0 0 40 1 3 4 3 20 -8 -16 
25 0 -25 0 25 0 40 1 3 4 4 11 -9 -20 
26 -25 -25 40 25 25 40 1 2 4 6 7 8 9 
1 -25 -25 0 25 25 40 1 4 6 -1 26 13 17 21 25 
$EndEntities
$Nodes
27 1885 1 1885
0 1 0 1
1
25 0 0
0 2 0 1
2
0 25 0
0 3 0 1
3
-25 0 0
0 4 0 1
4
0 -25 0
0 5 0 1
5
25 0 40
0 7 0 1
6
0 25 40
0 12 0 1
7
-25 0 40
0 17 0 1
8
0 -25 40
1 1 0 7
9
10
11
12
13
14
15
23.09698830267303 9.567085833532877 0
17.67766948853961 17.67766957078776 0
9.567085779240045 23.09698832516185 0
24.51963200801556 4.877258060785676 0
20.78674028426938 13.88925586035236 0
13.88925578756885 20.78674033290177 0
4.877258035403584 24.51963201306437 0
1 2 0 7
16
17
18
19
20
21
22
-9.567085833532877 23.09698830267303 0
-17.67766957078776 17.67766948853961 0
-23.09698832516185 9.567085779240045 0
-4.877258060785676 24.51963200801556 0
-13.88925586035236 20.78674028426938 0
-20.78674033290177 13.88925578756885 0
-24.51963201306437 4.877258035403584 0
1 3 0 7
23
24
25
26
27
28
29
-23.09698830267303 -9.567085833532877 0
-17.67766948853961 -17.67766957078776 0
-9.567085779240045 -23.09698832516185 0
-24.51963200801556 -4.877258060785676 0
-20.78674028426938 -13.88925586035236 0
-13.88925578756885 -20.78674033290177 0
-4.877258035403584 -24.51963201306437 0
1 4 0 7
30
31
32
33
34
35
36
9.567085833532877 -23.09698830267303 0
17.67766957078776 -17.67766948853961 0
23.09698832516185 -9.567085779240045 0
4.877258060785676 -24.51963200801556 0
13.88925586035236 -20.78674028426938 0
20.78674033290177 -13.88925578756885 0
24.51963201306437 -4.877258035403584 0
1 6 0 7
37
38
39
40
41
42
43
23.09698830267303 9.567085833532877 40
17.67766948853961 17.67766957078776 40
9.567085779240045 23.09698832516185 40
24.51963200801556 4.877258060785676 40
20.78674028426938 13.88925586035236 40
13.88925578756885 20.78674033290177 40
4.877258035403584 24.51963201306437 40
1 7 0 7
44
45
46
47
48
49
50
-9.567085833532877 23.09698830267303 40
-17.67766957078776 17.67766948853961 40
-23.09698832516185 9.567085779240045 40
-4.877258060785676 24.51963200801556 40
-13.88925586035236 20.78674028426938 40
-20.78674033290177 13.88925578756885 40
-24.51963201306437 4.877258035403584 40
1 8 0 7
51
52
53
54
55
56
57
-23.09698830267303 -9.567085833532877 40
-17.67766948853961 -17.67766957078776 40
-9.567085779240045 -23.09698832516185 40
-24.51963200801556 -4.877258060785676 40
-20.78674028426938 -13.88925586035236 40
-13.88925578756885 -20.78674033290177 40
-4.877258035403584 -24.51963201306437 40
1 9 0 7
58
59
60
61
62
63
64
9.567085833532877 -23.09698830267303 40
17.67766957078776 -17.67766948853961 40
23.09698832516185 -9.567085779240045 40
4.877258060785676 -24.51963200801556 40
13.88925586035236 -20.78674028426938 40
20.78674033290177 -13.88925578756885 40
24.51963201306437 -4.877258035403584 40
1 11 0 11
65
66
67
68
69
70
71
72
73
74
75
25 0 6.666666666666666
25 0 13.33333333333333
25 0 20
25 0 26.66666666666666
25 0 33.33333333333334
25 0 3.333333333334474
25 0 10.00000000000002
25 0 16.66666666666445
25 0 23.33333333333452
25 0 29.99999999999833
25 0 36.66666666666573
1 12 0 11
76
77
78
79
80
81
82
83
84
85
86
0 25 6.666666666666666
0 25 13.33333333333333
0 25 20
0 25 26.66666666666666
0 25 33.33333333333334
0 25 3.333333333334474
0 25 10.00000000000002
0 25 16.66666666666445
0 25 23.33333333333452
0 25 29.99999999999833
0 25 36.66666666666573
1 16 0 11
87
88
89
90
91
92
93
94
95
96
97
-25 0 6.666666666666666
-25 0 13.33333333333333
-25 0 20
-25 0 26.66666666666666
-25 0 33.33333333333334
-25 0 3.333333333334474
-25 0 10.00000000000002
-25 0 16.66666666666445
-25 0 23.33333333333452
-25 0 29.99999999999833
-25 0 36.66666666666573
1 20 0 11
98
99
100
101
102
103
104
105
106
107
108
0 -25 6.666666666666666
0 -25 13.33333333333333
0 -25 20
0 -25 26.66666666666666
0 -25 33.33333333333334
0 -25 3.333333333334474
0 -25 10.00000000000002
0 -25 16.66666666666445
0 -25 23.33333333333452
0 -25 29.99999999999833
0 -25 36.66666666666573
2 1 0 113
109
110
111
112
113
114
115
116
117
118
119
120
121
122
123
124
125
126
127
128
129
130
131
132
133
134
135
136
137
138
139
140
141
142
143
144
145
146
147
148
149
150
151
152
153
154
155
156
157
158
159
160
161
162
163
164
165
166
167
168
169
170
171
172
173
174
175
176
177
178
179
180
181
182
183
184
185
186
187
188
189
190
191
192
193
194
195
196
197
198
199
200
201
202
203
204
205
206
207
208
209
210
211
212
213
214
215
216
217
218
219
220
221
6.480604857849528 15.84358102269652 0
-1.654757272928498 -14.92015483281684 0
14.42289144566195 -7.268442483783044 0
-15.59392877806952 6.988944770567677 0
7.718081014493178 -15.66266856681104 0
-13.94881612105975 -8.073876043145226 0
-8.770644870994568 14.79739023726699 0
14.05960647409596 8.810449731684765 0
14.89131386998451 0.8192361497010021 0
6.339005252241725 1.262144570710534 0
6.135578856092061 8.728354208020347 0
-1.148978161521576 1.058079440226239 0
-0.903430926184547 -4.567716171015253 0
-8.174671485990801 0.2227816903129095 0
5.073804029411531 -7.838550733503993 0
1.977326833818697 -18.34406737985574 0
-15.67146613764351 -0.2928725666223577 0
-1.05902544930065 16.06754308862871 0
13.12437261658925 -13.40887354817031 0
-11.71349055262066 -13.5229389201679 0
-14.05040779655856 13.08806037587373 0
12.69814017217336 14.11107316040434 0
-8.482558992074184 7.556884220393408 0
-6.124313257905047 -6.422251656072054 0
-1.232535058094681 8.370108128795279 0
1.709523378241517 -11.37935278316042 0
0.1612847804450999 -16.63211110633629 0
4.847703924155938 -17.00336797333339 0
6.395942521952355 -11.75060965015752 0
3.278613651198728 -14.19136037824691 0
2.085186551613492 -6.203133452259623 0
-3.513872092044797 -5.494983913543654 0
-3.889535265416772 -10.67120324444445 0
-0.9021743569016401 -8.437168348352037 0
10.61515956111312 1.040690360205768 0
5.706404640826628 -3.28820308139673 0
9.74834773753674 -7.553496608643519 0
14.65710265782323 -3.224603167041021 0
10.18175364932493 -3.256403124218875 0
14.47546017204024 4.814842940692883 0
10.09759266509401 8.769401969852556 0
6.237292054166893 4.995249389365441 0
10.35637611310356 4.905046165029162 0
10.42122681554121 -14.53577105749068 0
13.7736320311256 -10.33865801597668 0
10.08478727653898 -11.0446338330671 0
15.40102109368851 -15.54327151835496 0
8.642583424013027 -19.37982843474203 0
12.15524133794679 -17.66125567088003 0
-14.69558002058013 -15.60030424547783 0
-12.8311533368402 -10.79840748165656 0
-18.52290221186639 -8.820480938339053 0
-16.80894681055479 -12.34383167100446 0
-15.86403868367316 15.38286493220667 0
-11.41052633377656 13.94272530657036 0
-9.168865352263722 18.94718926997001 0
-12.64989109706446 17.36473279541988 0
15.18790483035649 15.89437136559605 0
13.37887332313466 11.46076144604455 0
18.5782973883845 9.188767782608821 0
17.08280680370202 12.67500865319846 0
0.9886634169093487 -21.67203368992787 0
4.862480992470807 -20.76149999067448 0
-14.81014112935163 -4.183374304883792 0
-20.33573306882176 -0.1464362833111789 0
-19.66488656868359 -4.530316182834734 0
19.94565693499225 0.4096180748505011 0
19.4975460900279 4.84605050073928 0
-4.914835160147609 15.43246666294785 0
-0.5295127246503248 20.53377154431436 0
-4.896046610466643 19.9760493354817 0
18.7599398854119 -8.417764131511545 0
17.28018618201368 -12.11395690177277 0
-5.610921526084272 -19.00857157898935 0
-6.684123912774576 -14.22154687649237 0
-10.28668985017171 -17.50414360469707 0
-19.34545855161569 8.278015274903861 0
-14.82216828731404 10.0385025732207 0
-17.8044543101079 11.96387918039478 0
19.5883673354438 -4.050930601222303 0
8.023845318544787 19.47028467392919 0
9.589372515011446 14.97732709155043 0
11.73931415129015 17.8820337122261 0
-2.357986627479242 -20.57587155970033 0
-15.63269745785652 3.34803610197266 0
-20.07616473546044 4.112647068688122 0
2.710789704274439 15.95556205566261 0
3.794023869839012 20.2375970343635 0
-1.026204543853062 -1.754818365394507 0
2.595013545360074 1.160112005468386 0
2.340100048486783 -2.521510723395618 0
2.45152189899869 8.549231168407813 0
-1.190756609808128 4.714093784510759 0
2.523267722179383 4.8546715869381 0
-10.0365646894824 -7.24806384960864 0
-7.149492371947924 -3.099734982879572 0
-11.92306881181716 -0.03504543815472411 0
-10.97981675064978 -3.641554643881682 0
-4.661824823756189 0.6404305652695741 0
-4.087848457900493 -2.42727667413704 0
6.308091856970794 12.28596761535844 0
9.84348259005273 11.87336453070149 0
-8.328615239032493 3.889832955353159 0
-12.03824388507185 7.272914495480542 0
-11.9806563484445 3.618934528662909 0
-4.857547025084433 7.963496174594344 0
-4.759685924420311 4.301963369931958 0
-8.626601931534376 11.1771372288302 0
-11.72438510942421 10.60781990102545 0
-8.360344301128489 -10.7348053630505 0
-1.145780253697665 12.21882560871199 0
-4.886191092616021 11.6979814187711 0
2.581155801636565 12.25239661203521 0
2 13 0 77
222
223
224
225
226
227
228
229
230
231
232
233
234
235
236
237
238
239
240
241
242
243
244
245
246
247
248
249
250
251
252
253
254
255
256
257
258
259
260
261
262
263
264
265
266
267
268
269
270
271
272
273
274
275
276
277
278
279
280
281
282
283
284
285
286
287
288
289
290
291
292
293
294
295
296
297
298
23.09698830267303 9.567085833532877 6.666666666666666
23.09698830267303 9.567085833532877 13.33333333333333
23.09698830267303 9.567085833532877 20
23.09698830267303 9.567085833532877 26.66666666666666
23.09698830267303 9.567085833532877 33.33333333333334
17.67766948853961 17.67766957078776 6.666666666666666
17.67766948853961 17.67766957078776 13.33333333333333
17.67766948853961 17.67766957078776 20
17.67766948853961 17.67766957078776 26.66666666666666
17.67766948853961 17.67766957078776 33.33333333333334
9.567085779240045 23.09698832516185 6.666666666666666
9.567085779240045 23.09698832516185 13.33333333333333
9.567085779240045 23.09698832516185 20
9.567085779240045 23.09698832516185 26.66666666666666
9.567085779240045 23.09698832516185 33.33333333333334
23.09698830267303 9.56708583353287 3.333333333333333
24.51963200834898 4.877258059109468 6.666666666666666
24.51963200818227 4.877258059947568 3.333333333333904
23.09698830267303 9.567085833532865 10
24.51963200834898 4.877258059109468 13.33333333333333
24.51963200834898 4.877258059109462 10.00000000000001
23.09698830267303 9.567085833532865 16.66666666666666
24.51963200834898 4.877258059109468 20
24.51963200834898 4.877258059109462 16.66666666666556
23.09698830267303 9.567085833532865 23.33333333333333
24.51963200834898 4.877258059109468 26.66666666666666
24.51963200834898 4.877258059109462 23.33333333333393
23.09698830267303 9.567085833532865 30
24.51963200834898 4.877258059109468 33.33333333333334
24.51963200834898 4.877258059109462 29.99999999999917
23.09698830267303 9.56708583353287 36.66666666666667
24.51963200818227 4.877258059947568 36.6666666666662
17.67766948853961 17.67766957078776 3.333333333333333
20.78674028712015 13.88925585608589 6.666666666666666
20.78674028569477 13.88925585821912 3.333333333333333
17.67766948853961 17.67766957078776 10
20.78674028712015 13.88925585608589 13.33333333333333
20.78674028712015 13.88925585608589 10
17.67766948853961 17.67766957078776 16.66666666666666
20.78674030022554 13.88925583647229 20
20.78674029367284 13.88925584627909 16.66666666666666
17.67766948853961 17.67766957078776 23.33333333333333
20.78674028712015 13.88925585608589 26.66666666666666
20.78674029367284 13.88925584627909 23.33333333333333
17.67766948853961 17.67766957078776 30
20.78674028712015 13.88925585608589 33.33333333333334
20.78674028712015 13.88925585608589 30
17.67766948853961 17.67766957078776 36.66666666666667
20.78674028569477 13.88925585821912 36.66666666666667
9.56708577924006 23.09698832516185 3.333333333333333
13.88925579493297 20.78674032798122 6.666666666666666
13.88925579125092 20.78674033044149 3.333333333333333
9.567085779240054 23.09698832516185 10
13.88925579493297 20.78674032798122 13.33333333333333
13.88925579493297 20.78674032798122 10
9.567085779240054 23.09698832516185 16.66666666666666
13.88925581204118 20.78674031654988 20
13.88925580348708 20.78674032226555 16.66666666666666
9.567085779240054 23.09698832516185 23.33333333333334
13.88925579493297 20.78674032798122 26.66666666666666
13.88925580348708 20.78674032226555 23.33333333333334
9.567085779240054 23.09698832516185 30
13.88925579493297 20.78674032798122 33.33333333333334
13.88925579493297 20.78674032798122 30
9.56708577924006 23.09698832516185 36.66666666666667
13.88925579125092 20.78674033044149 36.66666666666667
4.877258587597148 24.51963190322623 6.666666666666666
4.877258311500373 24.5196319581453 3.333333333333904
4.877258587597148 24.51963190322623 13.33333333333333
4.877258587597153 24.51963190322623 10.00000000000001
4.877258587597148 24.51963190322623 20
4.877258587597153 24.51963190322623 16.66666666666556
4.877258587597148 24.51963190322623 26.66666666666666
4.877258587597153 24.51963190322623 23.33333333333393
4.877258587597148 24.51963190322623 33.33333333333334
4.877258587597153 24.51963190322623 29.99999999999917
4.877258311500373 24.5196319581453 36.6666666666662
2 17 0 77
299
300
301
302
303
304
305
306
307
308
309
310
311
312
313
314
315
316
317
318
319
320
321
322
323
324
325
326
327
328
329
330
331
332
333
334
335
336
337
338
339
340
341
342
343
344
345
346
347
348
349
350
351
352
353
354
355
356
357
358
359
360
361
362
363
364
365
366
367
368
369
370
371
372
373
374
375
-9.567085833532877 23.09698830267303 6.666666666666666
-9.567085833532877 23.09698830267303 13.33333333333333
-9.567085833532877 23.09698830267303 20
-9.567085833532877 23.09698830267303 26.66666666666666
-9.567085833532877 23.09698830267303 33.33333333333334
-17.67766957078776 17.67766948853961 6.666666666666666
-17.67766957078776 17.67766948853961 13.33333333333333
-17.67766957078776 17.67766948853961 20
-17.67766957078776 17.67766948853961 26.66666666666666
-17.67766957078776 17.67766948853961 33.33333333333334
-23.09698832516185 9.567085779240045 6.666666666666666
-23.09698832516185 9.567085779240045 13.33333333333333
-23.09698832516185 9.567085779240045 20
-23.09698832516185 9.567085779240045 26.66666666666666
-23.09698832516185 9.567085779240045 33.33333333333334
-9.56708583353287 23.09698830267303 3.333333333333333
-4.877258063357623 24.51963200750397 6.666666666666665
-4.877258062071646 24.51963200775976 3.333333333333903
-9.567085833532865 23.09698830267303 10
-4.877258063357623 24.51963200750397 13.33333333333333
-4.877258063357616 24.51963200750397 10.00000000000001
-9.567085833532865 23.09698830267303 16.66666666666666
-4.877258063357623 24.51963200750397 20
-4.877258063357616 24.51963200750397 16.66666666666556
-9.567085833532865 23.09698830267303 23.33333333333333
-4.877258063357623 24.51963200750397 26.66666666666666
-4.877258063357616 24.51963200750397 23.33333333333393
-9.567085833532865 23.09698830267303 30
-4.877258063357623 24.51963200750397 33.33333333333334
-4.877258063357616 24.51963200750397 29.99999999999917
-9.56708583353287 23.09698830267303 36.66666666666667
-4.877258062071646 24.51963200775976 36.6666666666662
-17.67766957078776 17.67766948853961 3.333333333333333
-13.88925586065069 20.78674028407005 6.666666666666666
-13.88925586050152 20.78674028416972 3.333333333333333
-17.67766957078776 17.67766948853961 10
-13.88925586065069 20.78674028407005 13.33333333333333
-13.88925586065068 20.78674028407005 10
-17.67766957078776 17.67766948853961 16.66666666666666
-13.88925585934655 20.78674028494144 20
-13.88925585999861 20.78674028450575 16.66666666666666
-17.67766957078776 17.67766948853961 23.33333333333333
-13.88925586065069 20.78674028407005 26.66666666666666
-13.88925585999861 20.78674028450575 23.33333333333333
-17.67766957078776 17.67766948853961 30
-13.88925586065069 20.78674028407005 33.33333333333334
-13.88925586065068 20.78674028407005 30
-17.67766957078776 17.67766948853961 36.66666666666667
-13.88925586050152 20.78674028416972 36.66666666666667
-23.09698832516185 9.56708577924006 3.333333333333333
-20.78674033270536 13.88925578786279 6.666666666666666
-20.78674033280356 13.88925578771583 3.333333333333333
-23.09698832516185 9.567085779240054 10
-20.78674033270536 13.88925578786279 13.33333333333333
-20.78674033270536 13.8892557878628 10
-23.09698832516185 9.567085779240054 16.66666666666666
-20.78674033170815 13.88925578935523 20
-20.78674033220675 13.88925578860901 16.66666666666666
-23.09698832516185 9.567085779240054 23.33333333333334
-20.78674033270536 13.88925578786279 26.66666666666666
-20.78674033220675 13.88925578860901 23.33333333333334
-23.09698832516185 9.567085779240054 30
-20.78674033270536 13.88925578786279 33.33333333333334
-20.78674033270536 13.8892557878628 30
-23.09698832516185 9.56708577924006 36.66666666666667
-20.78674033280356 13.88925578771583 36.66666666666667
-24.51963201323631 4.87725803453918 6.666666666666666
-24.51963201315034 4.877258034971389 3.333333333333904
-24.51963201323631 4.87725803453918 13.33333333333333
-24.51963201323631 4.877258034539184 10.00000000000001
-24.51963201323631 4.87725803453918 20
-24.51963201323631 4.877258034539184 16.66666666666556
-24.51963201323631 4.87725803453918 26.66666666666666
-24.51963201323631 4.877258034539184 23.33333333333393
-24.51963201323631 4.87725803453918 33.33333333333334
-24.51963201323631 4.877258034539184 29.99999999999917
-24.51963201315034 4.877258034971389 36.6666666666662
2 21 0 77
376
377
378
379
380
381
382
383
384
385
386
387
388
389
390
391
392
393
394
395
396
397
398
399
400
401
402
403
404
405
406
407
408
409
410
411
412
413
414
415
416
417
418
419
420
421
422
423
424
425
426
427
428
429
430
431
432
433
434
435
436
437
438
439
440
441
442
443
444
445
446
447
448
449
450
451
452
-23.09698830267303 -9.567085833532877 6.666666666666666
-23.09698830267303 -9.567085833532877 13.33333333333333
-23.09698830267303 -9.567085833532877 20
-23.09698830267303 -9.567085833532877 26.66666666666666
-23.09698830267303 -9.567085833532877 33.33333333333334
-17.67766948853961 -17.67766957078776 6.666666666666666
-17.67766948853961 -17.67766957078776 13.33333333333333
-17.67766948853961 -17.67766957078776 20
-17.67766948853961 -17.67766957078776 26.66666666666666
-17.67766948853961 -17.67766957078776 33.33333333333334
-9.567085779240045 -23.09698832516185 6.666666666666666
-9.567085779240045 -23.09698832516185 13.33333333333333
-9.567085779240045 -23.09698832516185 20
-9.567085779240045 -23.09698832516185 26.66666666666666
-9.567085779240045 -23.09698832516185 33.33333333333334
-23.09698830267303 -9.56708583353287 3.333333333333333
-24.51963200834898 -4.877258059109468 6.666666666666666
-24.51963200818227 -4.877258059947568 3.333333333333904
-23.09698830267303 -9.567085833532865 10
-24.51963200834898 -4.877258059109468 13.33333333333333
-24.51963200834898 -4.877258059109462 10.00000000000001
-23.09698830267303 -9.567085833532865 16.66666666666666
-24.51963200834898 -4.877258059109468 20
-24.51963200834898 -4.877258059109462 16.66666666666556
-23.09698830267303 -9.567085833532865 23.33333333333333
-24.51963200834898 -4.877258059109468 26.66666666666666
-24.51963200834898 -4.877258059109462 23.33333333333393
-23.09698830267303 -9.567085833532865 30
-24.51963200834898 -4.877258059109468 33.33333333333334
-24.51963200834898 -4.877258059109462 29.99999999999917
-23.09698830267303 -9.56708583353287 36.66666666666667
-24.51963200818227 -4.877258059947568 36.6666666666662
-17.67766948853961 -17.67766957078776 3.333333333333333
-20.78674028712015 -13.88925585608589 6.666666666666666
-20.78674028569477 -13.88925585821912 3.333333333333333
-17.67766948853961 -17.67766957078776 10
-20.78674028712015 -13.88925585608589 13.33333333333333
-20.78674028712015 -13.88925585608589 10
-17.67766948853961 -17.67766957078776 16.66666666666666
-20.78674030022554 -13.88925583647229 20
-20.78674029367284 -13.88925584627909 16.66666666666666
-17.67766948853961 -17.67766957078776 23.33333333333333
-20.78674028712015 -13.88925585608589 26.66666666666666
-20.78674029367284 -13.88925584627909 23.33333333333333
-17.67766948853961 -17.67766957078776 30
-20.78674028712015 -13.88925585608589 33.33333333333334
-20.78674028712015 -13.88925585608589 30
-17.67766948853961 -17.67766957078776 36.66666666666667
-20.78674028569477 -13.88925585821912 36.66666666666667
-9.56708577924006 -23.09698832516185 3.333333333333333
-13.88925579493297 -20.78674032798122 6.666666666666666
-13.88925579125092 -20.78674033044149 3.333333333333333
-9.567085779240054 -23.09698832516185 10
-13.88925579493297 -20.78674032798122 13.33333333333333
-13.88925579493297 -20.78674032798122 10
-9.567085779240054 -23.09698832516185 16.66666666666666
-13.88925581204118 -20.78674031654988 20
-13.88925580348708 -20.78674032226555 16.66666666666666
-9.567085779240054 -23.09698832516185 23.33333333333334
-13.88925579493297 -20.78674032798122 26.66666666666666
-13.88925580348708 -20.78674032226555 23.33333333333334
-9.567085779240054 -23.09698832516185 30
-13.88925579493297 -20.78674032798122 33.33333333333334
-13.88925579493297 -20.78674032798122 30
-9.56708577924006 -23.09698832516185 36.66666666666667
-13.88925579125092 -20.78674033044149 36.66666666666667
-4.877258587597148 -24.51963190322623 6.666666666666666
-4.877258311500373 -24.5196319581453 3.333333333333904
-4.877258587597148 -24.51963190322623 13.33333333333333
-4.877258587597153 -24.51963190322623 10.00000000000001
-4.877258587597148 -24.51963190322623 20
-4.877258587597153 -24.51963190322623 16.66666666666556
-4.877258587597148 -24.51963190322623 26.66666666666666
-4.877258587597153 -24.51963190322623 23.33333333333393
-4.877258587597148 -24.51963190322623 33.33333333333334
-4.877258587597153 -24.51963190322623 29.99999999999917
-4.877258311500373 -24.5196319581453 36.6666666666662
2 25 0 77
453
454
455
456
457
458
459
460
461
462
463
464
465
466
467
468
469
470
471
472
473
474
475
476
477
478
479
480
481
482
483
484
485
486
487
488
489
490
491
492
493
494
495
496
497
498
499
500
501
502
503
504
505
506
507
508
509
510
511
512
513
514
515
516
517
518
519
520
521
522
523
524
525
526
527
528
529
9.567085833532877 -23.09698830267303 6.666666666666666
9.567085833532877 -23.09698830267303 13.33333333333333
9.567085833532877 -23.09698830267303 20
9.567085833532877 -23.09698830267303 26.66666666666666
9.567085833532877 -23.09698830267303 33.33333333333334
17.67766957078776 -17.67766948853961 6.666666666666666
17.67766957078776 -17.67766948853961 13.33333333333333
17.67766957078776 -17.67766948853961 20
17.67766957078776 -17.67766948853961 26.66666666666666
17.67766957078776 -17.67766948853961 33.33333333333334
23.09698832516185 -9.567085779240045 6.666666666666666
23.09698832516185 -9.567085779240045 13.33333333333333
23.09698832516185 -9.567085779240045 20
23.09698832516185 -9.567085779240045 26.66666666666666
23.09698832516185 -9.567085779240045 33.33333333333334
9.56708583353287 -23.09698830267303 3.333333333333333
4.877258063357623 -24.51963200750397 6.666666666666665
4.877258062071646 -24.51963200775976 3.333333333333903
9.567085833532865 -23.09698830267303 10
4.877258063357623 -24.51963200750397 13.33333333333333
4.877258063357616 -24.51963200750397 10.00000000000001
9.567085833532865 -23.09698830267303 16.66666666666666
4.877258063357623 -24.51963200750397 20
4.877258063357616 -24.51963200750397 16.66666666666556
9.567085833532865 -23.09698830267303 23.33333333333333
4.877258063357623 -24.51963200750397 26.66666666666666
4.877258063357616 -24.51963200750397 23.33333333333393
9.567085833532865 -23.09698830267303 30
4.877258063357623 -24.51963200750397 33.33333333333334
4.877258063357616 -24.51963200750397 29.99999999999917
9.56708583353287 -23.09698830267303 36.66666666666667
4.877258062071646 -24.51963200775976 36.6666666666662
17.67766957078776 -17.67766948853961 3.333333333333333
13.88925586065069 -20.78674028407005 6.666666666666666
13.88925586050152 -20.78674028416972 3.333333333333333
17.67766957078776 -17.67766948853961 10
13.88925586065069 -20.78674028407005 13.33333333333333
13.88925586065068 -20.78674028407005 10
17.67766957078776 -17.67766948853961 16.66666666666666
13.88925585934655 -20.78674028494144 20
13.88925585999861 -20.78674028450575 16.66666666666666
17.67766957078776 -17.67766948853961 23.33333333333333
13.88925586065069 -20.78674028407005 26.66666666666666
13.88925585999861 -20.78674028450575 23.33333333333333
17.67766957078776 -17.67766948853961 30
13.88925586065069 -20.78674028407005 33.33333333333334
13.88925586065068 -20.78674028407005 30
17.67766957078776 -17.67766948853961 36.66666666666667
13.88925586050152 -20.78674028416972 36.66666666666667
23.09698832516185 -9.56708577924006 3.333333333333333
20.78674033270536 -13.88925578786279 6.666666666666666
20.78674033280356 -13.88925578771583 3.333333333333333
23.09698832516185 -9.567085779240054 10
20.78674033270536 -13.88925578786279 13.33333333333333
20.78674033270536 -13.8892557878628 10
23.09698832516185 -9.567085779240054 16.66666666666666
20.78674033170815 -13.88925578935523 20
20.78674033220675 -13.88925578860901 16.66666666666666
23.09698832516185 -9.567085779240054 23.33333333333334
20.78674033270536 -13.88925578786279 26.66666666666666
20.78674033220675 -13.88925578860901 23.33333333333334
23.09698832516185 -9.567085779240054 30
20.78674033270536 -13.88925578786279 33.33333333333334
20.78674033270536 -13.8892557878628 30
23.09698832516185 -9.56708577924006 36.66666666666667
20.78674033280356 -13.88925578771583 36.66666666666667
24.51963201323631 -4.87725803453918 6.666666666666666
24.51963201315034 -4.877258034971389 3.333333333333904
24.51963201323631 -4.87725803453918 13.33333333333333
24.51963201323631 -4.877258034539184 10.00000000000001
24.51963201323631 -4.87725803453918 20
24.51963201323631 -4.877258034539184 16.66666666666556
24.51963201323631 -4.87725803453918 26.66666666666666
24.51963201323631 -4.877258034539184 23.33333333333393
24.51963201323631 -4.87725803453918 33.33333333333334
24.51963201323631 -4.877258034539184 29.99999999999917
24.51963201315034 -4.877258034971389 36.6666666666662
2 26 0 113
530
531
532
533
534
535
536
537
538
539
540
541
542
543
544
545
546
547
548
549
550
551
552
553
554
555
556
557
558
559
560
561
562
563
564
565
566
567
568
569
570
571
572
573
574
575
576
577
578
579
580
581
582
583
584
585
586
587
588
589
590
591
592
593
594
595
596
597
598
599
600
601
602
603
604
605
606
607
608
609
610
611
612
613
614
615
616
617
618
619
620
621
622
623
624
625
626
627
628
629
630
631
632
633
634
635
636
637
638
639
640
641
642
6.480604857849528 15.84358102269652 40
-1.654757272928498 -14.92015483281684 40
14.42289144566195 -7.268442483783044 40
-15.59392877806952 6.988944770567677 40
7.718081014493178 -15.66266856681104 40
-13.94881612105975 -8.073876043145226 40
-8.770644870994568 14.79739023726699 40
14.05960647409596 8.810449731684765 40
14.89131386998451 0.8192361497010021 40
6.339005252241725 1.262144570710534 40
6.135578856092061 8.728354208020347 40
-1.148978161521576 1.058079440226239 40
-0.903430926184547 -4.567716171015253 40
-8.174671485990801 0.2227816903129095 40
5.073804029411531 -7.838550733503993 40
1.977326833818697 -18.34406737985574 40
-15.67146613764351 -0.2928725666223577 40
-1.05902544930065 16.06754308862871 40
13.12437261658925 -13.40887354817031 40
-11.71349055262066 -13.5229389201679 40
-14.05040779655856 13.08806037587373 40
12.69814017217336 14.11107316040434 40
-8.482558992074184 7.556884220393408 40
-6.124313257905047 -6.422251656072054 40
-1.232535058094681 8.370108128795279 40
1.709523378241517 -11.37935278316042 40
0.1612847804450999 -16.63211110633629 40
4.847703924155938 -17.00336797333339 40
6.395942521952355 -11.75060965015752 40
3.278613651198728 -14.19136037824691 40
2.085186551613492 -6.203133452259623 40
-3.513872092044797 -5.494983913543654 40
-3.889535265416772 -10.67120324444445 40
-0.9021743569016401 -8.437168348352037 40
10.61515956111312 1.040690360205768 40
5.706404640826628 -3.28820308139673 40
9.74834773753674 -7.553496608643519 40
14.65710265782323 -3.224603167041021 40
10.18175364932493 -3.256403124218875 40
14.47546017204024 4.814842940692883 40
10.09759266509401 8.769401969852556 40
6.237292054166893 4.995249389365441 40
10.35637611310356 4.905046165029162 40
10.42122681554121 -14.53577105749068 40
13.7736320311256 -10.33865801597668 40
10.08478727653898 -11.0446338330671 40
15.40102109368851 -15.54327151835496 40
8.642583424013027 -19.37982843474203 40
12.15524133794679 -17.66125567088003 40
-14.69558002058013 -15.60030424547783 40
-12.8311533368402 -10.79840748165656 40
-18.52290221186639 -8.820480938339053 40
-16.80894681055479 -12.34383167100446 40
-15.86403868367316 15.38286493220667 40
-11.41052633377656 13.94272530657036 40
-9.168865352263722 18.94718926997001 40
-12.64989109706446 17.36473279541988 40
15.18790483035649 15.89437136559605 40
13.37887332313466 11.46076144604455 40
18.5782973883845 9.188767782608821 40
17.08280680370202 12.67500865319846 40
0.9886634169093487 -21.67203368992787 40
4.862480992470807 -20.76149999067448 40
-14.81014112935163 -4.183374304883792 40
-20.33573306882176 -0.1464362833111789 40
-19.66488656868359 -4.530316182834734 40
19.94565693499225 0.4096180748505011 40
19.4975460900279 4.84605050073928 40
-4.914835160147609 15.43246666294785 40
-0.5295127246503248 20.53377154431436 40
-4.896046610466643 19.9760493354817 40
18.7599398854119 -8.417764131511545 40
17.28018618201368 -12.11395690177277 40
-5.610921526084272 -19.00857157898935 40
-6.684123912774576 -14.22154687649237 40
-10.28668985017171 -17.50414360469707 40
-19.34545855161569 8.278015274903861 40
-14.82216828731404 10.0385025732207 40
-17.8044543101079 11.96387918039478 40
19.5883673354438 -4.050930601222303 40
8.023845318544787 19.47028467392919 40
9.589372515011446 14.97732709155043 40
11.73931415129015 17.8820337122261 40
-2.357986627479242 -20.57587155970033 40
-15.63269745785652 3.34803610197266 40
-20.07616473546044 4.112647068688122 40
2.710789704274439 15.95556205566261 40
3.794023869839012 20.2375970343635 40
-1.026204543853062 -1.754818365394507 40
2.595013545360074 1.160112005468386 40
2.340100048486783 -2.521510723395618 40
2.45152189899869 8.549231168407813 40
-1.190756609808128 4.714093784510759 40
2.523267722179383 4.8546715869381 40
-10.0365646894824 -7.24806384960864 40
-7.149492371947924 -3.099734982879572 40
-11.92306881181716 -0.03504543815472411 40
-10.97981675064978 -3.641554643881682 40
-4.661824823756189 0.6404305652695741 40
-4.087848457900493 -2.42727667413704 40
6.308091856970794 12.28596761535844 40
9.84348259005273 11.87336453070149 40
-8.328615239032493 3.889832955353159 40
-12.03824388507185 7.272914495480542 40
-11.9806563484445 3.618934528662909 40
-4.857547025084433 7.963496174594344 40
-4.759685924420311 4.301963369931958 40
-8.626601931534376 11.1771372288302 40
-11.72438510942421 10.60781990102545 40
-8.360344301128489 -10.7348053630505 40
-1.145780253697665 12.21882560871199 40
-4.886191092616021 11.6979814187711 40
2.581155801636565 12.25239661203521 40
3 1 0 1243
643
644
645
646
647
648
649
650
651
652
653
654
655
656
657
658
659
660
661
662
663
664
665
666
667
668
669
670
671
672
673
674
675
676
677
678
679
680
681
682
683
684
685
686
687
688
689
690
691
692
693
694
695
696
697
698
699
700
701
702
703
704
705
706
707
708
709
710
711
712
713
714
715
716
717
718
719
720
721
722
723
724
725
726
727
728
729
730
731
732
733
734
735
736
737
738
739
740
741
742
743
744
745
746
747
748
749
750
751
752
753
754
755
756
757
758
759
760
761
762
763
764
765
766
767
768
769
770
771
772
773
774
775
776
777
778
779
780
781
782
783
784
785
786
787
788
789
790
791
792
793
794
795
796
797
798
799
800
801
802
803
804
805
806
807
808
809
810
811
812
813
814
815
816
817
818
819
820
821
822
823
824
825
826
827
828
829
830
831
832
833
834
835
836
837
838
839
840
841
842
843
844
845
846
847
848
849
850
851
852
853
854
855
856
857
858
859
860
861
862
863
864
865
866
867
868
869
870
871
872
873
874
875
876
877
878
879
880
881
882
883
884
885
886
887
888
889
890
891
892
893
894
895
896
897
898
899
900
901
902
903
904
905
906
907
908
909
910
911
912
913
914
915
916
917
918
919
920
921
922
923
924
925
926
927
928
929
930
931
932
933
934
935
936
937
938
939
940
941
942
943
944
945
946
947
948
949
950
951
952
953
954
955
956
957
958
959
960
961
962
963
964
965
966
967
968
969
970
971
972
973
974
975
976
977
978
979
980
981
982
983
984
985
986
987
988
989
990
991
992
993
994
995
996
997
998
999
1000
1001
1002
1003
1004
1005
1006
1007
1008
1009
1010
1011
1012
1013
1014
1015
1016
1017
1018
1019
1020
1021
1022
1023
1024
1025
1026
1027
1028
1029
1030
1031
1032
1033
1034
1035
1036
1037
1038
1039
1040
1041
1042
1043
1044
1045
1046
1047
1048
1049
1050
1051
1052
1053
1054
1055
1056
1057
1058
1059
1060
1061
1062
1063
1064
1065
1066
1067
1068
1069
1070
1071
1072
1073
1074
1075
1076
1077
1078
1079
1080
1081
1082
1083
1084
1085
1086
1087
1088
1089
1090
1091
1092
1093
1094
1095
1096
1097
1098
1099
1100
1101
1102
1103
1104
1105
1106
1107
1108
1109
1110
1111
1112
1113
1114
1115
1116
1117
1118
1119
1120
1121
1122
1123
1124
1125
1126
1127
1128
1129
1130
1131
1132
1133
1134
1135
1136
1137
1138
1139
1140
1141
1142
1143
1144
1145
1146
1147
1148
1149
1150
1151
1152
1153
1154
1155
1156
1157
1158
1159
1160
1161
1162
1163
1164
1165
1166
1167
1168
1169
1170
1171
1172
1173
1174
1175
1176
1177
1178
1179
1180
1181
1182
1183
1184
1185
1186
1187
1188
1189
1190
1191
1192
1193
1194
1195
1196
1197
1198
1199
1200
1201
1202
1203
1204
1205
1206
1207
1208
1209
1210
1211
1212
1213
1214
1215
1216
1217
1218
1219
1220
1221
1222
1223
1224
1225
1226
1227
1228
1229
1230
1231
1232
1233
1234
1235
1236
1237
1238
1239
1240
1241
1242
1243
1244
1245
1246
1247
1248
1249
1250
1251
1252
1253
1254
1255
1256
1257
1258
1259
1260
1261
1262
1263
1264
1265
1266
1267
1268
1269
1270
1271
1272
1273
1274
1275
1276
1277
1278
1279
1280
1281
1282
1283
1284
1285
1286
1287
1288
1289
1290
1291
1292
1293
1294
1295
1296
1297
1298
1299
1300
1301
1302
1303
1304
1305
1306
1307
1308
1309
1310
1311
1312
1313
1314
1315
1316
1317
1318
1319
1320
1321
1322
1323
1324
1325
1326
1327
1328
1329
1330
1331
1332
1333
1334
1335
1336
1337
1338
1339
1340
1341
1342
1343
1344
1345
1346
1347
1348
1349
1350
1351
1352
1353
1354
1355
1356
1357
1358
1359
1360
1361
1362
1363
1364
1365
1366
1367
1368
1369
1370
1371
1372
1373
1374
1375
1376
1377
1378
1379
1380
1381
1382
1383
1384
1385
1386
1387
1388
1389
1390
1391
1392
1393
1394
1395
1396
1397
1398
1399
1400
1401
1402
1403
1404
1405
1406
1407
1408
1409
1410
1411
1412
1413
1414
1415
1416
1417
1418
1419
1420
1421
1422
1423
1424
1425
1426
1427
1428
1429
1430
1431
1432
1433
1434
1435
1436
1437
1438
1439
1440
1441
1442
1443
1444
1445
1446
1447
1448
1449
1450
1451
1452
1453
1454
1455
1456
1457
1458
1459
1460
1461
1462
1463
1464
1465
1466
1467
1468
1469
1470
1471
1472
1473
1474
1475
1476
1477
1478
1479
1480
1481
1482
1483
1484
1485
1486
1487
1488
1489
1490
1491
1492
1493
1494
1495
1496
1497
1498
1499
1500
1501
1502
1503
1504
1505
1506
1507
1508
1509
1510
1511
1512
1513
1514
1515
1516
1517
1518
1519
1520
1521
1522
1523
1524
1525
1526
1527
1528
1529
1530
1531
1532
1533
1534
1535
1536
1537
1538
1539
1540
1541
1542
1543
1544
1545
1546
1547
1548
1549
1550
1551
1552
1553
1554
1555
1556
1557
1558
1559
1560
1561
1562
1563
1564
1565
1566
1567
1568
1569
1570
1571
1572
1573
1574
1575
1576
1577
1578
1579
1580
1581
1582
1583
1584
1585
1586
1587
1588
1589
1590
1591
1592
1593
1594
1595
1596
1597
1598
1599
1600
1601
1602
1603
1604
1605
1606
1607
1608
1609
1610
1611
1612
1613
1614
1615
1616
1617
1618
1619
1620
1621
1622
1623
1624
1625
1626
1627
1628
1629
1630
1631
1632
1633
1634
1635
1636
1637
1638
1639
1640
1641
1642
1643
1644
1645
1646
1647
1648
1649
1650
1651
1652
1653
1654
1655
1656
1657
1658
1659
1660
1661
1662
1663
1664
1665
1666
1667
1668
1669
1670
1671
1672
1673
1674
1675
1676
1677
1678
1679
1680
1681
1682
1683
1684
1685
1686
1687
1688
1689
1690
1691
1692
1693
1694
1695
1696
1697
1698
1699
1700
1701
1702
1703
1704
1705
1706
1707
1708
1709
1710
1711
1712
1713
1714
1715
1716
1717
1718
1719
1720
1721
1722
1723
1724
1725
1726
1727
1728
1729
1730
1731
1732
1733
1734
1735
1736
1737
1738
1739
1740
1741
1742
1743
1744
1745
1746
1747
1748
1749
1750
1751
1752
1753
1754
1755
1756
1757
1758
1759
1760
1761
1762
1763
1764
1765
1766
1767
1768
1769
1770
1771
1772
1773
1774
1775
1776
1777
1778
1779
1780
1781
1782
1783
1784
1785
1786
1787
1788
1789
1790
1791
1792
1793
1794
1795
1796
1797
1798
1799
1800
1801
1802
1803
1804
1805
1806
1807
1808
1809
1810
1811
1812
1813
1814
1815
1816
1817
1818
1819
1820
1821
1822
1823
1824
1825
1826
1827
1828
1829
1830
1831
1832
1833
1834
1835
1836
1837
1838
1839
1840
1841
1842
1843
1844
1845
1846
1847
1848
1849
1850
1851
1852
1853
1854
1855
1856
1857
1858
1859
1860
1861
1862
1863
1864
1865
1866
1867
1868
1869
1870
1871
1872
1873
1874
1875
1876
1877
1878
1879
1880
1881
1882
1883
1884
1885
6.480604857849528 15.84358102269652 6.666666666666666
6.480604857849528 15.84358102269652 13.33333333333333
6.480604857849528 15.84358102269652 20
6.480604857849528 15.84358102269652 26.66666666666666
6.480604857849528 15.84358102269652 33.33333333333334
-1.654757272928498 -14.92015483281684 6.666666666666666
-1.654757272928498 -14.92015483281684 13.33333333333333
-1.654757272928498 -14.92015483281684 20
-1.654757272928498 -14.92015483281684 26.66666666666666
-1.654757272928498 -14.92015483281684 33.33333333333334
14.42289144566195 -7.268442483783044 6.666666666666666
14.42289144566195 -7.268442483783044 13.33333333333333
14.42289144566195 -7.268442483783044 20
14.42289144566195 -7.268442483783044 26.66666666666666
14.42289144566195 -7.268442483783044 33.33333333333334
-15.59392877806952 6.988944770567677 6.666666666666666
-15.59392877806952 6.988944770567677 13.33333333333333
-15.59392877806952 6.988944770567677 20
-15.59392877806952 6.988944770567677 26.66666666666666
-15.59392877806952 6.988944770567677 33.33333333333334
7.718081014493178 -15.66266856681104 6.666666666666666
7.718081014493178 -15.66266856681104 13.33333333333333
7.718081014493178 -15.66266856681104 20
7.718081014493178 -15.66266856681104 26.66666666666666
7.718081014493178 -15.66266856681104 33.33333333333334
-13.94881612105975 -8.073876043145226 6.666666666666666
-13.94881612105975 -8.073876043145226 13.33333333333333
-13.94881612105975 -8.073876043145226 20
-13.94881612105975 -8.073876043145226 26.66666666666666
-13.94881612105975 -8.073876043145226 33.33333333333334
-8.770644870994568 14.79739023726699 6.666666666666666
-8.770644870994568 14.79739023726699 13.33333333333333
-8.770644870994568 14.79739023726699 20
-8.770644870994568 14.79739023726699 26.66666666666666
-8.770644870994568 14.79739023726699 33.33333333333334
14.05960647409596 8.810449731684765 6.666666666666666
14.05960647409596 8.810449731684765 13.33333333333333
14.05960647409596 8.810449731684765 20
14.05960647409596 8.810449731684765 26.66666666666666
14.05960647409596 8.810449731684765 33.33333333333334
14.89131386998451 0.8192361497010021 6.666666666666666
14.89131386998451 0.8192361497010021 13.33333333333333
14.89131386998451 0.8192361497010021 20
14.89131386998451 0.8192361497010021 26.66666666666666
14.89131386998451 0.8192361497010021 33.33333333333334
6.339005252241725 1.262144570710534 6.666666666666666
6.339005252241725 1.262144570710534 13.33333333333333
6.339005252241725 1.262144570710534 20
6.339005252241725 1.262144570710534 26.66666666666666
6.339005252241725 1.262144570710534 33.33333333333334
6.135578856092061 8.728354208020347 6.666666666666666
6.135578856092061 8.728354208020347 13.33333333333333
6.135578856092061 8.728354208020347 20
6.135578856092061 8.728354208020347 26.66666666666666
6.135578856092061 8.728354208020347 33.33333333333334
-1.148978161521576 1.058079440226239 6.666666666666666
-1.148978161521576 1.058079440226239 13.33333333333333
-1.148978161521576 1.058079440226239 20
-1.148978161521576 1.058079440226239 26.66666666666666
-1.148978161521576 1.058079440226239 33.33333333333334
-0.903430926184547 -4.567716171015253 6.666666666666666
-0.903430926184547 -4.567716171015253 13.33333333333333
-0.903430926184547 -4.567716171015253 20
-0.903430926184547 -4.567716171015253 26.66666666666666
-0.903430926184547 -4.567716171015253 33.33333333333334
-8.174671485990801 0.2227816903129095 6.666666666666666
-8.174671485990801 0.2227816903129095 13.33333333333333
-8.174671485990801 0.2227816903129095 20
-8.174671485990801 0.2227816903129095 26.66666666666666
-8.174671485990801 0.2227816903129095 33.33333333333334
5.073804029411531 -7.838550733503993 6.666666666666666
5.073804029411531 -7.838550733503993 13.33333333333333
5.073804029411531 -7.838550733503993 20
5.073804029411531 -7.838550733503993 26.66666666666666
5.073804029411531 -7.838550733503993 33.33333333333334
1.977326833818697 -18.34406737985574 6.666666666666666
1.977326833818697 -18.34406737985574 13.33333333333333
1.977326833818697 -18.34406737985574 20
1.977326833818697 -18.34406737985574 26.66666666666666
1.977326833818697 -18.34406737985574 33.33333333333334
-15.67146613764351 -0.2928725666223577 6.666666666666666
-15.67146613764351 -0.2928725666223577 13.33333333333333
-15.67146613764351 -0.2928725666223577 20
-15.67146613764351 -0.2928725666223577 26.66666666666666
-15.67146613764351 -0.2928725666223577 33.33333333333334
-1.05902544930065 16.06754308862871 6.666666666666666
-1.05902544930065 16.06754308862871 13.33333333333333
-1.05902544930065 16.06754308862871 20
-1.05902544930065 16.06754308862871 26.66666666666666
-1.05902544930065 16.06754308862871 33.33333333333334
13.12437261658925 -13.40887354817031 6.666666666666666
13.12437261658925 -13.40887354817031 13.33333333333333
13.12437261658925 -13.40887354817031 20
13.12437261658925 -13.40887354817031 26.66666666666666
13.12437261658925 -13.40887354817031 33.33333333333334
-11.71349055262066 -13.5229389201679 6.666666666666666
-11.71349055262066 -13.5229389201679 13.33333333333333
-11.71349055262066 -13.5229389201679 20
-11.71349055262066 -13.5229389201679 26.66666666666666
-11.71349055262066 -13.5229389201679 33.33333333333334
-14.05040779655856 13.08806037587373 6.666666666666666
-14.05040779655856 13.08806037587373 13.33333333333333
-14.05040779655856 13.08806037587373 20
-14.05040779655856 13.08806037587373 26.66666666666666
-14.05040779655856 13.08806037587373 33.33333333333334
12.69814017217336 14.11107316040434 6.666666666666666
12.69814017217336 14.11107316040434 13.33333333333333
12.69814017217336 14.11107316040434 20
12.69814017217336 14.11107316040434 26.66666666666666
12.69814017217336 14.11107316040434 33.33333333333334
-8.482558992074184 7.556884220393408 6.666666666666666
-8.482558992074184 7.556884220393408 13.33333333333333
-8.482558992074184 7.556884220393408 20
-8.482558992074184 7.556884220393408 26.66666666666666
-8.482558992074184 7.556884220393408 33.33333333333334
-6.124313257905047 -6.422251656072054 6.666666666666666
-6.124313257905047 -6.422251656072054 13.33333333333333
-6.124313257905047 -6.422251656072054 20
-6.124313257905047 -6.422251656072054 26.66666666666666
-6.124313257905047 -6.422251656072054 33.33333333333334
-1.232535058094681 8.370108128795279 6.666666666666666
-1.232535058094681 8.370108128795279 13.33333333333333
-1.232535058094681 8.370108128795279 20
-1.232535058094681 8.370108128795279 26.66666666666666
-1.232535058094681 8.370108128795279 33.33333333333334
5.073804029411531 -7.838550733503993 3.333333333333333
-1.654757272928498 -14.92015483281684 3.333333333333333
1.977326833818697 -18.34406737985574 3.333333333333333
7.718081014493178 -15.66266856681104 3.333333333333333
1.709523378241517 -11.37935278316042 6.666666666666666
6.395942521952355 -11.75060965015752 6.666666666666666
0.1612847804450999 -16.63211110633629 6.666666666666666
4.847703924155938 -17.00336797333339 6.666666666666666
1.709523378241517 -11.37935278316042 3.333333333333333
6.395942521952355 -11.75060965015752 3.333333333333333
0.1612847804450999 -16.63211110633629 3.333333333333333
4.847703924155938 -17.00336797333339 3.333333333333333
3.278613651198728 -14.19136037824691 6.666666666666666
3.278613651198727 -14.1913603782469 3.333333333333333
5.073804029411531 -7.838550733503993 10
-1.654757272928498 -14.92015483281684 10
1.977326833818697 -18.34406737985574 10
7.718081014493178 -15.66266856681104 10
1.709523378241517 -11.37935278316042 13.33333333333333
6.395942521952355 -11.75060965015752 13.33333333333333
0.1612847804450999 -16.63211110633629 13.33333333333333
4.847703924155938 -17.00336797333339 13.33333333333333
1.709523378241517 -11.37935278316042 10
6.395942521952355 -11.75060965015752 10
0.1612847804450999 -16.63211110633629 10
4.847703924155938 -17.00336797333339 10
3.278613651198728 -14.19136037824691 13.33333333333333
3.278613651198727 -14.1913603782469 10
5.073804029411531 -7.838550733503993 16.66666666666666
-1.654757272928498 -14.92015483281684 16.66666666666666
1.977326833818697 -18.34406737985574 16.66666666666666
7.718081014493178 -15.66266856681104 16.66666666666666
1.709523378241517 -11.37935278316042 20
6.395942521952355 -11.75060965015752 20
0.1612847804450999 -16.63211110633629 20
4.847703924155938 -17.00336797333339 20
1.709523378241517 -11.37935278316042 16.66666666666666
6.395942521952355 -11.75060965015752 16.66666666666666
0.1612847804450999 -16.63211110633629 16.66666666666666
4.847703924155938 -17.00336797333339 16.66666666666666
3.278613651198728 -14.19136037824691 20
3.278613651198727 -14.1913603782469 16.66666666666666
5.073804029411531 -7.838550733503993 23.33333333333333
-1.654757272928498 -14.92015483281684 23.33333333333333
1.977326833818697 -18.34406737985574 23.33333333333333
7.718081014493178 -15.66266856681104 23.33333333333333
1.709523378241517 -11.37935278316042 26.66666666666666
6.395942521952355 -11.75060965015752 26.66666666666666
0.1612847804450999 -16.63211110633629 26.66666666666666
4.847703924155938 -17.00336797333339 26.66666666666666
1.709523378241517 -11.37935278316042 23.33333333333334
6.395942521952355 -11.75060965015752 23.33333333333333
0.1612847804450999 -16.63211110633629 23.33333333333334
4.847703924155938 -17.00336797333339 23.33333333333334
3.278613651198728 -14.19136037824691 26.66666666666666
3.278613651198727 -14.1913603782469 23.33333333333334
5.073804029411531 -7.838550733503993 30
-1.654757272928498 -14.92015483281684 30
1.977326833818697 -18.34406737985574 30
7.718081014493178 -15.66266856681104 30
1.709523378241517 -11.37935278316042 33.33333333333334
6.395942521952355 -11.75060965015752 33.33333333333334
0.1612847804450999 -16.63211110633629 33.33333333333334
4.847703924155938 -17.00336797333339 33.33333333333334
1.709523378241517 -11.37935278316042 30
6.395942521952355 -11.75060965015752 30
0.1612847804450999 -16.63211110633629 30
4.847703924155938 -17.00336797333339 30
3.278613651198728 -14.19136037824691 33.33333333333334
3.278613651198727 -14.1913603782469 30
5.073804029411531 -7.838550733503993 36.66666666666667
-1.654757272928498 -14.92015483281684 36.66666666666667
1.977326833818697 -18.34406737985574 36.66666666666667
7.718081014493178 -15.66266856681104 36.66666666666667
1.709523378241517 -11.37935278316042 36.66666666666667
6.395942521952355 -11.75060965015752 36.66666666666667
0.1612847804450999 -16.63211110633629 36.66666666666667
4.847703924155938 -17.00336797333339 36.66666666666667
3.278613651198727 -14.1913603782469 36.66666666666667
-0.903430926184547 -4.567716171015253 3.333333333333333
-6.124313257905047 -6.422251656072054 3.333333333333333
2.085186551613492 -6.203133452259623 6.666666666666666
-3.513872092044797 -5.494983913543654 6.666666666666666
-3.889535265416772 -10.67120324444445 6.666666666666666
2.085186551613492 -6.203133452259623 3.333333333333333
-3.513872092044797 -5.494983913543654 3.333333333333333
-3.889535265416772 -10.67120324444445 3.333333333333333
-0.9021743569016401 -8.437168348352037 6.666666666666666
-0.9021743569016402 -8.437168348352039 3.333333333333333
-0.903430926184547 -4.567716171015253 10
-6.124313257905047 -6.422251656072054 10
2.085186551613492 -6.203133452259623 13.33333333333333
-3.513872092044797 -5.494983913543654 13.33333333333333
-3.889535265416772 -10.67120324444445 13.33333333333333
2.085186551613492 -6.203133452259623 10
-3.513872092044797 -5.494983913543654 10
-3.889535265416772 -10.67120324444445 10
-0.9021743569016401 -8.437168348352037 13.33333333333333
-0.9021743569016402 -8.437168348352039 10
-0.903430926184547 -4.567716171015253 16.66666666666666
-6.124313257905047 -6.422251656072054 16.66666666666666
2.085186551613492 -6.203133452259623 20
-3.513872092044797 -5.494983913543654 20
-3.889535265416772 -10.67120324444445 20
2.085186551613492 -6.203133452259623 16.66666666666666
-3.513872092044797 -5.494983913543654 16.66666666666666
-3.889535265416772 -10.67120324444445 16.66666666666666
-0.9021743569016401 -8.437168348352037 20
-0.9021743569016402 -8.437168348352039 16.66666666666666
-0.903430926184547 -4.567716171015253 23.33333333333333
-6.124313257905047 -6.422251656072054 23.33333333333333
2.085186551613492 -6.203133452259623 26.66666666666666
-3.513872092044797 -5.494983913543654 26.66666666666666
-3.889535265416772 -10.67120324444445 26.66666666666666
2.085186551613492 -6.203133452259623 23.33333333333334
-3.513872092044797 -5.494983913543654 23.33333333333334
-3.889535265416772 -10.67120324444445 23.33333333333334
-0.9021743569016401 -8.437168348352037 26.66666666666666
-0.9021743569016402 -8.437168348352039 23.33333333333334
-0.903430926184547 -4.567716171015253 30
-6.124313257905047 -6.422251656072054 30
2.085186551613492 -6.203133452259623 33.33333333333334
-3.513872092044797 -5.494983913543654 33.33333333333334
-3.889535265416772 -10.67120324444445 33.33333333333334
2.085186551613492 -6.203133452259623 30
-3.513872092044797 -5.494983913543654 30
-3.889535265416772 -10.67120324444445 30
-0.9021743569016401 -8.437168348352037 33.33333333333334
-0.9021743569016402 -8.437168348352039 30
-0.903430926184547 -4.567716171015253 36.66666666666667
-6.124313257905047 -6.422251656072054 36.66666666666667
2.085186551613492 -6.203133452259623 36.66666666666667
-3.513872092044797 -5.494983913543654 36.66666666666667
-3.889535265416772 -10.67120324444445 36.66666666666667
-0.9021743569016402 -8.437168348352039 36.66666666666667
14.89131386998451 0.8192361497010021 3.333333333333333
6.339005252241725 1.262144570710534 3.333333333333333
14.42289144566195 -7.268442483783044 3.333333333333333
10.61515956111312 1.040690360205768 6.666666666666666
14.65710265782323 -3.224603167041021 6.666666666666666
5.706404640826628 -3.28820308139673 6.666666666666666
9.748347737536738 -7.553496608643519 6.666666666666666
10.61515956111312 1.040690360205768 3.333333333333333
14.65710265782323 -3.224603167041021 3.333333333333333
5.706404640826628 -3.28820308139673 3.333333333333333
9.748347737536738 -7.553496608643519 3.333333333333333
10.18175364932493 -3.256403124218875 6.666666666666666
10.18175364932492 -3.256403124218875 3.333333333333333
14.89131386998451 0.8192361497010021 10
6.339005252241725 1.262144570710534 10
14.42289144566195 -7.268442483783044 10
10.61515956111312 1.040690360205768 13.33333333333333
14.65710265782323 -3.224603167041021 13.33333333333333
5.706404640826628 -3.28820308139673 13.33333333333333
9.748347737536738 -7.553496608643519 13.33333333333333
10.61515956111312 1.040690360205768 10
14.65710265782323 -3.224603167041021 10
5.706404640826628 -3.28820308139673 10
9.748347737536736 -7.553496608643519 10
10.18175364932493 -3.256403124218875 13.33333333333333
10.18175364932492 -3.256403124218875 10
14.89131386998451 0.8192361497010021 16.66666666666666
6.339005252241725 1.262144570710534 16.66666666666666
14.42289144566195 -7.268442483783044 16.66666666666666
10.61515956111312 1.040690360205768 20
14.65710265782323 -3.224603167041021 20
5.706404640826628 -3.28820308139673 20
9.748347737536738 -7.553496608643519 20
10.61515956111312 1.040690360205768 16.66666666666666
14.65710265782323 -3.224603167041021 16.66666666666666
5.706404640826628 -3.28820308139673 16.66666666666666
9.748347737536736 -7.553496608643519 16.66666666666666
10.18175364932493 -3.256403124218875 20
10.18175364932492 -3.256403124218875 16.66666666666666
14.89131386998451 0.8192361497010021 23.33333333333333
6.339005252241725 1.262144570710534 23.33333333333333
14.42289144566195 -7.268442483783044 23.33333333333333
10.61515956111312 1.040690360205768 26.66666666666666
14.65710265782323 -3.224603167041021 26.66666666666666
5.706404640826628 -3.28820308139673 26.66666666666666
9.748347737536738 -7.553496608643519 26.66666666666666
10.61515956111312 1.040690360205768 23.33333333333334
14.65710265782323 -3.224603167041021 23.33333333333333
5.706404640826628 -3.28820308139673 23.33333333333334
9.748347737536736 -7.553496608643519 23.33333333333334
10.18175364932493 -3.256403124218875 26.66666666666666
10.18175364932492 -3.256403124218875 23.33333333333334
14.89131386998451 0.8192361497010021 30
6.339005252241725 1.262144570710534 30
14.42289144566195 -7.268442483783044 30
10.61515956111312 1.040690360205768 33.33333333333334
14.65710265782323 -3.224603167041021 33.33333333333334
5.706404640826628 -3.28820308139673 33.33333333333334
9.748347737536738 -7.553496608643519 33.33333333333334
10.61515956111312 1.040690360205768 30
14.65710265782323 -3.224603167041021 30
5.706404640826628 -3.28820308139673 30
9.748347737536736 -7.553496608643519 30
10.18175364932493 -3.256403124218875 33.33333333333334
10.18175364932492 -3.256403124218875 30
14.89131386998451 0.8192361497010021 36.66666666666667
6.339005252241725 1.262144570710534 36.66666666666667
14.42289144566195 -7.268442483783044 36.66666666666667
10.61515956111312 1.040690360205768 36.66666666666667
14.65710265782323 -3.224603167041021 36.66666666666667
5.706404640826628 -3.28820308139673 36.66666666666667
9.748347737536738 -7.553496608643519 36.66666666666667
10.18175364932492 -3.256403124218875 36.66666666666667
14.05960647409596 8.810449731684765 3.333333333333333
6.135578856092061 8.728354208020347 3.333333333333333
14.47546017204024 4.814842940692883 6.666666666666666
10.09759266509401 8.769401969852556 6.666666666666666
6.237292054166893 4.995249389365441 6.666666666666666
14.47546017204024 4.814842940692883 3.333333333333333
10.09759266509401 8.769401969852556 3.333333333333333
6.237292054166893 4.995249389365441 3.333333333333333
10.35637611310356 4.905046165029162 6.666666666666666
10.35637611310356 4.905046165029162 3.333333333333333
14.05960647409596 8.810449731684765 10
6.135578856092061 8.728354208020347 10
14.47546017204024 4.814842940692883 13.33333333333333
10.09759266509401 8.769401969852556 13.33333333333333
6.237292054166893 4.995249389365441 13.33333333333333
14.47546017204024 4.814842940692883 10
10.09759266509401 8.769401969852556 10
6.237292054166893 4.995249389365441 10
10.35637611310356 4.905046165029162 13.33333333333333
10.35637611310356 4.905046165029162 10
14.05960647409596 8.810449731684765 16.66666666666666
6.135578856092061 8.728354208020347 16.66666666666666
14.47546017204024 4.814842940692883 20
10.09759266509401 8.769401969852556 20
6.237292054166893 4.995249389365441 20
14.47546017204024 4.814842940692883 16.66666666666666
10.09759266509401 8.769401969852556 16.66666666666666
6.237292054166893 4.995249389365441 16.66666666666666
10.35637611310356 4.905046165029162 20
10.35637611310356 4.905046165029162 16.66666666666666
14.05960647409596 8.810449731684765 23.33333333333333
6.135578856092061 8.728354208020347 23.33333333333333
14.47546017204024 4.814842940692883 26.66666666666666
10.09759266509401 8.769401969852556 26.66666666666666
6.237292054166893 4.995249389365441 26.66666666666666
14.47546017204024 4.814842940692883 23.33333333333334
10.09759266509401 8.769401969852556 23.33333333333334
6.237292054166893 4.995249389365441 23.33333333333334
10.35637611310356 4.905046165029162 26.66666666666666
10.35637611310356 4.905046165029162 23.33333333333334
14.05960647409596 8.810449731684765 30
6.135578856092061 8.728354208020347 30
14.47546017204024 4.814842940692883 33.33333333333334
10.09759266509401 8.769401969852556 33.33333333333334
6.237292054166893 4.995249389365441 33.33333333333334
14.47546017204024 4.814842940692883 30
10.09759266509401 8.769401969852556 30
6.237292054166893 4.995249389365441 30
10.35637611310356 4.905046165029162 33.33333333333334
10.35637611310356 4.905046165029162 30
14.05960647409596 8.810449731684765 36.66666666666667
6.135578856092061 8.728354208020347 36.66666666666667
14.47546017204024 4.814842940692883 36.66666666666667
10.09759266509401 8.769401969852556 36.66666666666667
6.237292054166893 4.995249389365441 36.66666666666667
10.35637611310356 4.905046165029162 36.66666666666667
13.12437261658925 -13.40887354817031 3.333333333333333
13.7736320311256 -10.33865801597668 6.666666666666666
10.42122681554121 -14.53577105749068 6.666666666666666
13.7736320311256 -10.33865801597668 3.333333333333333
10.42122681554121 -14.53577105749068 3.333333333333333
10.08478727653898 -11.0446338330671 6.666666666666666
10.08478727653898 -11.0446338330671 3.333333333333333
13.12437261658925 -13.40887354817031 10
13.7736320311256 -10.33865801597668 13.33333333333333
10.42122681554121 -14.53577105749068 13.33333333333333
13.7736320311256 -10.33865801597668 10
10.42122681554121 -14.53577105749068 10
10.08478727653898 -11.0446338330671 13.33333333333333
10.08478727653898 -11.0446338330671 10
13.12437261658925 -13.40887354817031 16.66666666666666
13.7736320311256 -10.33865801597668 20
10.42122681554121 -14.53577105749068 20
13.7736320311256 -10.33865801597668 16.66666666666666
10.42122681554121 -14.53577105749068 16.66666666666666
10.08478727653898 -11.0446338330671 20
10.08478727653898 -11.0446338330671 16.66666666666666
13.12437261658925 -13.40887354817031 23.33333333333333
13.7736320311256 -10.33865801597668 26.66666666666666
10.42122681554121 -14.53577105749068 26.66666666666666
13.7736320311256 -10.33865801597668 23.33333333333333
10.42122681554121 -14.53577105749068 23.33333333333334
10.08478727653898 -11.0446338330671 26.66666666666666
10.08478727653898 -11.0446338330671 23.33333333333334
13.12437261658925 -13.40887354817031 30
13.7736320311256 -10.33865801597668 33.33333333333334
10.42122681554121 -14.53577105749068 33.33333333333334
13.7736320311256 -10.33865801597668 30
10.42122681554121 -14.53577105749068 30
10.08478727653898 -11.0446338330671 33.33333333333334
10.08478727653898 -11.0446338330671 30
13.12437261658925 -13.40887354817031 36.66666666666667
13.7736320311256 -10.33865801597668 36.66666666666667
10.42122681554121 -14.53577105749068 36.66666666666667
10.08478727653898 -11.0446338330671 36.66666666666667
8.642583424013027 -19.37982843474203 6.666666666666666
15.40102109368851 -15.54327151835496 6.666666666666666
8.642583424013024 -19.37982843474203 3.333333333333333
15.40102109368851 -15.54327151835496 3.333333333333333
12.15524133809595 -17.66125567078036 6.666666666666666
12.15524133802137 -17.66125567083019 3.333333333333333
8.642583424013027 -19.37982843474203 13.33333333333333
15.40102109368851 -15.54327151835496 13.33333333333333
8.642583424013022 -19.37982843474204 10
15.40102109368851 -15.54327151835496 10
12.15524133809595 -17.66125567078036 13.33333333333333
12.15524133809595 -17.66125567078036 10
8.642583424013027 -19.37982843474203 20
15.40102109368851 -15.54327151835496 20
8.642583424013022 -19.37982843474204 16.66666666666666
15.40102109368851 -15.54327151835496 16.66666666666666
12.15524133744388 -17.66125567121606 20
12.15524133776992 -17.66125567099821 16.66666666666666
8.642583424013027 -19.37982843474203 26.66666666666666
15.40102109368851 -15.54327151835496 26.66666666666666
8.642583424013022 -19.37982843474204 23.33333333333333
15.40102109368851 -15.54327151835496 23.33333333333334
12.15524133809595 -17.66125567078036 26.66666666666666
12.15524133776992 -17.66125567099821 23.33333333333334
8.642583424013027 -19.37982843474203 33.33333333333334
15.40102109368851 -15.54327151835496 33.33333333333334
8.642583424013022 -19.37982843474204 30
15.40102109368851 -15.54327151835496 30
12.15524133809595 -17.66125567078036 33.33333333333334
12.15524133809595 -17.66125567078036 30
8.642583424013024 -19.37982843474203 36.66666666666667
15.40102109368851 -15.54327151835496 36.66666666666667
12.15524133802137 -17.66125567083019 36.66666666666667
-11.71349055262066 -13.5229389201679 3.333333333333333
-13.94881612105975 -8.073876043145226 3.333333333333333
-18.52290221186639 -8.820480938339053 6.666666666666666
-14.69558002058013 -15.60030424547783 6.666666666666666
-12.8311533368402 -10.79840748165656 6.666666666666666
-18.52290221186639 -8.820480938339049 3.333333333333333
-14.69558002058013 -15.60030424547783 3.333333333333333
-12.8311533368402 -10.79840748165656 3.333333333333333
-16.80894681198017 -12.34383166887123 6.666666666666666
-16.80894681126749 -12.34383166993784 3.333333333333333
-11.71349055262066 -13.5229389201679 10
-13.94881612105975 -8.073876043145226 10
-18.52290221186639 -8.820480938339053 13.33333333333333
-14.69558002058013 -15.60030424547783 13.33333333333333
-12.8311533368402 -10.79840748165656 13.33333333333333
-18.52290221186639 -8.820480938339045 10
-14.69558002058013 -15.60030424547783 10
-12.8311533368402 -10.79840748165656 10
-16.80894681198017 -12.34383166887123 13.33333333333333
-16.80894681198018 -12.34383166887122 10
-11.71349055262066 -13.5229389201679 16.66666666666666
-13.94881612105975 -8.073876043145226 16.66666666666666
-18.52290221186639 -8.820480938339053 20
-14.69558002058013 -15.60030424547783 20
-12.8311533368402 -10.79840748165656 20
-18.52290221186639 -8.820480938339045 16.66666666666666
-14.69558002058013 -15.60030424547783 16.66666666666666
-12.8311533368402 -10.79840748165656 16.66666666666666
-16.80894681853287 -12.34383165906443 20
-16.80894681525652 -12.34383166396783 16.66666666666666
-11.71349055262066 -13.5229389201679 23.33333333333333
-13.94881612105975 -8.073876043145226 23.33333333333333
-18.52290221186639 -8.820480938339053 26.66666666666666
-14.69558002058013 -15.60030424547783 26.66666666666666
-12.8311533368402 -10.79840748165656 26.66666666666666
-18.52290221186639 -8.820480938339045 23.33333333333333
-14.69558002058013 -15.60030424547783 23.33333333333334
-12.8311533368402 -10.79840748165656 23.33333333333334
-16.80894681198017 -12.34383166887123 26.66666666666666
-16.80894681525653 -12.34383166396783 23.33333333333334
-11.71349055262066 -13.5229389201679 30
-13.94881612105975 -8.073876043145226 30
-18.52290221186639 -8.820480938339053 33.33333333333334
-14.69558002058013 -15.60030424547783 33.33333333333334
-12.8311533368402 -10.79840748165656 33.33333333333334
-18.52290221186639 -8.820480938339045 30
-14.69558002058013 -15.60030424547783 30
-12.8311533368402 -10.79840748165656 30
-16.80894681198017 -12.34383166887123 33.33333333333334
-16.80894681198018 -12.34383166887122 30
-11.71349055262066 -13.5229389201679 36.66666666666667
-13.94881612105975 -8.073876043145226 36.66666666666667
-18.52290221186639 -8.820480938339049 36.66666666666667
-14.69558002058013 -15.60030424547783 36.66666666666667
-12.8311533368402 -10.79840748165656 36.66666666666667
-16.80894681126748 -12.34383166993784 36.66666666666667
-14.05040779655856 13.08806037587373 3.333333333333333
-8.770644870994568 14.79739023726699 3.333333333333333
-9.168865352263722 18.94718926997001 6.666666666666666
-15.86403868367316 15.38286493220667 6.666666666666666
-11.41052633377656 13.94272530657036 6.666666666666666
-9.168865352263719 18.94718926997001 3.333333333333333
-15.86403868367316 15.38286493220667 3.333333333333333
-11.41052633377656 13.94272530657036 3.333333333333333
-12.64989109721363 17.3647327953202 6.666666666666666
-12.64989109713905 17.36473279537004 3.333333333333333
-14.05040779655856 13.08806037587373 10
-8.770644870994568 14.79739023726699 10
-9.168865352263722 18.94718926997001 13.33333333333333
-15.86403868367316 15.38286493220667 13.33333333333333
-11.41052633377656 13.94272530657036 13.33333333333333
-9.168865352263715 18.94718926997001 10
-15.86403868367316 15.38286493220667 10
-11.41052633377656 13.94272530657036 10
-12.64989109721363 17.3647327953202 13.33333333333333
-12.64989109721363 17.3647327953202 10
-14.05040779655856 13.08806037587373 16.66666666666666
-8.770644870994568 14.79739023726699 16.66666666666666
-9.168865352263722 18.94718926997001 20
-15.86403868367316 15.38286493220667 20
-11.41052633377656 13.94272530657036 20
-9.168865352263715 18.94718926997001 16.66666666666666
-15.86403868367316 15.38286493220667 16.66666666666666
-11.41052633377656 13.94272530657036 16.66666666666666
-12.64989109656156 17.36473279575591 20
-12.64989109688759 17.36473279553806 16.66666666666666
-14.05040779655856 13.08806037587373 23.33333333333333
-8.770644870994568 14.79739023726699 23.33333333333333
-9.168865352263722 18.94718926997001 26.66666666666666
-15.86403868367316 15.38286493220667 26.66666666666666
-11.41052633377656 13.94272530657036 26.66666666666666
-9.168865352263715 18.94718926997001 23.33333333333333
-15.86403868367316 15.38286493220667 23.33333333333334
-11.41052633377656 13.94272530657036 23.33333333333334
-12.64989109721363 17.3647327953202 26.66666666666666
-12.64989109688759 17.36473279553806 23.33333333333334
-14.05040779655856 13.08806037587373 30
-8.770644870994568 14.79739023726699 30
-9.168865352263722 18.94718926997001 33.33333333333334
-15.86403868367316 15.38286493220667 33.33333333333334
-11.41052633377656 13.94272530657036 33.33333333333334
-9.168865352263715 18.94718926997001 30
-15.86403868367316 15.38286493220667 30
-11.41052633377656 13.94272530657036 30
-12.64989109721363 17.3647327953202 33.33333333333334
-12.64989109721363 17.3647327953202 30
-14.05040779655856 13.08806037587373 36.66666666666667
-8.770644870994568 14.79739023726699 36.66666666666667
-9.168865352263719 18.94718926997001 36.66666666666667
-15.86403868367316 15.38286493220667 36.66666666666667
-11.41052633377656 13.94272530657036 36.66666666666667
-12.64989109713904 17.36473279537005 36.66666666666667
12.69814017217336 14.11107316040434 3.333333333333333
18.5782973883845 9.188767782608821 6.666666666666666
15.18790483035649 15.89437136559605 6.666666666666666
13.37887332313466 11.46076144604455 6.666666666666666
18.5782973883845 9.188767782608817 3.333333333333333
15.18790483035649 15.89437136559605 3.333333333333333
13.37887332313466 11.46076144604455 3.333333333333333
17.0828068051274 12.67500865106522 6.666666666666666
17.08280680441471 12.67500865213184 3.333333333333333
12.69814017217336 14.11107316040434 10
18.5782973883845 9.188767782608821 13.33333333333333
15.18790483035649 15.89437136559605 13.33333333333333
13.37887332313466 11.46076144604455 13.33333333333333
18.5782973883845 9.188767782608814 10
15.18790483035649 15.89437136559605 10
13.37887332313466 11.46076144604455 10
17.0828068051274 12.67500865106522 13.33333333333333
17.0828068051274 12.67500865106522 10
12.69814017217336 14.11107316040434 16.66666666666666
18.5782973883845 9.188767782608821 20
15.18790483035649 15.89437136559605 20
13.37887332313466 11.46076144604455 20
18.5782973883845 9.188767782608814 16.66666666666666
15.18790483035649 15.89437136559605 16.66666666666666
13.37887332313466 11.46076144604455 16.66666666666666
17.0828068116801 12.67500864125842 20
17.08280680840376 12.67500864616182 16.66666666666666
12.69814017217336 14.11107316040434 23.33333333333333
18.5782973883845 9.188767782608821 26.66666666666666
15.18790483035649 15.89437136559605 26.66666666666666
13.37887332313466 11.46076144604455 26.66666666666666
18.5782973883845 9.188767782608814 23.33333333333333
15.18790483035649 15.89437136559605 23.33333333333334
13.37887332313466 11.46076144604455 23.33333333333334
17.0828068051274 12.67500865106522 26.66666666666666
17.08280680840375 12.67500864616182 23.33333333333334
12.69814017217336 14.11107316040434 30
18.5782973883845 9.188767782608821 33.33333333333334
15.18790483035649 15.89437136559605 33.33333333333334
13.37887332313466 11.46076144604455 33.33333333333334
18.5782973883845 9.188767782608814 30
15.18790483035649 15.89437136559605 30
13.37887332313466 11.46076144604455 30
17.0828068051274 12.67500865106522 33.33333333333334
17.0828068051274 12.67500865106522 30
12.69814017217336 14.11107316040434 36.66666666666667
18.5782973883845 9.188767782608817 36.66666666666667
15.18790483035649 15.89437136559605 36.66666666666667
13.37887332313466 11.46076144604455 36.66666666666667
17.08280680441472 12.67500865213184 36.66666666666667
0.9886634169093487 -21.67203368992787 6.666666666666666
0.9886634169093487 -21.67203368992787 3.333333333333904
4.862480993756781 -20.76149999041868 6.666666666666666
4.862480993113793 -20.76149999054658 3.33333333333362
0.9886634169093487 -21.67203368992787 13.33333333333333
0.9886634169093487 -21.67203368992787 10.00000000000001
4.862480993756781 -20.76149999041868 13.33333333333333
4.862480993756778 -20.76149999041868 10
0.9886634169093487 -21.67203368992787 20
0.9886634169093487 -21.67203368992787 16.66666666666556
4.862480993756781 -20.76149999041868 20
4.862480993756778 -20.76149999041868 16.66666666666611
0.9886634169093487 -21.67203368992787 26.66666666666666
0.9886634169093487 -21.67203368992787 23.33333333333393
4.862480993756781 -20.76149999041868 26.66666666666666
4.862480993756778 -20.76149999041868 23.33333333333363
0.9886634169093487 -21.67203368992787 33.33333333333334
0.9886634169093487 -21.67203368992787 29.99999999999917
4.862480993756781 -20.76149999041868 33.33333333333334
4.862480993756778 -20.76149999041868 29.99999999999957
0.9886634169093487 -21.67203368992787 36.6666666666662
4.862480993113794 -20.76149999054658 36.66666666666644
-15.67146613764351 -0.2928725666223577 3.333333333333333
-20.33573306882176 -0.1464362833111789 6.666666666666666
-14.81014112935163 -4.183374304883792 6.666666666666666
-20.33573306882176 -0.1464362833111789 3.333333333333904
-14.81014112935163 -4.183374304883792 3.333333333333333
-19.66488656885031 -4.53031618199663 6.666666666666666
-19.66488656876696 -4.530316182415681 3.33333333333362
-15.67146613764351 -0.2928725666223577 10
-20.33573306882176 -0.1464362833111789 13.33333333333333
-14.81014112935163 -4.183374304883792 13.33333333333333
-20.33573306882176 -0.1464362833111789 10.00000000000001
-14.81014112935163 -4.183374304883792 10
-19.66488656885031 -4.53031618199663 13.33333333333333
-19.66488656885031 -4.530316181996627 10.00000000000001
-15.67146613764351 -0.2928725666223577 16.66666666666666
-20.33573306882176 -0.1464362833111789 20
-14.81014112935163 -4.183374304883792 20
-20.33573306882176 -0.1464362833111789 16.66666666666556
-14.81014112935163 -4.183374304883792 16.66666666666666
-19.66488656885031 -4.53031618199663 20
-19.66488656885031 -4.530316181996627 16.66666666666611
-15.67146613764351 -0.2928725666223577 23.33333333333333
-20.33573306882176 -0.1464362833111789 26.66666666666666
-14.81014112935163 -4.183374304883792 26.66666666666666
-20.33573306882176 -0.1464362833111789 23.33333333333393
-14.81014112935163 -4.183374304883792 23.33333333333334
-19.66488656885031 -4.53031618199663 26.66666666666666
-19.66488656885031 -4.530316181996627 23.33333333333363
-15.67146613764351 -0.2928725666223577 30
-20.33573306882176 -0.1464362833111789 33.33333333333334
-14.81014112935163 -4.183374304883792 33.33333333333334
-20.33573306882176 -0.1464362833111789 29.99999999999917
-14.81014112935163 -4.183374304883792 30
-19.66488656885031 -4.53031618199663 33.33333333333334
-19.66488656885031 -4.530316181996627 29.99999999999957
-15.67146613764351 -0.2928725666223577 36.66666666666667
-20.33573306882176 -0.1464362833111789 36.6666666666662
-14.81014112935163 -4.183374304883792 36.66666666666667
-19.66488656876696 -4.53031618241568 36.66666666666644
19.94565693499225 0.4096180748505011 6.666666666666666
19.94565693499226 0.4096180748505011 3.333333333333904
19.49754609019461 4.846050499901176 6.666666666666666
19.49754609011125 4.846050500320225 3.33333333333362
19.94565693499225 0.4096180748505011 13.33333333333333
19.94565693499226 0.4096180748505011 10.00000000000001
19.49754609019461 4.846050499901176 13.33333333333333
19.49754609019461 4.84605049990117 10.00000000000001
19.94565693499225 0.4096180748505011 20
19.94565693499226 0.4096180748505011 16.66666666666556
19.49754609019461 4.846050499901176 20
19.49754609019461 4.84605049990117 16.66666666666611
19.94565693499225 0.4096180748505011 26.66666666666666
19.94565693499226 0.4096180748505011 23.33333333333393
19.49754609019461 4.846050499901176 26.66666666666666
19.49754609019461 4.84605049990117 23.33333333333363
19.94565693499225 0.4096180748505011 33.33333333333334
19.94565693499226 0.4096180748505011 29.99999999999917
19.49754609019461 4.846050499901176 33.33333333333334
19.49754609019461 4.84605049990117 29.99999999999957
19.94565693499226 0.4096180748505011 36.6666666666662
19.49754609011125 4.846050500320224 36.66666666666644
-1.05902544930065 16.06754308862871 3.333333333333333
-0.5295127246503248 20.53377154431436 6.666666666666666
-4.914835160147609 15.43246666294785 6.666666666666666
-0.5295127246503248 20.53377154431436 3.333333333333904
-4.914835160147609 15.43246666294785 3.333333333333333
-4.896046611752616 19.97604933522591 6.666666666666666
-4.896046611109627 19.97604933535379 3.33333333333362
-1.05902544930065 16.06754308862871 10
-0.5295127246503248 20.53377154431436 13.33333333333333
-4.914835160147609 15.43246666294785 13.33333333333333
-0.5295127246503248 20.53377154431436 10.00000000000001
-4.914835160147609 15.43246666294785 10
-4.896046611752616 19.97604933522591 13.33333333333333
-4.896046611752611 19.9760493352259 10
-1.05902544930065 16.06754308862871 16.66666666666666
-0.5295127246503248 20.53377154431436 20
-4.914835160147609 15.43246666294785 20
-0.5295127246503248 20.53377154431436 16.66666666666556
-4.914835160147609 15.43246666294785 16.66666666666666
-4.896046611752616 19.97604933522591 20
-4.896046611752611 19.9760493352259 16.66666666666611
-1.05902544930065 16.06754308862871 23.33333333333333
-0.5295127246503248 20.53377154431436 26.66666666666666
-4.914835160147609 15.43246666294785 26.66666666666666
-0.5295127246503248 20.53377154431436 23.33333333333393
-4.914835160147609 15.43246666294785 23.33333333333334
-4.896046611752616 19.97604933522591 26.66666666666666
-4.896046611752611 19.9760493352259 23.33333333333363
-1.05902544930065 16.06754308862871 30
-0.5295127246503248 20.53377154431436 33.33333333333334
-4.914835160147609 15.43246666294785 33.33333333333334
-0.5295127246503248 20.53377154431436 29.99999999999917
-4.914835160147609 15.43246666294785 30
-4.896046611752616 19.97604933522591 33.33333333333334
-4.896046611752611 19.9760493352259 29.99999999999957
-1.05902544930065 16.06754308862871 36.66666666666667
-0.5295127246503248 20.53377154431436 36.6666666666662
-4.914835160147609 15.43246666294785 36.66666666666667
-4.896046611109627 19.9760493353538 36.66666666666644
18.7599398854119 -8.417764131511545 6.666666666666666
18.7599398854119 -8.417764131511552 3.333333333333333
17.28018618191548 -12.11395690191974 6.666666666666666
17.28018618196458 -12.11395690184625 3.333333333333333
18.7599398854119 -8.417764131511545 13.33333333333333
18.7599398854119 -8.41776413151155 10
17.28018618191548 -12.11395690191974 13.33333333333333
17.28018618191548 -12.11395690191974 10
18.7599398854119 -8.417764131511545 20
18.7599398854119 -8.41776413151155 16.66666666666666
17.28018618141687 -12.11395690266595 20
17.28018618166618 -12.11395690229285 16.66666666666666
18.7599398854119 -8.417764131511545 26.66666666666666
18.7599398854119 -8.41776413151155 23.33333333333334
17.28018618191548 -12.11395690191974 26.66666666666666
17.28018618166618 -12.11395690229285 23.33333333333334
18.7599398854119 -8.417764131511545 33.33333333333334
18.7599398854119 -8.41776413151155 30
17.28018618191548 -12.11395690191974 33.33333333333334
17.28018618191548 -12.11395690191974 30
18.7599398854119 -8.417764131511552 36.66666666666667
17.28018618196458 -12.11395690184625 36.66666666666667
-5.610921526084272 -19.00857157898935 6.666666666666666
-6.684123912774576 -14.22154687649237 6.666666666666666
-5.610921526084279 -19.00857157898934 3.333333333333333
-6.684123912774576 -14.22154687649237 3.333333333333333
-10.28668985385377 -17.50414360223679 6.666666666666666
-10.28668985201274 -17.50414360346693 3.333333333333333
-5.610921526084272 -19.00857157898935 13.33333333333333
-6.684123912774576 -14.22154687649237 13.33333333333333
-5.610921526084276 -19.00857157898935 10
-6.684123912774576 -14.22154687649237 10
-10.28668985385377 -17.50414360223679 13.33333333333333
-10.28668985385377 -17.5041436022368 10
-5.610921526084272 -19.00857157898935 20
-6.684123912774576 -14.22154687649237 20
-5.610921526084276 -19.00857157898935 16.66666666666666
-6.684123912774576 -14.22154687649237 16.66666666666666
-10.28668986240788 -17.50414359652112 20
-10.28668985813082 -17.50414359937896 16.66666666666666
-5.610921526084272 -19.00857157898935 26.66666666666666
-6.684123912774576 -14.22154687649237 26.66666666666666
-5.610921526084276 -19.00857157898935 23.33333333333334
-6.684123912774576 -14.22154687649237 23.33333333333334
-10.28668985385377 -17.50414360223679 26.66666666666666
-10.28668985813082 -17.50414359937896 23.33333333333334
-5.610921526084272 -19.00857157898935 33.33333333333334
-6.684123912774576 -14.22154687649237 33.33333333333334
-5.610921526084276 -19.00857157898935 30
-6.684123912774576 -14.22154687649237 30
-10.28668985385377 -17.50414360223679 33.33333333333334
-10.28668985385377 -17.5041436022368 30
-5.610921526084279 -19.00857157898934 36.66666666666667
-6.684123912774576 -14.22154687649237 36.66666666666667
-10.28668985201274 -17.50414360346693 36.66666666666667
-15.59392877806952 6.988944770567677 3.333333333333333
-19.34545855161569 8.278015274903861 6.666666666666666
-14.82216828731404 10.0385025732207 6.666666666666666
-19.34545855161569 8.278015274903868 3.333333333333333
-14.82216828731404 10.0385025732207 3.333333333333333
-17.8044543100097 11.96387918054175 6.666666666666666
-17.8044543100588 11.96387918046827 3.333333333333333
-15.59392877806952 6.988944770567677 10
-19.34545855161569 8.278015274903861 13.33333333333333
-14.82216828731404 10.0385025732207 13.33333333333333
-19.34545855161569 8.278015274903865 10
-14.82216828731404 10.0385025732207 10
-17.8044543100097 11.96387918054175 13.33333333333333
-17.8044543100097 11.96387918054176 10
-15.59392877806952 6.988944770567677 16.66666666666666
-19.34545855161569 8.278015274903861 20
-14.82216828731404 10.0385025732207 20
-19.34545855161569 8.278015274903865 16.66666666666666
-14.82216828731404 10.0385025732207 16.66666666666666
-17.80445430951109 11.96387918128797 20
-17.80445430976039 11.96387918091486 16.66666666666666
-15.59392877806952 6.988944770567677 23.33333333333333
-19.34545855161569 8.278015274903861 26.66666666666666
-14.82216828731404 10.0385025732207 26.66666666666666
-19.34545855161569 8.278015274903865 23.33333333333334
-14.82216828731404 10.0385025732207 23.33333333333334
-17.8044543100097 11.96387918054175 26.66666666666666
-17.80445430976039 11.96387918091486 23.33333333333334
-15.59392877806952 6.988944770567677 30
-19.34545855161569 8.278015274903861 33.33333333333334
-14.82216828731404 10.0385025732207 33.33333333333334
-19.34545855161569 8.278015274903865 30
-14.82216828731404 10.0385025732207 30
-17.8044543100097 11.96387918054175 33.33333333333334
-17.8044543100097 11.96387918054176 30
-15.59392877806952 6.988944770567677 36.66666666666667
-19.34545855161569 8.278015274903868 36.66666666666667
-14.82216828731404 10.0385025732207 36.66666666666667
-17.8044543100588 11.96387918046827 36.66666666666667
19.58836733552977 -4.0509306007901 6.666666666666666
19.58836733548679 -4.050930601006204 3.33333333333362
19.58836733552977 -4.0509306007901 13.33333333333333
19.58836733552977 -4.050930600790102 10.00000000000001
19.58836733552977 -4.0509306007901 20
19.58836733552977 -4.050930600790102 16.66666666666611
19.58836733552977 -4.0509306007901 26.66666666666666
19.58836733552977 -4.050930600790102 23.33333333333363
19.58836733552977 -4.0509306007901 33.33333333333334
19.58836733552977 -4.050930600790102 29.99999999999957
19.58836733548678 -4.050930601006204 36.66666666666644
6.480604857849528 15.84358102269652 3.333333333333333
8.023845318544787 19.47028467392919 6.666666666666666
9.589372515011446 14.97732709155043 6.666666666666666
8.023845318544794 19.47028467392919 3.333333333333333
9.589372515011446 14.97732709155043 3.333333333333333
11.73931415497221 17.88203370976582 6.666666666666666
11.73931415313118 17.88203371099597 3.333333333333333
6.480604857849528 15.84358102269652 10
8.023845318544787 19.47028467392919 13.33333333333333
9.589372515011446 14.97732709155043 13.33333333333333
8.02384531854479 19.47028467392919 10
9.589372515011446 14.97732709155043 10
11.73931415497221 17.88203370976582 13.33333333333333
11.73931415497221 17.88203370976582 10
6.480604857849528 15.84358102269652 16.66666666666666
8.023845318544787 19.47028467392919 20
9.589372515011446 14.97732709155043 20
8.02384531854479 19.47028467392919 16.66666666666666
9.589372515011446 14.97732709155043 16.66666666666666
11.73931416352632 17.88203370405015 20
11.73931415924927 17.88203370690799 16.66666666666666
6.480604857849528 15.84358102269652 23.33333333333333
8.023845318544787 19.47028467392919 26.66666666666666
9.589372515011446 14.97732709155043 26.66666666666666
8.02384531854479 19.47028467392919 23.33333333333334
9.589372515011446 14.97732709155043 23.33333333333334
11.73931415497221 17.88203370976582 26.66666666666666
11.73931415924926 17.88203370690799 23.33333333333334
6.480604857849528 15.84358102269652 30
8.023845318544787 19.47028467392919 33.33333333333334
9.589372515011446 14.97732709155043 33.33333333333334
8.02384531854479 19.47028467392919 30
9.589372515011446 14.97732709155043 30
11.73931415497221 17.88203370976582 33.33333333333334
11.73931415497221 17.88203370976582 30
6.480604857849528 15.84358102269652 36.66666666666667
8.023845318544794 19.47028467392919 36.66666666666667
9.589372515011446 14.97732709155043 36.66666666666667
11.73931415313118 17.88203371099596 36.66666666666667
-2.357986903576024 -20.57587150478126 6.666666666666666
-2.357986765527636 -20.5758715322408 3.33333333333362
-2.357986903576024 -20.57587150478126 13.33333333333333
-2.357986903576026 -20.57587150478126 10.00000000000001
-2.357986903576024 -20.57587150478126 20
-2.357986903576026 -20.57587150478126 16.66666666666611
-2.357986903576024 -20.57587150478126 26.66666666666666
-2.357986903576026 -20.57587150478126 23.33333333333363
-2.357986903576024 -20.57587150478126 33.33333333333334
-2.357986903576026 -20.57587150478126 29.99999999999957
-2.357986765527636 -20.5758715322408 36.66666666666644
-15.63269745785652 3.34803610197266 6.666666666666666
-15.63269745785652 3.34803610197266 3.333333333333333
-20.07616473554641 4.112647068255919 6.666666666666666
-20.07616473550343 4.112647068472024 3.33333333333362
-15.63269745785652 3.34803610197266 13.33333333333333
-15.63269745785652 3.348036101972659 10
-20.07616473554641 4.112647068255919 13.33333333333333
-20.07616473554641 4.11264706825592 10.00000000000001
-15.63269745785652 3.34803610197266 20
-15.63269745785652 3.348036101972659 16.66666666666666
-20.07616473554641 4.112647068255919 20
-20.07616473554641 4.11264706825592 16.66666666666611
-15.63269745785652 3.34803610197266 26.66666666666666
-15.63269745785652 3.348036101972659 23.33333333333334
-20.07616473554641 4.112647068255919 26.66666666666666
-20.07616473554641 4.11264706825592 23.33333333333363
-15.63269745785652 3.34803610197266 33.33333333333334
-15.63269745785652 3.348036101972659 30
-20.07616473554641 4.112647068255919 33.33333333333334
-20.07616473554641 4.11264706825592 29.99999999999957
-15.63269745785652 3.34803610197266 36.66666666666667
-20.07616473550343 4.112647068472023 36.66666666666644
2.710789704274439 15.95556205566261 6.666666666666666
2.710789704274439 15.95556205566261 3.333333333333333
3.794024145935794 20.23759697944443 6.666666666666666
3.794024007887406 20.23759700690396 3.33333333333362
2.710789704274439 15.95556205566261 13.33333333333333
2.710789704274439 15.95556205566261 10
3.794024145935794 20.23759697944443 13.33333333333333
3.794024145935795 20.23759697944442 10.00000000000001
2.710789704274439 15.95556205566261 20
2.710789704274439 15.95556205566261 16.66666666666666
3.794024145935794 20.23759697944443 20
3.794024145935795 20.23759697944442 16.66666666666611
2.710789704274439 15.95556205566261 26.66666666666666
2.710789704274439 15.95556205566261 23.33333333333334
3.794024145935794 20.23759697944443 26.66666666666666
3.794024145935795 20.23759697944442 23.33333333333363
2.710789704274439 15.95556205566261 33.33333333333334
2.710789704274439 15.95556205566261 30
3.794024145935794 20.23759697944443 33.33333333333334
3.794024145935795 20.23759697944442 29.99999999999957
2.710789704274439 15.95556205566261 36.66666666666667
3.794024007887406 20.23759700690395 36.66666666666644
-1.148978161521576 1.058079440226239 3.333333333333333
-1.026204543853062 -1.754818365394507 6.666666666666666
2.595013545360074 1.160112005468386 6.666666666666666
-1.026204543853062 -1.754818365394507 3.333333333333333
2.595013545360074 1.160112005468386 3.333333333333333
2.340100048486783 -2.521510723395618 6.666666666666666
2.340100048486784 -2.521510723395618 3.333333333333333
-1.148978161521576 1.058079440226239 10
-1.026204543853062 -1.754818365394507 13.33333333333333
2.595013545360074 1.160112005468386 13.33333333333333
-1.026204543853062 -1.754818365394507 10
2.595013545360074 1.160112005468386 10
2.340100048486783 -2.521510723395618 13.33333333333333
2.340100048486784 -2.521510723395618 10
-1.148978161521576 1.058079440226239 16.66666666666666
-1.026204543853062 -1.754818365394507 20
2.595013545360074 1.160112005468386 20
-1.026204543853062 -1.754818365394507 16.66666666666666
2.595013545360074 1.160112005468386 16.66666666666666
2.340100048486783 -2.521510723395618 20
2.340100048486784 -2.521510723395618 16.66666666666666
-1.148978161521576 1.058079440226239 23.33333333333333
-1.026204543853062 -1.754818365394507 26.66666666666666
2.595013545360074 1.160112005468386 26.66666666666666
-1.026204543853062 -1.754818365394507 23.33333333333334
2.595013545360074 1.160112005468386 23.33333333333333
2.340100048486783 -2.521510723395618 26.66666666666666
2.340100048486784 -2.521510723395618 23.33333333333334
-1.148978161521576 1.058079440226239 30
-1.026204543853062 -1.754818365394507 33.33333333333334
2.595013545360074 1.160112005468386 33.33333333333334
-1.026204543853062 -1.754818365394507 30
2.595013545360074 1.160112005468386 30
2.340100048486783 -2.521510723395618 33.33333333333334
2.340100048486784 -2.521510723395618 30
-1.148978161521576 1.058079440226239 36.66666666666667
-1.026204543853062 -1.754818365394507 36.66666666666667
2.595013545360074 1.160112005468386 36.66666666666667
2.340100048486784 -2.521510723395618 36.66666666666667
-1.232535058094681 8.370108128795279 3.333333333333333
2.45152189899869 8.549231168407813 6.666666666666666
-1.190756609808128 4.714093784510759 6.666666666666666
2.45152189899869 8.549231168407813 3.333333333333333
-1.190756609808128 4.714093784510759 3.333333333333333
2.523267722179383 4.8546715869381 6.666666666666666
2.523267722179383 4.8546715869381 3.333333333333333
-1.232535058094681 8.370108128795279 10
2.45152189899869 8.549231168407813 13.33333333333333
-1.190756609808128 4.714093784510759 13.33333333333333
2.45152189899869 8.549231168407813 10
-1.190756609808128 4.714093784510759 10
2.523267722179383 4.8546715869381 13.33333333333333
2.523267722179383 4.8546715869381 10
-1.232535058094681 8.370108128795279 16.66666666666666
2.45152189899869 8.549231168407813 20
-1.190756609808128 4.714093784510759 20
2.45152189899869 8.549231168407813 16.66666666666666
-1.190756609808128 4.714093784510759 16.66666666666666
2.523267722179383 4.8546715869381 20
2.523267722179383 4.8546715869381 16.66666666666666
-1.232535058094681 8.370108128795279 23.33333333333333
2.45152189899869 8.549231168407813 26.66666666666666
-1.190756609808128 4.714093784510759 26.66666666666666
2.45152189899869 8.549231168407813 23.33333333333334
-1.190756609808128 4.714093784510759 23.33333333333334
2.523267722179383 4.8546715869381 26.66666666666666
2.523267722179383 4.8546715869381 23.33333333333334
-1.232535058094681 8.370108128795279 30
2.45152189899869 8.549231168407813 33.33333333333334
-1.190756609808128 4.714093784510759 33.33333333333334
2.45152189899869 8.549231168407813 30
-1.190756609808128 4.714093784510759 30
2.523267722179383 4.8546715869381 33.33333333333334
2.523267722179383 4.8546715869381 30
-1.232535058094681 8.370108128795279 36.66666666666667
2.45152189899869 8.549231168407813 36.66666666666667
-1.190756609808128 4.714093784510759 36.66666666666667
2.523267722179383 4.8546715869381 36.66666666666667
-8.174671485990801 0.2227816903129095 3.333333333333333
-11.92306881181716 -0.03504543815472413 6.666666666666666
-10.0365646894824 -7.24806384960864 6.666666666666666
-7.149492371947924 -3.099734982879572 6.666666666666666
-11.92306881181716 -0.03504543815472411 3.333333333333333
-10.0365646894824 -7.24806384960864 3.333333333333333
-7.149492371947924 -3.099734982879572 3.333333333333333
-10.97981675064978 -3.641554643881682 6.666666666666666
-10.97981675064978 -3.641554643881682 3.333333333333333
-8.174671485990801 0.2227816903129095 10
-11.92306881181716 -0.03504543815472413 13.33333333333333
-10.0365646894824 -7.24806384960864 13.33333333333333
-7.149492371947924 -3.099734982879572 13.33333333333333
-11.92306881181716 -0.03504543815472412 10
-10.0365646894824 -7.24806384960864 10
-7.149492371947924 -3.099734982879572 10
-10.97981675064978 -3.641554643881682 13.33333333333333
-10.97981675064978 -3.641554643881682 10
-8.174671485990801 0.2227816903129095 16.66666666666666
-11.92306881181716 -0.03504543815472413 20
-10.0365646894824 -7.24806384960864 20
-7.149492371947924 -3.099734982879572 20
-11.92306881181716 -0.03504543815472412 16.66666666666666
-10.0365646894824 -7.24806384960864 16.66666666666666
-7.149492371947924 -3.099734982879572 16.66666666666666
-10.97981675064978 -3.641554643881682 20
-10.97981675064978 -3.641554643881682 16.66666666666666
-8.174671485990801 0.2227816903129095 23.33333333333333
-11.92306881181716 -0.03504543815472413 26.66666666666666
-10.0365646894824 -7.24806384960864 26.66666666666666
-7.149492371947924 -3.099734982879572 26.66666666666666
-11.92306881181716 -0.03504543815472412 23.33333333333333
-10.0365646894824 -7.24806384960864 23.33333333333334
-7.149492371947924 -3.099734982879572 23.33333333333334
-10.97981675064978 -3.641554643881682 26.66666666666666
-10.97981675064978 -3.641554643881682 23.33333333333334
-8.174671485990801 0.2227816903129095 30
-11.92306881181716 -0.03504543815472413 33.33333333333334
-10.0365646894824 -7.24806384960864 33.33333333333334
-7.149492371947924 -3.099734982879572 33.33333333333334
-11.92306881181716 -0.03504543815472412 30
-10.0365646894824 -7.24806384960864 30
-7.149492371947924 -3.099734982879572 30
-10.97981675064978 -3.641554643881682 33.33333333333334
-10.97981675064978 -3.641554643881682 30
-8.174671485990801 0.2227816903129095 36.66666666666667
-11.92306881181716 -0.03504543815472412 36.66666666666667
-10.0365646894824 -7.24806384960864 36.66666666666667
-7.149492371947924 -3.099734982879572 36.66666666666667
-10.97981675064978 -3.641554643881682 36.66666666666667
-4.661824823756189 0.6404305652695741 6.666666666666666
-4.661824823756189 0.6404305652695741 3.333333333333333
-4.087848457900493 -2.42727667413704 6.666666666666666
-4.087848457900492 -2.42727667413704 3.333333333333333
-4.661824823756189 0.6404305652695741 13.33333333333333
-4.661824823756189 0.6404305652695741 10
-4.087848457900493 -2.42727667413704 13.33333333333333
-4.087848457900492 -2.42727667413704 10
-4.661824823756189 0.6404305652695741 20
-4.661824823756189 0.6404305652695741 16.66666666666666
-4.087848457900493 -2.42727667413704 20
-4.087848457900492 -2.42727667413704 16.66666666666666
-4.661824823756189 0.6404305652695741 26.66666666666666
-4.661824823756189 0.6404305652695741 23.33333333333334
-4.087848457900493 -2.42727667413704 26.66666666666666
-4.087848457900492 -2.42727667413704 23.33333333333334
-4.661824823756189 0.6404305652695741 33.33333333333334
-4.661824823756189 0.6404305652695741 30
-4.087848457900493 -2.42727667413704 33.33333333333334
-4.087848457900492 -2.42727667413704 30
-4.661824823756189 0.6404305652695741 36.66666666666667
-4.087848457900492 -2.42727667413704 36.66666666666667
6.308091856970794 12.28596761535844 6.666666666666666
6.308091856970794 12.28596761535844 3.333333333333333
9.84348259005273 11.87336453070149 6.666666666666666
9.84348259005273 11.87336453070149 3.333333333333333
6.308091856970794 12.28596761535844 13.33333333333333
6.308091856970794 12.28596761535844 10
9.84348259005273 11.87336453070149 13.33333333333333
9.84348259005273 11.87336453070149 10
6.308091856970794 12.28596761535844 20
6.308091856970794 12.28596761535844 16.66666666666666
9.84348259005273 11.87336453070149 20
9.84348259005273 11.87336453070149 16.66666666666666
6.308091856970794 12.28596761535844 26.66666666666666
6.308091856970794 12.28596761535844 23.33333333333334
9.84348259005273 11.87336453070149 26.66666666666666
9.84348259005273 11.87336453070149 23.33333333333334
6.308091856970794 12.28596761535844 33.33333333333334
6.308091856970794 12.28596761535844 30
9.84348259005273 11.87336453070149 33.33333333333334
9.84348259005273 11.87336453070149 30
6.308091856970794 12.28596761535844 36.66666666666667
9.84348259005273 11.87336453070149 36.66666666666667
-8.482558992074184 7.556884220393408 3.333333333333333
-8.328615239032493 3.889832955353159 6.666666666666666
-12.03824388507185 7.272914495480542 6.666666666666666
-8.328615239032493 3.889832955353159 3.333333333333333
-12.03824388507185 7.272914495480542 3.333333333333333
-11.9806563484445 3.618934528662908 6.666666666666666
-11.98065634844451 3.618934528662908 3.333333333333333
-8.482558992074184 7.556884220393408 10
-8.328615239032493 3.889832955353159 13.33333333333333
-12.03824388507185 7.272914495480542 13.33333333333333
-8.328615239032493 3.889832955353159 10
-12.03824388507185 7.272914495480542 10
-11.9806563484445 3.618934528662908 13.33333333333333
-11.98065634844451 3.618934528662908 10
-8.482558992074184 7.556884220393408 16.66666666666666
-8.328615239032493 3.889832955353159 20
-12.03824388507185 7.272914495480542 20
-8.328615239032493 3.889832955353159 16.66666666666666
-12.03824388507185 7.272914495480542 16.66666666666666
-11.9806563484445 3.618934528662908 20
-11.98065634844451 3.618934528662908 16.66666666666666
-8.482558992074184 7.556884220393408 23.33333333333333
-8.328615239032493 3.889832955353159 26.66666666666666
-12.03824388507185 7.272914495480542 26.66666666666666
-8.328615239032493 3.889832955353159 23.33333333333334
-12.03824388507185 7.272914495480542 23.33333333333334
-11.9806563484445 3.618934528662908 26.66666666666666
-11.98065634844451 3.618934528662908 23.33333333333334
-8.482558992074184 7.556884220393408 30
-8.328615239032493 3.889832955353159 33.33333333333334
-12.03824388507185 7.272914495480542 33.33333333333334
-8.328615239032493 3.889832955353159 30
-12.03824388507185 7.272914495480542 30
-11.9806563484445 3.618934528662908 33.33333333333334
-11.98065634844451 3.618934528662908 30
-8.482558992074184 7.556884220393408 36.66666666666667
-8.328615239032493 3.889832955353159 36.66666666666667
-12.03824388507185 7.272914495480542 36.66666666666667
-11.98065634844451 3.618934528662908 36.66666666666667
-4.857547025084433 7.963496174594344 6.666666666666666
-4.857547025084433 7.963496174594344 3.333333333333333
-4.759685924420311 4.301963369931958 6.666666666666666
-4.759685924420309 4.301963369931958 3.333333333333333
-4.857547025084433 7.963496174594344 13.33333333333333
-4.857547025084433 7.963496174594344 10
-4.759685924420311 4.301963369931958 13.33333333333333
-4.759685924420309 4.301963369931958 10
-4.857547025084433 7.963496174594344 20
-4.857547025084433 7.963496174594344 16.66666666666666
-4.759685924420311 4.301963369931958 20
-4.759685924420309 4.301963369931958 16.66666666666666
-4.857547025084433 7.963496174594344 26.66666666666666
-4.857547025084433 7.963496174594344 23.33333333333334
-4.759685924420311 4.301963369931958 26.66666666666666
-4.759685924420309 4.301963369931958 23.33333333333334
-4.857547025084433 7.963496174594344 33.33333333333334
-4.857547025084433 7.963496174594344 30
-4.759685924420311 4.301963369931958 33.33333333333334
-4.759685924420309 4.301963369931958 30
-4.857547025084433 7.963496174594344 36.66666666666667
-4.759685924420309 4.301963369931958 36.66666666666667
-8.626601931534376 11.1771372288302 6.666666666666666
-8.626601931534376 11.1771372288302 3.333333333333333
-11.72438510942421 10.60781990102545 6.666666666666666
-11.72438510942421 10.60781990102545 3.333333333333333
-8.626601931534376 11.1771372288302 13.33333333333333
-8.626601931534376 11.1771372288302 10
-11.72438510942421 10.60781990102545 13.33333333333333
-11.72438510942421 10.60781990102545 10
-8.626601931534376 11.1771372288302 20
-8.626601931534376 11.1771372288302 16.66666666666666
-11.72438510942421 10.60781990102545 20
-11.72438510942421 10.60781990102545 16.66666666666666
-8.626601931534376 11.1771372288302 26.66666666666666
-8.626601931534376 11.1771372288302 23.33333333333333
-11.72438510942421 10.60781990102545 26.66666666666666
-11.72438510942421 10.60781990102545 23.33333333333334
-8.626601931534376 11.1771372288302 33.33333333333334
-8.626601931534376 11.1771372288302 30
-11.72438510942421 10.60781990102545 33.33333333333334
-11.72438510942421 10.60781990102545 30
-8.626601931534376 11.1771372288302 36.66666666666667
-11.72438510942421 10.60781990102545 36.66666666666667
-8.360344301128489 -10.7348053630505 6.666666666666666
-8.360344301128491 -10.7348053630505 3.333333333333333
-8.360344301128489 -10.7348053630505 13.33333333333333
-8.360344301128491 -10.7348053630505 10
-8.360344301128489 -10.7348053630505 20
-8.360344301128491 -10.7348053630505 16.66666666666666
-8.360344301128489 -10.7348053630505 26.66666666666666
-8.360344301128491 -10.7348053630505 23.33333333333334
-8.360344301128489 -10.7348053630505 33.33333333333334
-8.360344301128491 -10.7348053630505 30
-8.360344301128491 -10.7348053630505 36.66666666666667
-1.145780253697665 12.21882560871199 6.666666666666666
-1.145780253697665 12.21882560871199 3.333333333333333
-4.886191092616021 11.6979814187711 6.666666666666666
-4.88619109261602 11.69798141877109 3.333333333333333
-1.145780253697665 12.21882560871199 13.33333333333333
-1.145780253697665 12.21882560871199 10
-4.886191092616021 11.6979814187711 13.33333333333333
-4.88619109261602 11.69798141877109 10
-1.145780253697665 12.21882560871199 20
-1.145780253697665 12.21882560871199 16.66666666666666
-4.886191092616021 11.6979814187711 20
-4.88619109261602 11.69798141877109 16.66666666666666
-1.145780253697665 12.21882560871199 26.66666666666666
-1.145780253697665 12.21882560871199 23.33333333333334
-4.886191092616021 11.6979814187711 26.66666666666666
-4.88619109261602 11.69798141877109 23.33333333333334
-1.145780253697665 12.21882560871199 33.33333333333334
-1.145780253697665 12.21882560871199 30
-4.886191092616021 11.6979814187711 33.33333333333334
-4.88619109261602 11.69798141877109 30
-1.145780253697665 12.21882560871199 36.66666666666667
-4.88619109261602 11.69798141877109 36.66666666666667
2.581155801636565 12.25239661203521 6.666666666666666
2.581155801636566 12.25239661203521 3.333333333333333
2.581155801636565 12.25239661203521 13.33333333333333
2.581155801636566 12.25239661203521 10
2.581155801636565 12.25239661203521 20
2.581155801636566 12.25239661203521 16.66666666666666
2.581155801636565 12.25239661203521 26.66666666666666
2.581155801636566 12.25239661203521 23.33333333333334
2.581155801636565 12.25239661203521 33.33333333333334
2.581155801636566 12.25239661203521 30
2.581155801636566 12.25239661203521 36.66666666666667
$EndNodes
$Elements
7 352 1 352
2 1 10 32
1 123 110 124 113 134 135 136 137 138 
2 123 121 132 110 139 140 141 134 142 
3 117 118 123 111 143 144 145 146 147 
4 117 116 119 118 148 149 150 143 151 
5 111 123 113 127 145 137 152 153 154 
6 30 31 127 113 34 155 152 156 157 
7 23 24 128 114 27 158 159 160 161 
8 16 17 129 115 20 162 163 164 165 
9 9 10 130 116 13 166 167 168 169 
10 4 30 113 124 33 156 136 170 171 
11 3 23 114 125 26 160 172 173 174 
12 1 9 116 117 12 168 148 175 176 
13 2 16 115 126 19 164 177 178 179 
14 31 32 111 127 35 180 153 155 181 
15 24 25 110 128 28 182 183 158 184 
16 17 18 112 129 21 185 186 162 187 
17 32 1 117 111 36 175 146 180 188 
18 10 11 109 130 14 189 190 166 191 
19 25 4 124 110 29 170 135 182 192 
20 18 3 125 112 22 173 193 185 194 
21 11 2 126 109 15 178 195 189 196 
22 120 121 123 118 197 139 144 198 199 
23 118 119 133 120 150 200 201 198 202 
24 125 114 132 122 172 203 204 205 206 
25 120 122 132 121 207 204 140 197 208 
26 116 130 109 119 167 190 209 149 210 
27 125 122 131 112 205 211 212 193 213 
28 133 131 122 120 214 211 207 201 215 
29 115 129 112 131 163 186 212 216 217 
30 114 128 110 132 159 183 141 203 218 
31 131 133 126 115 214 219 177 216 220 
32 119 109 126 133 209 195 219 200 221 
2 13 10 24
33 1 9 222 65 12 237 238 70 239 
34 65 222 223 66 238 240 241 71 242 
35 66 223 224 67 241 243 244 72 245 
36 67 224 225 68 244 246 247 73 248 
37 68 225 226 69 247 249 250 74 251 
38 69 226 37 5 250 252 40 75 253 
39 9 10 227 222 13 254 255 237 256 
40 222 227 228 223 255 257 258 240 259 
41 223 228 229 224 258 260 261 243 262 
42 224 229 230 225 261 263 264 246 265 
43 225 230 231 226 264 266 267 249 268 
44 226 231 38 37 267 269 41 252 270 
45 10 11 232 227 14 271 272 254 273 
46 227 232 233 228 272 274 275 257 276 
47 228 233 234 229 275 277 278 260 279 
48 229 234 235 230 278 280 281 263 282 
49 230 235 236 231 281 283 284 266 285 
50 231 236 39 38 284 286 42 269 287 
51 11 2 76 232 15 81 288 271 289 
52 232 76 77 233 288 82 290 274 291 
53 233 77 78 234 290 83 292 277 293 
54 234 78 79 235 292 84 294 280 295 
55 235 79 80 236 294 85 296 283 297 
56 236 80 6 39 296 86 43 286 298 
2 17 10 24
57 2 16 299 76 19 314 315 81 316 
58 76 299 300 77 315 317 318 82 319 
59 77 300 301 78 318 320 321 83 322 
60 78 301 302 79 321 323 324 84 325 
61 79 302 303 80 324 326 327 85 328 
62 80 303 44 6 327 329 47 86 330 
63 16 17 304 299 20 331 332 314 333 
64 299 304 305 300 332 334 335 317 336 
65 300 305 306 301 335 337 338 320 339 
66 301 306 307 302 338 340 341 323 342 
67 302 307 308 303 341 343 344 326 345 
68 303 308 45 44 344 346 48 329 347 
69 17 18 309 304 21 348 349 331 350 
70 304 309 310 305 349 351 352 334 353 
71 305 310 311 306 352 354 355 337 356 
72 306 311 312 307 355 357 358 340 359 
73 307 312 313 308 358 360 361 343 362 
74 308 313 46 45 361 363 49 346 364 
75 18 3 87 309 22 92 365 348 366 
76 309 87 88 310 365 93 367 351 368 
77 310 88 89 311 367 94 369 354 370 
78 311 89 90 312 369 95 371 357 372 
79 312 90 91 313 371 96 373 360 374 
80 313 91 7 46 373 97 50 363 375 
2 21 10 24
81 3 23 376 87 26 391 392 92 393 
82 87 376 377 88 392 394 395 93 396 
83 88 377 378 89 395 397 398 94 399 
84 89 378 379 90 398 400 401 95 402 
85 90 379 380 91 401 403 404 96 405 
86 91 380 51 7 404 406 54 97 407 
87 23 24 381 376 27 408 409 391 410 
88 376 381 382 377 409 411 412 394 413 
89 377 382 383 378 412 414 415 397 416 
90 378 383 384 379 415 417 418 400 419 
91 379 384 385 380 418 420 421 403 422 
92 380 385 52 51 421 423 55 406 424 
93 24 25 386 381 28 425 426 408 427 
94 381 386 387 382 426 428 429 411 430 
95 382 387 388 383 429 431 432 414 433 
96 383 388 389 384 432 434 435 417 436 
97 384 389 390 385 435 437 438 420 439 
98 385 390 53 52 438 440 56 423 441 
99 25 4 98 386 29 103 442 425 443 
100 386 98 99 387 442 104 444 428 445 
101 387 99 100 388 444 105 446 431 447 
102 388 100 101 389 446 106 448 434 449 
103 389 101 102 390 448 107 450 437 451 
104 390 102 8 53 450 108 57 440 452 
2 25 10 24
105 4 30 453 98 33 468 469 103 470 
106 98 453 454 99 469 471 472 104 473 
107 99 454 455 100 472 474 475 105 476 
108 100 455 456 101 475 477 478 106 479 
109 101 456 457 102 478 480 481 107 482 
110 102 457 58 8 481 483 61 108 484 
111 30 31 458 453 34 485 486 468 487 
112 453 458 459 454 486 488 489 471 490 
113 454 459 460 455 489 491 492 474 493 
114 455 460 461 456 492 494 495 477 496 
115 456 461 462 457 495 497 498 480 499 
116 457 462 59 58 498 500 62 483 501 
117 31 32 463 458 35 502 503 485 504 
118 458 463 464 459 503 505 506 488 507 
119 459 464 465 460 506 508 509 491 510 
120 460 465 466 461 509 511 512 494 513 
121 461 466 467 462 512 514 515 497 516 
122 462 467 60 59 515 517 63 500 518 
123 32 1 65 463 36 70 519 502 520 
124 463 65 66 464 519 71 521 505 522 
125 464 66 67 465 521 72 523 508 524 
126 465 67 68 466 523 73 525 511 526 
127 466 68 69 467 525 74 527 514 528 
128 467 69 5 60 527 75 64 517 529 
2 26 10 32
129 544 531 545 534 555 556 557 558 559 
130 544 542 553 531 560 561 562 555 563 
131 538 539 544 532 564 565 566 567 568 
132 538 537 540 539 569 570 571 564 572 
133 532 544 534 548 566 558 573 574 575 
134 58 59 548 534 62 576 573 577 578 
135 51 52 549 535 55 579 580 581 582 
136 44 45 550 536 48 583 584 585 586 
137 37 38 551 537 41 587 588 589 590 
138 8 58 534 545 61 577 557 591 592 
139 7 51 535 546 54 581 593 594 595 
140 5 37 537 538 40 589 569 596 597 
141 6 44 536 547 47 585 598 599 600 
142 59 60 532 548 63 601 574 576 602 
143 52 53 531 549 56 603 604 579 605 
144 45 46 533 550 49 606 607 583 608 
145 60 5 538 532 64 596 567 601 609 
146 38 39 530 551 42 610 611 587 612 
147 53 8 545 531 57 591 556 603 613 
148 46 7 546 533 50 594 614 606 615 
149 39 6 547 530 43 599 616 610 617 
150 541 542 544 539 618 560 565 619 620 
151 539 540 554 541 571 621 622 619 623 
152 546 535 553 543 593 624 625 626 627 
153 541 543 553 542 628 625 561 618 629 
154 537 551 530 540 588 611 630 570 631 
155 546 543 552 533 626 632 633 614 634 
156 554 552 543 541 635 632 628 622 636 
157 536 550 533 552 584 607 633 637 638 
158 535 549 531 553 580 604 562 624 639 
159 552 554 547 536 635 640 598 637 641 
160 540 530 547 554 630 616 640 621 642 
3 1 12 192
161 123 110 124 113 713 648 718 663 134 137 768 135 769 136 770 771 772 773 774 775 138 776 777 778 779 780 781 
162 713 648 718 663 714 649 719 664 772 773 782 774 783 775 784 785 786 787 788 789 780 790 791 792 793 794 795 
163 714 649 719 664 715 650 720 665 786 787 796 788 797 789 798 799 800 801 802 803 794 804 805 806 807 808 809 
164 715 650 720 665 716 651 721 666 800 801 810 802 811 803 812 813 814 815 816 817 808 818 819 820 821 822 823 
165 716 651 721 666 717 652 722 667 814 815 824 816 825 817 826 827 828 829 830 831 822 832 833 834 835 836 837 
166 717 652 722 667 544 531 545 534 828 829 838 830 839 831 840 841 555 558 556 557 836 842 843 844 845 559 846 
167 123 121 132 110 713 703 758 648 139 134 768 140 847 141 848 769 849 772 850 851 142 852 776 853 854 855 856 
168 713 703 758 648 714 704 759 649 849 772 782 850 857 851 858 783 859 786 860 861 855 862 790 863 864 865 866 
169 714 704 759 649 715 705 760 650 859 786 796 860 867 861 868 797 869 800 870 871 865 872 804 873 874 875 876 
170 715 705 760 650 716 706 761 651 869 800 810 870 877 871 878 811 879 814 880 881 875 882 818 883 884 885 886 
171 716 706 761 651 717 707 762 652 879 814 824 880 887 881 888 825 889 828 890 891 885 892 832 893 894 895 896 
172 717 707 762 652 544 542 553 531 889 828 838 890 897 891 898 839 560 555 561 562 895 899 842 900 901 563 902 
173 117 118 123 111 683 688 713 653 143 146 903 144 904 145 768 905 906 907 908 909 147 910 911 912 913 914 915 
174 683 688 713 653 684 689 714 654 906 907 916 908 917 909 782 918 919 920 921 922 914 923 924 925 926 927 928 
175 684 689 714 654 685 690 715 655 919 920 929 921 930 922 796 931 932 933 934 935 927 936 937 938 939 940 941 
176 685 690 715 655 686 691 716 656 932 933 942 934 943 935 810 944 945 946 947 948 940 949 950 951 952 953 954 
177 686 691 716 656 687 692 717 657 945 946 955 947 956 948 824 957 958 959 960 961 953 962 963 964 965 966 967 
178 687 692 717 657 538 539 544 532 958 959 968 960 969 961 838 970 564 567 565 566 966 971 972 973 974 568 975 
179 117 116 119 118 683 678 693 688 148 143 903 149 976 150 977 904 978 906 979 980 151 981 910 982 983 984 985 
180 683 678 693 688 684 679 694 689 978 906 916 979 986 980 987 917 988 919 989 990 984 991 923 992 993 994 995 
181 684 679 694 689 685 680 695 690 988 919 929 989 996 990 997 930 998 932 999 1000 994 1001 936 1002 1003 1004 1005 
182 685 680 695 690 686 681 696 691 998 932 942 999 1006 1000 1007 943 1008 945 1009 1010 1004 1011 949 1012 1013 1014 1015 
183 686 681 696 691 687 682 697 692 1008 945 955 1009 1016 1010 1017 956 1018 958 1019 1020 1014 1021 962 1022 1023 1024 1025 
184 687 682 697 692 538 537 540 539 1018 958 968 1019 1026 1020 1027 969 569 564 570 571 1024 1028 971 1029 1030 572 1031 
185 111 123 113 127 653 713 663 733 145 153 905 137 768 152 771 1032 909 1033 773 1034 154 913 1035 777 1036 1037 1038 
186 653 713 663 733 654 714 664 734 909 1033 918 773 782 1034 785 1039 922 1040 787 1041 1037 926 1042 791 1043 1044 1045 
187 654 714 664 734 655 715 665 735 922 1040 931 787 796 1041 799 1046 935 1047 801 1048 1044 939 1049 805 1050 1051 1052 
188 655 715 665 735 656 716 666 736 935 1047 944 801 810 1048 813 1053 948 1054 815 1055 1051 952 1056 819 1057 1058 1059 
189 656 716 666 736 657 717 667 737 948 1054 957 815 824 1055 827 1060 961 1061 829 1062 1058 965 1063 833 1064 1065 1066 
190 657 717 667 737 532 544 534 548 961 1061 970 829 838 1062 841 1067 566 574 558 573 1065 974 1068 843 1069 575 1070 
191 30 31 127 113 453 458 733 663 34 156 468 155 485 152 1032 771 486 1071 1072 1034 157 487 1073 1074 1036 1075 1076 
192 453 458 733 663 454 459 734 664 486 1071 471 1072 488 1034 1039 785 489 1077 1078 1041 1075 490 1079 1080 1043 1081 1082 
193 454 459 734 664 455 460 735 665 489 1077 474 1078 491 1041 1046 799 492 1083 1084 1048 1081 493 1085 1086 1050 1087 1088 
194 455 460 735 665 456 461 736 666 492 1083 477 1084 494 1048 1053 813 495 1089 1090 1055 1087 496 1091 1092 1057 1093 1094 
195 456 461 736 666 457 462 737 667 495 1089 480 1090 497 1055 1060 827 498 1095 1096 1062 1093 499 1097 1098 1064 1099 1100 
196 457 462 737 667 58 59 548 534 498 1095 483 1096 500 1062 1067 841 62 577 576 573 1099 501 1101 1102 1069 578 1103 
197 23 24 128 114 376 381 738 668 27 160 391 158 408 159 1104 1105 409 1106 1107 1108 161 410 1109 1110 1111 1112 1113 
198 376 381 738 668 377 382 739 669 409 1106 394 1107 411 1108 1114 1115 412 1116 1117 1118 1112 413 1119 1120 1121 1122 1123 
199 377 382 739 669 378 383 740 670 412 1116 397 1117 414 1118 1124 1125 415 1126 1127 1128 1122 416 1129 1130 1131 1132 1133 
200 378 383 740 670 379 384 741 671 415 1126 400 1127 417 1128 1134 1135 418 1136 1137 1138 1132 419 1139 1140 1141 1142 1143 
201 379 384 741 671 380 385 742 672 418 1136 403 1137 420 1138 1144 1145 421 1146 1147 1148 1142 422 1149 1150 1151 1152 1153 
202 380 385 742 672 51 52 549 535 421 1146 406 1147 423 1148 1154 1155 55 581 579 580 1152 424 1156 1157 1158 582 1159 
203 16 17 129 115 299 304 743 673 20 164 314 162 331 163 1160 1161 332 1162 1163 1164 165 333 1165 1166 1167 1168 1169 
204 299 304 743 673 300 305 744 674 332 1162 317 1163 334 1164 1170 1171 335 1172 1173 1174 1168 336 1175 1176 1177 1178 1179 
205 300 305 744 674 301 306 745 675 335 1172 320 1173 337 1174 1180 1181 338 1182 1183 1184 1178 339 1185 1186 1187 1188 1189 
206 301 306 745 675 302 307 746 676 338 1182 323 1183 340 1184 1190 1191 341 1192 1193 1194 1188 342 1195 1196 1197 1198 1199 
207 302 307 746 676 303 308 747 677 341 1192 326 1193 343 1194 1200 1201 344 1202 1203 1204 1198 345 1205 1206 1207 1208 1209 
208 303 308 747 677 44 45 550 536 344 1202 329 1203 346 1204 1210 1211 48 585 583 584 1208 347 1212 1213 1214 586 1215 
209 9 10 130 116 222 227 748 678 13 168 237 166 254 167 1216 976 255 1217 1218 1219 169 256 1220 1221 1222 1223 1224 
210 222 227 748 678 223 228 749 679 255 1217 240 1218 257 1219 1225 986 258 1226 1227 1228 1223 259 1229 1230 1231 1232 1233 
211 223 228 749 679 224 229 750 680 258 1226 243 1227 260 1228 1234 996 261 1235 1236 1237 1232 262 1238 1239 1240 1241 1242 
212 224 229 750 680 225 230 751 681 261 1235 246 1236 263 1237 1243 1006 264 1244 1245 1246 1241 265 1247 1248 1249 1250 1251 
213 225 230 751 681 226 231 752 682 264 1244 249 1245 266 1246 1252 1016 267 1253 1254 1255 1250 268 1256 1257 1258 1259 1260 
214 226 231 752 682 37 38 551 537 267 1253 252 1254 269 1255 1261 1026 41 589 587 588 1259 270 1262 1263 1264 590 1265 
215 4 30 113 124 98 453 663 718 33 170 103 156 468 136 771 770 469 1266 1071 775 171 470 1267 1073 779 1268 1269 
216 98 453 663 718 99 454 664 719 469 1266 104 1071 471 775 785 784 472 1270 1077 789 1268 473 1271 1079 793 1272 1273 
217 99 454 664 719 100 455 665 720 472 1270 105 1077 474 789 799 798 475 1274 1083 803 1272 476 1275 1085 807 1276 1277 
218 100 455 665 720 101 456 666 721 475 1274 106 1083 477 803 813 812 478 1278 1089 817 1276 479 1279 1091 821 1280 1281 
219 101 456 666 721 102 457 667 722 478 1278 107 1089 480 817 827 826 481 1282 1095 831 1280 482 1283 1097 835 1284 1285 
220 102 457 667 722 8 58 534 545 481 1282 108 1095 483 831 841 840 61 591 577 557 1284 484 1286 1101 845 592 1287 
221 3 23 114 125 87 376 668 723 26 173 92 160 391 172 1105 1288 392 1289 1106 1290 174 393 1291 1109 1292 1293 1294 
222 87 376 668 723 88 377 669 724 392 1289 93 1106 394 1290 1115 1295 395 1296 1116 1297 1293 396 1298 1119 1299 1300 1301 
223 88 377 669 724 89 378 670 725 395 1296 94 1116 397 1297 1125 1302 398 1303 1126 1304 1300 399 1305 1129 1306 1307 1308 
224 89 378 670 725 90 379 671 726 398 1303 95 1126 400 1304 1135 1309 401 1310 1136 1311 1307 402 1312 1139 1313 1314 1315 
225 90 379 671 726 91 380 672 727 401 1310 96 1136 403 1311 1145 1316 404 1317 1146 1318 1314 405 1319 1149 1320 1321 1322 
226 91 380 672 727 7 51 535 546 404 1317 97 1146 406 1318 1155 1323 54 594 581 593 1321 407 1324 1156 1325 595 1326 
227 1 9 116 117 65 222 678 683 12 175 70 168 237 148 976 903 238 1327 1217 978 176 239 1328 1220 981 1329 1330 
228 65 222 678 683 66 223 679 684 238 1327 71 1217 240 978 986 916 241 1331 1226 988 1329 242 1332 1229 991 1333 1334 
229 66 223 679 684 67 224 680 685 241 1331 72 1226 243 988 996 929 244 1335 1235 998 1333 245 1336 1238 1001 1337 1338 
230 67 224 680 685 68 225 681 686 244 1335 73 1235 246 998 1006 942 247 1339 1244 1008 1337 248 1340 1247 1011 1341 1342 
231 68 225 681 686 69 226 682 687 247 1339 74 1244 249 1008 1016 955 250 1343 1253 1018 1341 251 1344 1256 1021 1345 1346 
232 69 226 682 687 5 37 537 538 250 1343 75 1253 252 1018 1026 968 40 596 589 569 1345 253 1347 1262 1028 597 1348 
233 2 16 115 126 76 299 673 728 19 178 81 164 314 177 1161 1349 315 1350 1162 1351 179 316 1352 1165 1353 1354 1355 
234 76 299 673 728 77 300 674 729 315 1350 82 1162 317 1351 1171 1356 318 1357 1172 1358 1354 319 1359 1175 1360 1361 1362 
235 77 300 674 729 78 301 675 730 318 1357 83 1172 320 1358 1181 1363 321 1364 1182 1365 1361 322 1366 1185 1367 1368 1369 
236 78 301 675 730 79 302 676 731 321 1364 84 1182 323 1365 1191 1370 324 1371 1192 1372 1368 325 1373 1195 1374 1375 1376 
237 79 302 676 731 80 303 677 732 324 1371 85 1192 326 1372 1201 1377 327 1378 1202 1379 1375 328 1380 1205 1381 1382 1383 
238 80 303 677 732 6 44 536 547 327 1378 86 1202 329 1379 1211 1384 47 599 585 598 1382 330 1385 1212 1386 600 1387 
239 31 32 111 127 458 463 653 733 35 155 485 180 502 153 905 1032 503 1072 1388 1033 181 504 1074 1389 1035 1390 1391 
240 458 463 653 733 459 464 654 734 503 1072 488 1388 505 1033 918 1039 506 1078 1392 1040 1390 507 1080 1393 1042 1394 1395 
241 459 464 654 734 460 465 655 735 506 1078 491 1392 508 1040 931 1046 509 1084 1396 1047 1394 510 1086 1397 1049 1398 1399 
242 460 465 655 735 461 466 656 736 509 1084 494 1396 511 1047 944 1053 512 1090 1400 1054 1398 513 1092 1401 1056 1402 1403 
243 461 466 656 736 462 467 657 737 512 1090 497 1400 514 1054 957 1060 515 1096 1404 1061 1402 516 1098 1405 1063 1406 1407 
244 462 467 657 737 59 60 532 548 515 1096 500 1404 517 1061 970 1067 63 576 601 574 1406 518 1102 1408 1068 602 1409 
245 24 25 110 128 381 386 648 738 28 158 408 182 425 183 769 1104 426 1107 1410 1411 184 427 1110 1412 1413 1414 1415 
246 381 386 648 738 382 387 649 739 426 1107 411 1410 428 1411 783 1114 429 1117 1416 1417 1414 430 1120 1418 1419 1420 1421 
247 382 387 649 739 383 388 650 740 429 1117 414 1416 431 1417 797 1124 432 1127 1422 1423 1420 433 1130 1424 1425 1426 1427 
248 383 388 650 740 384 389 651 741 432 1127 417 1422 434 1423 811 1134 435 1137 1428 1429 1426 436 1140 1430 1431 1432 1433 
249 384 389 651 741 385 390 652 742 435 1137 420 1428 437 1429 825 1144 438 1147 1434 1435 1432 439 1150 1436 1437 1438 1439 
250 385 390 652 742 52 53 531 549 438 1147 423 1434 440 1435 839 1154 56 579 603 604 1438 441 1157 1440 1441 605 1442 
251 17 18 112 129 304 309 658 743 21 162 331 185 348 186 1443 1160 349 1163 1444 1445 187 350 1166 1446 1447 1448 1449 
252 304 309 658 743 305 310 659 744 349 1163 334 1444 351 1445 1450 1170 352 1173 1451 1452 1448 353 1176 1453 1454 1455 1456 
253 305 310 659 744 306 311 660 745 352 1173 337 1451 354 1452 1457 1180 355 1183 1458 1459 1455 356 1186 1460 1461 1462 1463 
254 306 311 660 745 307 312 661 746 355 1183 340 1458 357 1459 1464 1190 358 1193 1465 1466 1462 359 1196 1467 1468 1469 1470 
255 307 312 661 746 308 313 662 747 358 1193 343 1465 360 1466 1471 1200 361 1203 1472 1473 1469 362 1206 1474 1475 1476 1477 
256 308 313 662 747 45 46 533 550 361 1203 346 1472 363 1473 1478 1210 49 583 606 607 1476 364 1213 1479 1480 608 1481 
257 32 1 117 111 463 65 683 653 36 180 502 175 70 146 903 905 519 1388 1327 907 188 520 1389 1328 911 1482 1483 
258 463 65 683 653 464 66 684 654 519 1388 505 1327 71 907 916 918 521 1392 1331 920 1482 522 1393 1332 924 1484 1485 
259 464 66 684 654 465 67 685 655 521 1392 508 1331 72 920 929 931 523 1396 1335 933 1484 524 1397 1336 937 1486 1487 
260 465 67 685 655 466 68 686 656 523 1396 511 1335 73 933 942 944 525 1400 1339 946 1486 526 1401 1340 950 1488 1489 
261 466 68 686 656 467 69 687 657 525 1400 514 1339 74 946 955 957 527 1404 1343 959 1488 528 1405 1344 963 1490 1491 
262 467 69 687 657 60 5 538 532 527 1404 517 1343 75 959 968 970 64 601 596 567 1490 529 1408 1347 972 609 1492 
263 10 11 109 130 227 232 643 748 14 166 254 189 271 190 1493 1216 272 1218 1494 1495 191 273 1221 1496 1497 1498 1499 
264 227 232 643 748 228 233 644 749 272 1218 257 1494 274 1495 1500 1225 275 1227 1501 1502 1498 276 1230 1503 1504 1505 1506 
265 228 233 644 749 229 234 645 750 275 1227 260 1501 277 1502 1507 1234 278 1236 1508 1509 1505 279 1239 1510 1511 1512 1513 
266 229 234 645 750 230 235 646 751 278 1236 263 1508 280 1509 1514 1243 281 1245 1515 1516 1512 282 1248 1517 1518 1519 1520 
267 230 235 646 751 231 236 647 752 281 1245 266 1515 283 1516 1521 1252 284 1254 1522 1523 1519 285 1257 1524 1525 1526 1527 
268 231 236 647 752 38 39 530 551 284 1254 269 1522 286 1523 1528 1261 42 587 610 611 1526 287 1263 1529 1530 612 1531 
269 25 4 124 110 386 98 718 648 29 182 425 170 103 135 770 769 442 1410 1266 774 192 443 1412 1267 778 1532 1533 
270 386 98 718 648 387 99 719 649 442 1410 428 1266 104 774 784 783 444 1416 1270 788 1532 445 1418 1271 792 1534 1535 
271 387 99 719 649 388 100 720 650 444 1416 431 1270 105 788 798 797 446 1422 1274 802 1534 447 1424 1275 806 1536 1537 
272 388 100 720 650 389 101 721 651 446 1422 434 1274 106 802 812 811 448 1428 1278 816 1536 449 1430 1279 820 1538 1539 
273 389 101 721 651 390 102 722 652 448 1428 437 1278 107 816 826 825 450 1434 1282 830 1538 451 1436 1283 834 1540 1541 
274 390 102 722 652 53 8 545 531 450 1434 440 1282 108 830 840 839 57 603 591 556 1540 452 1440 1286 844 613 1542 
275 18 3 125 112 309 87 723 658 22 185 348 173 92 193 1288 1443 365 1444 1289 1543 194 366 1446 1291 1544 1545 1546 
276 309 87 723 658 310 88 724 659 365 1444 351 1289 93 1543 1295 1450 367 1451 1296 1547 1545 368 1453 1298 1548 1549 1550 
277 310 88 724 659 311 89 725 660 367 1451 354 1296 94 1547 1302 1457 369 1458 1303 1551 1549 370 1460 1305 1552 1553 1554 
278 311 89 725 660 312 90 726 661 369 1458 357 1303 95 1551 1309 1464 371 1465 1310 1555 1553 372 1467 1312 1556 1557 1558 
279 312 90 726 661 313 91 727 662 371 1465 360 1310 96 1555 1316 1471 373 1472 1317 1559 1557 374 1474 1319 1560 1561 1562 
280 313 91 727 662 46 7 546 533 373 1472 363 1317 97 1559 1323 1478 50 606 594 614 1561 375 1479 1324 1563 615 1564 
281 11 2 126 109 232 76 728 643 15 189 271 178 81 195 1349 1493 288 1494 1350 1565 196 289 1496 1352 1566 1567 1568 
282 232 76 728 643 233 77 729 644 288 1494 274 1350 82 1565 1356 1500 290 1501 1357 1569 1567 291 1503 1359 1570 1571 1572 
283 233 77 729 644 234 78 730 645 290 1501 277 1357 83 1569 1363 1507 292 1508 1364 1573 1571 293 1510 1366 1574 1575 1576 
284 234 78 730 645 235 79 731 646 292 1508 280 1364 84 1573 1370 1514 294 1515 1371 1577 1575 295 1517 1373 1578 1579 1580 
285 235 79 731 646 236 80 732 647 294 1515 283 1371 85 1577 1377 1521 296 1522 1378 1581 1579 297 1524 1380 1582 1583 1584 
286 236 80 732 647 39 6 547 530 296 1522 286 1378 86 1581 1384 1528 43 610 599 616 1583 298 1529 1385 1585 617 1586 
287 120 121 123 118 698 703 713 688 197 198 1587 139 847 144 768 904 1588 1589 849 908 199 1590 1591 852 912 1592 1593 
288 698 703 713 688 699 704 714 689 1588 1589 1594 849 857 908 782 917 1595 1596 859 921 1592 1597 1598 862 925 1599 1600 
289 699 704 714 689 700 705 715 690 1595 1596 1601 859 867 921 796 930 1602 1603 869 934 1599 1604 1605 872 938 1606 1607 
290 700 705 715 690 701 706 716 691 1602 1603 1608 869 877 934 810 943 1609 1610 879 947 1606 1611 1612 882 951 1613 1614 
291 701 706 716 691 702 707 717 692 1609 1610 1615 879 887 947 824 956 1616 1617 889 960 1613 1618 1619 892 964 1620 1621 
292 702 707 717 692 541 542 544 539 1616 1617 1622 889 897 960 838 969 618 619 560 565 1620 1623 1624 899 973 620 1625 
293 118 119 133 120 688 693 763 698 150 198 904 200 977 201 1626 1587 980 1589 1627 1628 202 983 1591 1629 1630 1631 1632 
294 688 693 763 698 689 694 764 699 980 1589 917 1627 987 1628 1633 1594 990 1596 1634 1635 1631 993 1598 1636 1637 1638 1639 
295 689 694 764 699 690 695 765 700 990 1596 930 1634 997 1635 1640 1601 1000 1603 1641 1642 1638 1003 1605 1643 1644 1645 1646 
296 690 695 765 700 691 696 766 701 1000 1603 943 1641 1007 1642 1647 1608 1010 1610 1648 1649 1645 1013 1612 1650 1651 1652 1653 
297 691 696 766 701 692 697 767 702 1010 1610 956 1648 1017 1649 1654 1615 1020 1617 1655 1656 1652 1023 1619 1657 1658 1659 1660 
298 692 697 767 702 539 540 554 541 1020 1617 969 1655 1027 1656 1661 1622 571 619 621 622 1659 1030 1624 1662 1663 623 1664 
299 125 114 132 122 723 668 758 708 172 205 1288 203 1105 204 848 1665 1290 1666 1667 1668 206 1292 1669 1670 1671 1672 1673 
300 723 668 758 708 724 669 759 709 1290 1666 1295 1667 1115 1668 858 1674 1297 1675 1676 1677 1672 1299 1678 1679 1680 1681 1682 
301 724 669 759 709 725 670 760 710 1297 1675 1302 1676 1125 1677 868 1683 1304 1684 1685 1686 1681 1306 1687 1688 1689 1690 1691 
302 725 670 760 710 726 671 761 711 1304 1684 1309 1685 1135 1686 878 1692 1311 1693 1694 1695 1690 1313 1696 1697 1698 1699 1700 
303 726 671 761 711 727 672 762 712 1311 1693 1316 1694 1145 1695 888 1701 1318 1702 1703 1704 1699 1320 1705 1706 1707 1708 1709 
304 727 672 762 712 546 535 553 543 1318 1702 1323 1703 1155 1704 898 1710 593 626 624 625 1708 1325 1711 1712 1713 627 1714 
305 120 122 132 121 698 708 758 703 207 197 1587 204 1665 140 848 847 1715 1588 1668 850 208 1716 1590 1671 853 1717 1718 
306 698 708 758 703 699 709 759 704 1715 1588 1594 1668 1674 850 858 857 1719 1595 1677 860 1717 1720 1597 1680 863 1721 1722 
307 699 709 759 704 700 710 760 705 1719 1595 1601 1677 1683 860 868 867 1723 1602 1686 870 1721 1724 1604 1689 873 1725 1726 
308 700 710 760 705 701 711 761 706 1723 1602 1608 1686 1692 870 878 877 1727 1609 1695 880 1725 1728 1611 1698 883 1729 1730 
309 701 711 761 706 702 712 762 707 1727 1609 1615 1695 1701 880 888 887 1731 1616 1704 890 1729 1732 1618 1707 893 1733 1734 
310 702 712 762 707 541 543 553 542 1731 1616 1622 1704 1710 890 898 897 628 618 625 561 1733 1735 1623 1713 900 629 1736 
311 116 130 109 119 678 748 643 693 167 149 976 190 1216 209 1493 977 1219 979 1495 1737 210 1222 982 1497 1738 1739 1740 
312 678 748 643 693 679 749 644 694 1219 979 986 1495 1225 1737 1500 987 1228 989 1502 1741 1739 1231 992 1504 1742 1743 1744 
313 679 749 644 694 680 750 645 695 1228 989 996 1502 1234 1741 1507 997 1237 999 1509 1745 1743 1240 1002 1511 1746 1747 1748 
314 680 750 645 695 681 751 646 696 1237 999 1006 1509 1243 1745 1514 1007 1246 1009 1516 1749 1747 1249 1012 1518 1750 1751 1752 
315 681 751 646 696 682 752 647 697 1246 1009 1016 1516 1252 1749 1521 1017 1255 1019 1523 1753 1751 1258 1022 1525 1754 1755 1756 
316 682 752 647 697 537 551 530 540 1255 1019 1026 1523 1261 1753 1528 1027 588 570 611 630 1755 1264 1029 1530 1757 631 1758 
317 125 122 131 112 723 708 753 658 205 193 1288 211 1665 212 1759 1443 1666 1543 1760 1761 213 1669 1544 1762 1763 1764 1765 
318 723 708 753 658 724 709 754 659 1666 1543 1295 1760 1674 1761 1766 1450 1675 1547 1767 1768 1764 1678 1548 1769 1770 1771 1772 
319 724 709 754 659 725 710 755 660 1675 1547 1302 1767 1683 1768 1773 1457 1684 1551 1774 1775 1771 1687 1552 1776 1777 1778 1779 
320 725 710 755 660 726 711 756 661 1684 1551 1309 1774 1692 1775 1780 1464 1693 1555 1781 1782 1778 1696 1556 1783 1784 1785 1786 
321 726 711 756 661 727 712 757 662 1693 1555 1316 1781 1701 1782 1787 1471 1702 1559 1788 1789 1785 1705 1560 1790 1791 1792 1793 
322 727 712 757 662 546 543 552 533 1702 1559 1323 1788 1710 1789 1794 1478 626 614 632 633 1792 1711 1563 1795 1796 634 1797 
323 133 131 122 120 763 753 708 698 214 201 1626 211 1759 207 1665 1587 1798 1628 1760 1715 215 1799 1630 1762 1716 1800 1801 
324 763 753 708 698 764 754 709 699 1798 1628 1633 1760 1766 1715 1674 1594 1802 1635 1767 1719 1800 1803 1637 1769 1720 1804 1805 
325 764 754 709 699 765 755 710 700 1802 1635 1640 1767 1773 1719 1683 1601 1806 1642 1774 1723 1804 1807 1644 1776 1724 1808 1809 
326 765 755 710 700 766 756 711 701 1806 1642 1647 1774 1780 1723 1692 1608 1810 1649 1781 1727 1808 1811 1651 1783 1728 1812 1813 
327 766 756 711 701 767 757 712 702 1810 1649 1654 1781 1787 1727 1701 1615 1814 1656 1788 1731 1812 1815 1658 1790 1732 1816 1817 
328 767 757 712 702 554 552 543 541 1814 1656 1661 1788 1794 1731 1710 1622 635 622 632 628 1816 1818 1663 1795 1735 636 1819 
329 115 129 112 131 673 743 658 753 163 216 1161 186 1160 212 1443 1759 1164 1820 1445 1761 217 1167 1821 1447 1763 1822 1823 
330 673 743 658 753 674 744 659 754 1164 1820 1171 1445 1170 1761 1450 1766 1174 1824 1452 1768 1822 1177 1825 1454 1770 1826 1827 
331 674 744 659 754 675 745 660 755 1174 1824 1181 1452 1180 1768 1457 1773 1184 1828 1459 1775 1826 1187 1829 1461 1777 1830 1831 
332 675 745 660 755 676 746 661 756 1184 1828 1191 1459 1190 1775 1464 1780 1194 1832 1466 1782 1830 1197 1833 1468 1784 1834 1835 
333 676 746 661 756 677 747 662 757 1194 1832 1201 1466 1200 1782 1471 1787 1204 1836 1473 1789 1834 1207 1837 1475 1791 1838 1839 
334 677 747 662 757 536 550 533 552 1204 1836 1211 1473 1210 1789 1478 1794 584 637 607 633 1838 1214 1840 1480 1796 638 1841 
335 114 128 110 132 668 738 648 758 159 203 1105 183 1104 141 769 848 1108 1667 1411 851 218 1111 1670 1413 854 1842 1843 
336 668 738 648 758 669 739 649 759 1108 1667 1115 1411 1114 851 783 858 1118 1676 1417 861 1842 1121 1679 1419 864 1844 1845 
337 669 739 649 759 670 740 650 760 1118 1676 1125 1417 1124 861 797 868 1128 1685 1423 871 1844 1131 1688 1425 874 1846 1847 
338 670 740 650 760 671 741 651 761 1128 1685 1135 1423 1134 871 811 878 1138 1694 1429 881 1846 1141 1697 1431 884 1848 1849 
339 671 741 651 761 672 742 652 762 1138 1694 1145 1429 1144 881 825 888 1148 1703 1435 891 1848 1151 1706 1437 894 1850 1851 
340 672 742 652 762 535 549 531 553 1148 1703 1155 1435 1154 891 839 898 580 624 604 562 1850 1158 1712 1441 901 639 1852 
341 131 133 126 115 753 763 728 673 214 216 1759 219 1626 177 1349 1161 1798 1820 1853 1351 220 1799 1821 1854 1353 1855 1856 
342 753 763 728 673 754 764 729 674 1798 1820 1766 1853 1633 1351 1356 1171 1802 1824 1857 1358 1855 1803 1825 1858 1360 1859 1860 
343 754 764 729 674 755 765 730 675 1802 1824 1773 1857 1640 1358 1363 1181 1806 1828 1861 1365 1859 1807 1829 1862 1367 1863 1864 
344 755 765 730 675 756 766 731 676 1806 1828 1780 1861 1647 1365 1370 1191 1810 1832 1865 1372 1863 1811 1833 1866 1374 1867 1868 
345 756 766 731 676 757 767 732 677 1810 1832 1787 1865 1654 1372 1377 1201 1814 1836 1869 1379 1867 1815 1837 1870 1381 1871 1872 
346 757 767 732 677 552 554 547 536 1814 1836 1794 1869 1661 1379 1384 1211 635 637 640 598 1871 1818 1840 1873 1386 641 1874 
347 119 109 126 133 693 643 728 763 209 200 977 195 1493 219 1349 1626 1737 1627 1565 1853 221 1738 1629 1566 1854 1875 1876 
348 693 643 728 763 694 644 729 764 1737 1627 987 1565 1500 1853 1356 1633 1741 1634 1569 1857 1875 1742 1636 1570 1858 1877 1878 
349 694 644 729 764 695 645 730 765 1741 1634 997 1569 1507 1857 1363 1640 1745 1641 1573 1861 1877 1746 1643 1574 1862 1879 1880 
350 695 645 730 765 696 646 731 766 1745 1641 1007 1573 1514 1861 1370 1647 1749 1648 1577 1865 1879 1750 1650 1578 1866 1881 1882 
351 696 646 731 766 697 647 732 767 1749 1648 1017 1577 1521 1865 1377 1654 1753 1655 1581 1869 1881 1754 1657 1582 1870 1883 1884 
352 697 647 732 767 540 530 547 554 1753 1655 1027 1581 1528 1869 1384 1661 630 621 616 640 1883 1757 1662 1585 1873 642 1885 
$EndElements
