$MeshFormat
4.1 0 8
$EndMeshFormat
$PhysicalNames
4
2 1 "Bottom"
2 2 "Top"
2 3 "Lateral"
3 4 "Cylinder"
$EndPhysicalNames
$Entities
10 12 6 1
0 0 0 0 0 
1 25 0 0 0 
2 0 25 0 0 
3 -25 0 0 0 
4 0 -25 0 0 
5 25 0 40 0 
6 0 0 40 0 
7 0 25 40 0 
12 -25 0 40 0 
17 0 -25 40 0 
1 1.77635683940025e-15 0 0 25 25 0 0 2 1 -2 
2 -25 1.77635683940025e-15 0 0 25 0 0 2 2 -3 
3 -25 -25 0 -1.77635683940025e-15 0 0 0 2 3 -4 
4 0 -25 0 25 -1.77635683940025e-15 0 0 2 4 -1 
6 1.77635683940025e-15 0 40 25 25 40 0 2 5 -7 
7 -25 1.77635683940025e-15 40 0 25 40 0 2 7 -12 
8 -25 -25 40 -1.77635683940025e-15 0 40 0 2 12 -17 
9 0 -25 40 25 -1.77635683940025e-15 40 0 2 17 -5 
11 25 0 0 25 0 40 0 2 1 -5 
12 0 25 0 0 25 40 0 2 2 -7 
16 -25 0 0 -25 0 40 0 2 3 -12 
20 0 -25 0 0 -25 40 0 2 4 -17 
1 -25 -25 0 25 25 0 1 1 4 1 2 3 4 
13 0 0 0 25 25 40 1 3 4 1 12 -6 -11 
17 -25 0 0 0 25 40 1 3 4 2 16 -7 -12 
21 -25 -25 0 0 0 40 1 3 4 3 20 -8 -16 
25 0 -25 0 25 0 40 1 3 4 4 11 -9 -20 
26 -25 -25 40 25 25 40 1 2 4 6 7 8 9 
1 -25 -25 0 25 25 40 1 4 6 -1 26 13 17 21 25 
$EndEntities
$Nodes
27 2301 1 2301
0 1 0 1
1
25 0 0
0 2 0 1
2
0 25 0
0 3 0 1
3
-25 0 0
0 4 0 1
4
0 -25 0
0 5 0 1
5
25 0 40
0 7 0 1
6
0 25 40
0 12 0 1
7
-25 0 40
0 17 0 1
8
0 -25 40
1 1 0 9
9
10
11
12
13
14
15
16
17
24.6922085134949 3.910861634741137 0
23.77641290129594 7.725424878094921 0
22.27516309002321 11.34976252231153 0
20.22542483416823 14.69463134200417 0
17.67766948853961 17.67766957078776 0
14.69463127000192 20.22542488648092 0
11.34976245835609 22.27516312261014 0
7.725424834766807 23.7764129153741 0
3.910861613396369 24.69220851687558 0
1 2 0 9
18
19
20
21
22
23
24
25
26
-3.910861634741137 24.6922085134949 0
-7.725424878094921 23.77641290129594 0
-11.34976252231153 22.27516309002321 0
-14.69463134200417 20.22542483416823 0
-17.67766957078776 17.67766948853961 0
-20.22542488648092 14.69463127000192 0
-22.27516312261014 11.34976245835609 0
-23.7764129153741 7.725424834766807 0
-24.69220851687558 3.910861613396369 0
1 3 0 9
27
28
29
30
31
32
33
34
35
-24.6922085134949 -3.910861634741137 0
-23.77641290129594 -7.725424878094921 0
-22.27516309002321 -11.34976252231153 0
-20.22542483416823 -14.69463134200417 0
-17.67766948853961 -17.67766957078776 0
-14.69463127000192 -20.22542488648092 0
-11.34976245835609 -22.27516312261014 0
-7.725424834766807 -23.7764129153741 0
-3.910861613396369 -24.69220851687558 0
1 4 0 9
36
37
38
39
40
41
42
43
44
3.910861634741137 -24.6922085134949 0
7.725424878094921 -23.77641290129594 0
11.34976252231153 -22.27516309002321 0
14.69463134200417 -20.22542483416823 0
17.67766957078776 -17.67766948853961 0
20.22542488648092 -14.69463127000192 0
22.27516312261014 -11.34976245835609 0
23.7764129153741 -7.725424834766807 0
24.69220851687558 -3.910861613396369 0
1 6 0 9
45
46
47
48
49
50
51
52
53
24.6922085134949 3.910861634741137 40
23.77641290129594 7.725424878094921 40
22.27516309002321 11.34976252231153 40
20.22542483416823 14.69463134200417 40
17.67766948853961 17.67766957078776 40
14.69463127000192 20.22542488648092 40
11.34976245835609 22.27516312261014 40
7.725424834766807 23.7764129153741 40
3.910861613396369 24.69220851687558 40
1 7 0 9
54
55
56
57
58
59
60
61
62
-3.910861634741137 24.6922085134949 40
-7.725424878094921 23.77641290129594 40
-11.34976252231153 22.27516309002321 40
-14.69463134200417 20.22542483416823 40
-17.67766957078776 17.67766948853961 40
-20.22542488648092 14.69463127000192 40
-22.27516312261014 11.34976245835609 40
-23.7764129153741 7.725424834766807 40
-24.69220851687558 3.910861613396369 40
1 8 0 9
63
64
65
66
67
68
69
70
71
-24.6922085134949 -3.910861634741137 40
-23.77641290129594 -7.725424878094921 40
-22.27516309002321 -11.34976252231153 40
-20.22542483416823 -14.69463134200417 40
-17.67766948853961 -17.67766957078776 40
-14.69463127000192 -20.22542488648092 40
-11.34976245835609 -22.27516312261014 40
-7.725424834766807 -23.7764129153741 40
-3.910861613396369 -24.69220851687558 40
1 9 0 9
72
73
74
75
76
77
78
79
80
3.910861634741137 -24.6922085134949 40
7.725424878094921 -23.77641290129594 40
11.34976252231153 -22.27516309002321 40
14.69463134200417 -20.22542483416823 40
17.67766957078776 -17.67766948853961 40
20.22542488648092 -14.69463127000192 40
22.27516312261014 -11.34976245835609 40
23.7764129153741 -7.725424834766807 40
24.69220851687558 -3.910861613396369 40
1 11 0 11
81
82
83
84
85
86
87
88
89
90
91
25 0 3.333333333333333
25 0 6.666666666666666
25 0 10
25 0 13.33333333333333
25 0 16.66666666666667
25 0 20
25 0 23.33333333333334
25 0 26.66666666666666
25 0 30
25 0 33.33333333333334
25 0 36.66666666666666
1 12 0 11
92
93
94
95
96
97
98
99
100
101
102
0 25 3.333333333333333
0 25 6.666666666666666
0 25 10
0 25 13.33333333333333
0 25 16.66666666666667
0 25 20
0 25 23.33333333333334
0 25 26.66666666666666
0 25 30
0 25 33.33333333333334
0 25 36.66666666666666
1 16 0 11
103
104
105
106
107
108
109
110
111
112
113
-25 0 3.333333333333333
-25 0 6.666666666666666
-25 0 10
-25 0 13.33333333333333
-25 0 16.66666666666667
-25 0 20
-25 0 23.33333333333334
-25 0 26.66666666666666
-25 0 30
-25 0 33.33333333333334
-25 0 36.66666666666666
1 20 0 11
114
115
116
117
118
119
120
121
122
123
124
0 -25 3.333333333333333
0 -25 6.666666666666666
0 -25 10
0 -25 13.33333333333333
0 -25 16.66666666666667
0 -25 20
0 -25 23.33333333333334
0 -25 26.66666666666666
0 -25 30
0 -25 33.33333333333334
0 -25 36.66666666666666
2 1 0 137
125
126
127
128
129
130
131
132
133
134
135
136
137
138
139
140
141
142
143
144
145
146
147
148
149
150
151
152
153
154
155
156
157
158
159
160
161
162
163
164
165
166
167
168
169
170
171
172
173
174
175
176
177
178
179
180
181
182
183
184
185
186
187
188
189
190
191
192
193
194
195
196
197
198
199
200
201
202
203
204
205
206
207
208
209
210
211
212
213
214
215
216
217
218
219
220
221
222
223
224
225
226
227
228
229
230
231
232
233
234
235
236
237
238
239
240
241
242
243
244
245
246
247
248
249
250
251
252
253
254
255
256
257
258
259
260
261
-21.61550158066633 -0.2491209693519709 0
21.21594899255812 -1.024455031866482 0
1.919981327294292 21.74215732800829 0
-0.08371878482888681 -21.38749547871572 0
14.84673448167375 15.30862479638879 0
13.85631838978155 -16.12782365143899 0
-15.95748273582167 -14.29540585653056 0
-14.92857262686161 15.10069751615286 0
-5.458608713221543 20.47847578936234 0
20.35540803966872 5.936617213525853 0
7.089182371664677 -20.91321779763162 0
-20.5002971551517 -9.415643198248077 0
7.621408868582622 20.22537913941699 0
20.25069012462212 -8.3727478438497 0
-6.893371643101431 -19.69773361334146 0
-19.59949009127389 9.590583138824906 0
12.430394398065 18.17118143914848 0
11.54865056090959 13.64396696730788 0
13.60002547207513 9.50640142404764 0
8.774492406209387 9.095452010479926 0
12.64635804946482 5.190124508610146 0
8.782382944335509 5.30603497098735 0
4.592655295841163 8.609070822633653 0
4.636715966717608 5.02133782365753 0
8.539691998633632 0.7631134860627582 0
3.939673161798611 1.167488327870708 0
0.6262707130495124 4.717097274649729 0
0.06756305640879155 1.15883696723976 0
2.686085246105505 -2.548572163346768 0
-0.6986504520537853 -2.339542505172901 0
-3.504490499868985 1.155402598661827 0
-4.244658070006596 -2.376189797205544 0
1.575543613590555 -5.129894989574731 0
5.936641903560658 -3.623539354579581 0
-6.782259572172566 1.787792300411677 0
-5.67594771020502 4.337053340003129 0
3.419767126636668 -7.490004942160453 0
-0.6950376972312928 -8.788520931220928 0
-7.858137963917643 -1.937634154911441 0
-10.45966779401079 3.541882713180061 0
-7.079367932754805 7.201707893780958 0
7.15525769457126 -8.626110015547084 0
6.150176684535603 -10.89207287927577 0
9.015130000671126 -5.380166735508588 0
11.74359862381747 -7.251093408307744 0
13.89950451580884 -4.500947869424381 0
-3.122377149324708 7.658747779773511 0
-6.239719368725191 10.19527298699008 0
-3.720547263014673 10.66365991755841 0
-4.550286000497357 -5.969886742691156 0
-8.879988513923541 -6.663860996495636 0
-12.46931330990483 -4.695471570981724 0
-7.208142697129702 -9.784750105891005 0
-12.69474352494333 7.256242550347655 0
-13.48607390612056 2.809558553311471 0
-4.978506872756575 13.49194896181662 0
-1.529350791753953 14.38563517588852 0
-0.1701187900277973 11.28751826683784 0
2.183065949962522 15.13072923130559 0
-15.11840164337705 4.771094910843072 0
-13.35290648785739 -7.348439669808686 0
-15.53545210878396 -3.288783411127342 0
-7.785780765741849 12.02019378888907 0
-6.796307863080705 16.25598107993898 0
15.32098753903214 -6.263534654688799 0
14.29388093105802 -8.611119551467709 0
17.12837264041418 -1.612354835973152 0
14.05345773208734 0.776554615236956 0
-14.97607320544666 9.967404184256777 0
16.62653770122048 7.650355006945544 0
-17.07544892291229 1.867728923127494 0
7.633655407231565 12.61248502516522 0
9.446586688812356 16.87677534407523 0
5.874195516690623 15.93156973249666 0
16.54717605209433 4.281303966205448 0
3.602276118838405 11.92080833581243 0
11.95430489848939 2.370719501077704 0
0.5071618376074075 8.075268079606639 0
-4.343196248782426 -9.433638078755227 0
-3.759326866510301 -12.91407249797036 0
-8.583428556105924 -13.52721978907403 0
0.1367062106612517 -12.12089147979901 0
-2.533414583314373 -16.97073284974848 0
1.408110454493016 -15.36921200547231 0
-0.9713574050379959 -5.545493921524733 0
-3.038743684303928 4.492856457699906 0
-11.57714218120175 -9.57024676428607 0
-11.28257211267929 -0.9541033417847596 0
9.899493436402176 -10.06121721336672 0
7.793483678784168 -12.47253929651973 0
4.939456959640401 -14.15657285951404 0
3.720088339163591 -11.25667247811077 0
-10.17717682407569 9.763287969950271 0
-14.31133827736208 0.2352953682767984 0
-18.57745407796205 -1.627490083529245 0
11.48512629635563 -2.20198758938983 0
18.4040457788849 1.752364806239164 0
-20.37506250527493 4.131354025063594 0
0.2472458827338034 18.20815121960646 0
-12.5068835396378 12.43611566981061 0
7.253744471226945 -17.35228438295897 0
3.832024922743489 18.98015268718304 0
17.0332937583933 12.27780396161078 0
-6.013090682767906 -16.90274260727323 0
-3.382519341636023 17.35978186255119 0
-12.26338893410887 -13.95334252849872 0
-10.12441843521139 -18.23879801502224 0
-3.423858571612565 -20.82698731761194 0
16.30437148526188 -13.36597450642977 0
-1.800366148282579 21.29134992775333 0
3.477213318377189 -21.31760066886373 0
-18.41506957010202 -11.52397402376537 0
11.42587559786145 -18.7488220934651 0
-20.53575973089916 -5.088226857144727 0
-12.1124285862821 17.32781225020264 0
19.77179701161671 -10.9362749558665 0
-17.42076625881602 12.34737552942559 0
20.90038385282773 -4.724850448771558 0
-21.28761107269565 7.326342797774772 0
-13.89091422232082 -11.69053761253952 0
-8.934550986000543 19.10881963233934 0
12.7037451669148 -11.57223636471085 0
2.769888158049222 -18.29522630417971 0
-22.33505497103052 -3.070125866999505 0
18.94280352491954 9.198355781422968 0
-13.17569014928762 -16.54830014917652 0
21.01638314966284 2.601110980958125 0
10.56406098004842 20.21664334600894 0
0.1472293886712144 -18.97322026165904 0
9.832013422456685 -20.66609064317455 0
-17.37019163381801 7.197727571997783 0
-16.21086163907895 -7.836772383502531 0
4.294827544542767 22.33183000449348 0
-9.809630722383833 14.52814140410823 0
17.56588026233961 -5.548438328911012 0
17.11279405893989 -8.898348556056893 0
10.47896954449936 -14.33904721187066 0
2 13 0 99
262
263
264
265
266
267
268
269
270
271
272
273
274
275
276
277
278
279
280
281
282
283
284
285
286
287
288
289
290
291
292
293
294
295
296
297
298
299
300
301
302
303
304
305
306
307
308
309
310
311
312
313
314
315
316
317
318
319
320
321
322
323
324
325
326
327
328
329
330
331
332
333
334
335
336
337
338
339
340
341
342
343
344
345
346
347
348
349
350
351
352
353
354
355
356
357
358
359
360
24.6922085134949 3.910861634741137 3.333333333333333
24.6922085134949 3.910861634741137 6.666666666666666
24.6922085134949 3.910861634741137 10
24.6922085134949 3.910861634741137 13.33333333333333
24.6922085134949 3.910861634741137 16.66666666666667
24.6922085134949 3.910861634741137 20
24.6922085134949 3.910861634741137 23.33333333333334
24.6922085134949 3.910861634741137 26.66666666666666
24.6922085134949 3.910861634741137 30
24.6922085134949 3.910861634741137 33.33333333333334
24.6922085134949 3.910861634741137 36.66666666666666
23.77641290129594 7.725424878094921 3.333333333333333
23.77641290129594 7.725424878094921 6.666666666666666
23.77641290129594 7.725424878094921 10
23.77641290129594 7.725424878094921 13.33333333333333
23.77641290129594 7.725424878094921 16.66666666666667
23.77641290129594 7.725424878094921 20
23.77641290129594 7.725424878094921 23.33333333333334
23.77641290129594 7.725424878094921 26.66666666666666
23.77641290129594 7.725424878094921 30
23.77641290129594 7.725424878094921 33.33333333333334
23.77641290129594 7.725424878094921 36.66666666666666
22.27516309002321 11.34976252231153 3.333333333333333
22.27516309002321 11.34976252231153 6.666666666666666
22.27516309002321 11.34976252231153 10
22.27516309002321 11.34976252231153 13.33333333333333
22.27516309002321 11.34976252231153 16.66666666666667
22.27516309002321 11.34976252231153 20
22.27516309002321 11.34976252231153 23.33333333333334
22.27516309002321 11.34976252231153 26.66666666666666
22.27516309002321 11.34976252231153 30
22.27516309002321 11.34976252231153 33.33333333333334
22.27516309002321 11.34976252231153 36.66666666666666
20.22542483416823 14.69463134200417 3.333333333333333
20.22542483416823 14.69463134200417 6.666666666666666
20.22542483416823 14.69463134200417 10
20.22542483416823 14.69463134200417 13.33333333333333
20.22542483416823 14.69463134200417 16.66666666666667
20.22542483416823 14.69463134200417 20
20.22542483416823 14.69463134200417 23.33333333333334
20.22542483416823 14.69463134200417 26.66666666666666
20.22542483416823 14.69463134200417 30
20.22542483416823 14.69463134200417 33.33333333333334
20.22542483416823 14.69463134200417 36.66666666666666
17.67766948853961 17.67766957078776 3.333333333333333
17.67766948853961 17.67766957078776 6.666666666666666
17.67766948853961 17.67766957078776 10
17.67766948853961 17.67766957078776 13.33333333333333
17.67766948853961 17.67766957078776 16.66666666666667
17.67766948853961 17.67766957078776 20
17.67766948853961 17.67766957078776 23.33333333333334
17.67766948853961 17.67766957078776 26.66666666666666
17.67766948853961 17.67766957078776 30
17.67766948853961 17.67766957078776 33.33333333333334
17.67766948853961 17.67766957078776 36.66666666666666
14.69463127000192 20.22542488648092 3.333333333333333
14.69463127000192 20.22542488648092 6.666666666666666
14.69463127000192 20.22542488648092 10
14.69463127000192 20.22542488648092 13.33333333333333
14.69463127000192 20.22542488648092 16.66666666666667
14.69463127000192 20.22542488648092 20
14.69463127000192 20.22542488648092 23.33333333333334
14.69463127000192 20.22542488648092 26.66666666666666
14.69463127000192 20.22542488648092 30
14.69463127000192 20.22542488648092 33.33333333333334
14.69463127000192 20.22542488648092 36.66666666666666
11.34976245835609 22.27516312261014 3.333333333333333
11.34976245835609 22.27516312261014 6.666666666666666
11.34976245835609 22.27516312261014 10
11.34976245835609 22.27516312261014 13.33333333333333
11.34976245835609 22.27516312261014 16.66666666666667
11.34976245835609 22.27516312261014 20
11.34976245835609 22.27516312261014 23.33333333333334
11.34976245835609 22.27516312261014 26.66666666666666
11.34976245835609 22.27516312261014 30
11.34976245835609 22.27516312261014 33.33333333333334
11.34976245835609 22.27516312261014 36.66666666666666
7.725424834766807 23.7764129153741 3.333333333333333
7.725424834766807 23.7764129153741 6.666666666666666
7.725424834766807 23.7764129153741 10
7.725424834766807 23.7764129153741 13.33333333333333
7.725424834766807 23.7764129153741 16.66666666666667
7.725424834766807 23.7764129153741 20
7.725424834766807 23.7764129153741 23.33333333333334
7.725424834766807 23.7764129153741 26.66666666666666
7.725424834766807 23.7764129153741 30
7.725424834766807 23.7764129153741 33.33333333333334
7.725424834766807 23.7764129153741 36.66666666666666
3.910861613396369 24.69220851687558 3.333333333333333
3.910861613396369 24.69220851687558 6.666666666666666
3.910861613396369 24.69220851687558 10
3.910861613396369 24.69220851687558 13.33333333333333
3.910861613396369 24.69220851687558 16.66666666666667
3.910861613396369 24.69220851687558 20
3.910861613396369 24.69220851687558 23.33333333333334
3.910861613396369 24.69220851687558 26.66666666666666
3.910861613396369 24.69220851687558 30
3.910861613396369 24.69220851687558 33.33333333333334
3.910861613396369 24.69220851687558 36.66666666666666
2 17 0 99
361
362
363
364
365
366
367
368
369
370
371
372
373
374
375
376
377
378
379
380
381
382
383
384
385
386
387
388
389
390
391
392
393
394
395
396
397
398
399
400
401
402
403
404
405
406
407
408
409
410
411
412
413
414
415
416
417
418
419
420
421
422
423
424
425
426
427
428
429
430
431
432
433
434
435
436
437
438
439
440
441
442
443
444
445
446
447
448
449
450
451
452
453
454
455
456
457
458
459
-3.910861634741137 24.6922085134949 3.333333333333333
-3.910861634741137 24.6922085134949 6.666666666666666
-3.910861634741137 24.6922085134949 10
-3.910861634741137 24.6922085134949 13.33333333333333
-3.910861634741137 24.6922085134949 16.66666666666667
-3.910861634741137 24.6922085134949 20
-3.910861634741137 24.6922085134949 23.33333333333334
-3.910861634741137 24.6922085134949 26.66666666666666
-3.910861634741137 24.6922085134949 30
-3.910861634741137 24.6922085134949 33.33333333333334
-3.910861634741137 24.6922085134949 36.66666666666666
-7.725424878094921 23.77641290129594 3.333333333333333
-7.725424878094921 23.77641290129594 6.666666666666666
-7.725424878094921 23.77641290129594 10
-7.725424878094921 23.77641290129594 13.33333333333333
-7.725424878094921 23.77641290129594 16.66666666666667
-7.725424878094921 23.77641290129594 20
-7.725424878094921 23.77641290129594 23.33333333333334
-7.725424878094921 23.77641290129594 26.66666666666666
-7.725424878094921 23.77641290129594 30
-7.725424878094921 23.77641290129594 33.33333333333334
-7.725424878094921 23.77641290129594 36.66666666666666
-11.34976252231153 22.27516309002321 3.333333333333333
-11.34976252231153 22.27516309002321 6.666666666666666
-11.34976252231153 22.27516309002321 10
-11.34976252231153 22.27516309002321 13.33333333333333
-11.34976252231153 22.27516309002321 16.66666666666667
-11.34976252231153 22.27516309002321 20
-11.34976252231153 22.27516309002321 23.33333333333334
-11.34976252231153 22.27516309002321 26.66666666666666
-11.34976252231153 22.27516309002321 30
-11.34976252231153 22.27516309002321 33.33333333333334
-11.34976252231153 22.27516309002321 36.66666666666666
-14.69463134200417 20.22542483416823 3.333333333333333
-14.69463134200417 20.22542483416823 6.666666666666666
-14.69463134200417 20.22542483416823 10
-14.69463134200417 20.22542483416823 13.33333333333333
-14.69463134200417 20.22542483416823 16.66666666666667
-14.69463134200417 20.22542483416823 20
-14.69463134200417 20.22542483416823 23.33333333333334
-14.69463134200417 20.22542483416823 26.66666666666666
-14.69463134200417 20.22542483416823 30
-14.69463134200417 20.22542483416823 33.33333333333334
-14.69463134200417 20.22542483416823 36.66666666666666
-17.67766957078776 17.67766948853961 3.333333333333333
-17.67766957078776 17.67766948853961 6.666666666666666
-17.67766957078776 17.67766948853961 10
-17.67766957078776 17.67766948853961 13.33333333333333
-17.67766957078776 17.67766948853961 16.66666666666667
-17.67766957078776 17.67766948853961 20
-17.67766957078776 17.67766948853961 23.33333333333334
-17.67766957078776 17.67766948853961 26.66666666666666
-17.67766957078776 17.67766948853961 30
-17.67766957078776 17.67766948853961 33.33333333333334
-17.67766957078776 17.67766948853961 36.66666666666666
-20.22542488648092 14.69463127000192 3.333333333333333
-20.22542488648092 14.69463127000192 6.666666666666666
-20.22542488648092 14.69463127000192 10
-20.22542488648092 14.69463127000192 13.33333333333333
-20.22542488648092 14.69463127000192 16.66666666666667
-20.22542488648092 14.69463127000192 20
-20.22542488648092 14.69463127000192 23.33333333333334
-20.22542488648092 14.69463127000192 26.66666666666666
-20.22542488648092 14.69463127000192 30
-20.22542488648092 14.69463127000192 33.33333333333334
-20.22542488648092 14.69463127000192 36.66666666666666
-22.27516312261014 11.34976245835609 3.333333333333333
-22.27516312261014 11.34976245835609 6.666666666666666
-22.27516312261014 11.34976245835609 10
-22.27516312261014 11.34976245835609 13.33333333333333
-22.27516312261014 11.34976245835609 16.66666666666667
-22.27516312261014 11.34976245835609 20
-22.27516312261014 11.34976245835609 23.33333333333334
-22.27516312261014 11.34976245835609 26.66666666666666
-22.27516312261014 11.34976245835609 30
-22.27516312261014 11.34976245835609 33.33333333333334
-22.27516312261014 11.34976245835609 36.66666666666666
-23.7764129153741 7.725424834766807 3.333333333333333
-23.7764129153741 7.725424834766807 6.666666666666666
-23.7764129153741 7.725424834766807 10
-23.7764129153741 7.725424834766807 13.33333333333333
-23.7764129153741 7.725424834766807 16.66666666666667
-23.7764129153741 7.725424834766807 20
-23.7764129153741 7.725424834766807 23.33333333333334
-23.7764129153741 7.725424834766807 26.66666666666666
-23.7764129153741 7.725424834766807 30
-23.7764129153741 7.725424834766807 33.33333333333334
-23.7764129153741 7.725424834766807 36.66666666666666
-24.69220851687558 3.910861613396369 3.333333333333333
-24.69220851687558 3.910861613396369 6.666666666666666
-24.69220851687558 3.910861613396369 10
-24.69220851687558 3.910861613396369 13.33333333333333
-24.69220851687558 3.910861613396369 16.66666666666667
-24.69220851687558 3.910861613396369 20
-24.69220851687558 3.910861613396369 23.33333333333334
-24.69220851687558 3.910861613396369 26.66666666666666
-24.69220851687558 3.910861613396369 30
-24.69220851687558 3.910861613396369 33.33333333333334
-24.69220851687558 3.910861613396369 36.66666666666666
2 21 0 99
460
461
462
463
464
465
466
467
468
469
470
471
472
473
474
475
476
477
478
479
480
481
482
483
484
485
486
487
488
489
490
491
492
493
494
495
496
497
498
499
500
501
502
503
504
505
506
507
508
509
510
511
512
513
514
515
516
517
518
519
520
521
522
523
524
525
526
527
528
529
530
531
532
533
534
535
536
537
538
539
540
541
542
543
544
545
546
547
548
549
550
551
552
553
554
555
556
557
558
-24.6922085134949 -3.910861634741137 3.333333333333333
-24.6922085134949 -3.910861634741137 6.666666666666666
-24.6922085134949 -3.910861634741137 10
-24.6922085134949 -3.910861634741137 13.33333333333333
-24.6922085134949 -3.910861634741137 16.66666666666667
-24.6922085134949 -3.910861634741137 20
-24.6922085134949 -3.910861634741137 23.33333333333334
-24.6922085134949 -3.910861634741137 26.66666666666666
-24.6922085134949 -3.910861634741137 30
-24.6922085134949 -3.910861634741137 33.33333333333334
-24.6922085134949 -3.910861634741137 36.66666666666666
-23.77641290129594 -7.725424878094921 3.333333333333333
-23.77641290129594 -7.725424878094921 6.666666666666666
-23.77641290129594 -7.725424878094921 10
-23.77641290129594 -7.725424878094921 13.33333333333333
-23.77641290129594 -7.725424878094921 16.66666666666667
-23.77641290129594 -7.725424878094921 20
-23.77641290129594 -7.725424878094921 23.33333333333334
-23.77641290129594 -7.725424878094921 26.66666666666666
-23.77641290129594 -7.725424878094921 30
-23.77641290129594 -7.725424878094921 33.33333333333334
-23.77641290129594 -7.725424878094921 36.66666666666666
-22.27516309002321 -11.34976252231153 3.333333333333333
-22.27516309002321 -11.34976252231153 6.666666666666666
-22.27516309002321 -11.34976252231153 10
-22.27516309002321 -11.34976252231153 13.33333333333333
-22.27516309002321 -11.34976252231153 16.66666666666667
-22.27516309002321 -11.34976252231153 20
-22.27516309002321 -11.34976252231153 23.33333333333334
-22.27516309002321 -11.34976252231153 26.66666666666666
-22.27516309002321 -11.34976252231153 30
-22.27516309002321 -11.34976252231153 33.33333333333334
-22.27516309002321 -11.34976252231153 36.66666666666666
-20.22542483416823 -14.69463134200417 3.333333333333333
-20.22542483416823 -14.69463134200417 6.666666666666666
-20.22542483416823 -14.69463134200417 10
-20.22542483416823 -14.69463134200417 13.33333333333333
-20.22542483416823 -14.69463134200417 16.66666666666667
-20.22542483416823 -14.69463134200417 20
-20.22542483416823 -14.69463134200417 23.33333333333334
-20.22542483416823 -14.69463134200417 26.66666666666666
-20.22542483416823 -14.69463134200417 30
-20.22542483416823 -14.69463134200417 33.33333333333334
-20.22542483416823 -14.69463134200417 36.66666666666666
-17.67766948853961 -17.67766957078776 3.333333333333333
-17.67766948853961 -17.67766957078776 6.666666666666666
-17.67766948853961 -17.67766957078776 10
-17.67766948853961 -17.67766957078776 13.33333333333333
-17.67766948853961 -17.67766957078776 16.66666666666667
-17.67766948853961 -17.67766957078776 20
-17.67766948853961 -17.67766957078776 23.33333333333334
-17.67766948853961 -17.67766957078776 26.66666666666666
-17.67766948853961 -17.67766957078776 30
-17.67766948853961 -17.67766957078776 33.33333333333334
-17.67766948853961 -17.67766957078776 36.66666666666666
-14.69463127000192 -20.22542488648092 3.333333333333333
-14.69463127000192 -20.22542488648092 6.666666666666666
-14.69463127000192 -20.22542488648092 10
-14.69463127000192 -20.22542488648092 13.33333333333333
-14.69463127000192 -20.22542488648092 16.66666666666667
-14.69463127000192 -20.22542488648092 20
-14.69463127000192 -20.22542488648092 23.33333333333334
-14.69463127000192 -20.22542488648092 26.66666666666666
-14.69463127000192 -20.22542488648092 30
-14.69463127000192 -20.22542488648092 33.33333333333334
-14.69463127000192 -20.22542488648092 36.66666666666666
-11.34976245835609 -22.27516312261014 3.333333333333333
-11.34976245835609 -22.27516312261014 6.666666666666666
-11.34976245835609 -22.27516312261014 10
-11.34976245835609 -22.27516312261014 13.33333333333333
-11.34976245835609 -22.27516312261014 16.66666666666667
-11.34976245835609 -22.27516312261014 20
-11.34976245835609 -22.27516312261014 23.33333333333334
-11.34976245835609 -22.27516312261014 26.66666666666666
-11.34976245835609 -22.27516312261014 30
-11.34976245835609 -22.27516312261014 33.33333333333334
-11.34976245835609 -22.27516312261014 36.66666666666666
-7.725424834766807 -23.7764129153741 3.333333333333333
-7.725424834766807 -23.7764129153741 6.666666666666666
-7.725424834766807 -23.7764129153741 10
-7.725424834766807 -23.7764129153741 13.33333333333333
-7.725424834766807 -23.7764129153741 16.66666666666667
-7.725424834766807 -23.7764129153741 20
-7.725424834766807 -23.7764129153741 23.33333333333334
-7.725424834766807 -23.7764129153741 26.66666666666666
-7.725424834766807 -23.7764129153741 30
-7.725424834766807 -23.7764129153741 33.33333333333334
-7.725424834766807 -23.7764129153741 36.66666666666666
-3.910861613396369 -24.69220851687558 3.333333333333333
-3.910861613396369 -24.69220851687558 6.666666666666666
-3.910861613396369 -24.69220851687558 10
-3.910861613396369 -24.69220851687558 13.33333333333333
-3.910861613396369 -24.69220851687558 16.66666666666667
-3.910861613396369 -24.69220851687558 20
-3.910861613396369 -24.69220851687558 23.33333333333334
-3.910861613396369 -24.69220851687558 26.66666666666666
-3.910861613396369 -24.69220851687558 30
-3.910861613396369 -24.69220851687558 33.33333333333334
-3.910861613396369 -24.69220851687558 36.66666666666666
2 25 0 99
559
560
561
562
563
564
565
566
567
568
569
570
571
572
573
574
575
576
577
578
579
580
581
582
583
584
585
586
587
588
589
590
591
592
593
594
595
596
597
598
599
600
601
602
603
604
605
606
607
608
609
610
611
612
613
614
615
616
617
618
619
620
621
622
623
624
625
626
627
628
629
630
631
632
633
634
635
636
637
638
639
640
641
642
643
644
645
646
647
648
649
650
651
652
653
654
655
656
657
3.910861634741137 -24.6922085134949 3.333333333333333
3.910861634741137 -24.6922085134949 6.666666666666666
3.910861634741137 -24.6922085134949 10
3.910861634741137 -24.6922085134949 13.33333333333333
3.910861634741137 -24.6922085134949 16.66666666666667
3.910861634741137 -24.6922085134949 20
3.910861634741137 -24.6922085134949 23.33333333333334
3.910861634741137 -24.6922085134949 26.66666666666666
3.910861634741137 -24.6922085134949 30
3.910861634741137 -24.6922085134949 33.33333333333334
3.910861634741137 -24.6922085134949 36.66666666666666
7.725424878094921 -23.77641290129594 3.333333333333333
7.725424878094921 -23.77641290129594 6.666666666666666
7.725424878094921 -23.77641290129594 10
7.725424878094921 -23.77641290129594 13.33333333333333
7.725424878094921 -23.77641290129594 16.66666666666667
7.725424878094921 -23.77641290129594 20
7.725424878094921 -23.77641290129594 23.33333333333334
7.725424878094921 -23.77641290129594 26.66666666666666
7.725424878094921 -23.77641290129594 30
7.725424878094921 -23.77641290129594 33.33333333333334
7.725424878094921 -23.77641290129594 36.66666666666666
11.34976252231153 -22.27516309002321 3.333333333333333
11.34976252231153 -22.27516309002321 6.666666666666666
11.34976252231153 -22.27516309002321 10
11.34976252231153 -22.27516309002321 13.33333333333333
11.34976252231153 -22.27516309002321 16.66666666666667
11.34976252231153 -22.27516309002321 20
11.34976252231153 -22.27516309002321 23.33333333333334
11.34976252231153 -22.27516309002321 26.66666666666666
11.34976252231153 -22.27516309002321 30
11.34976252231153 -22.27516309002321 33.33333333333334
11.34976252231153 -22.27516309002321 36.66666666666666
14.69463134200417 -20.22542483416823 3.333333333333333
14.69463134200417 -20.22542483416823 6.666666666666666
14.69463134200417 -20.22542483416823 10
14.69463134200417 -20.22542483416823 13.33333333333333
14.69463134200417 -20.22542483416823 16.66666666666667
14.69463134200417 -20.22542483416823 20
14.69463134200417 -20.22542483416823 23.33333333333334
14.69463134200417 -20.22542483416823 26.66666666666666
14.69463134200417 -20.22542483416823 30
14.69463134200417 -20.22542483416823 33.33333333333334
14.69463134200417 -20.22542483416823 36.66666666666666
17.67766957078776 -17.67766948853961 3.333333333333333
17.67766957078776 -17.67766948853961 6.666666666666666
17.67766957078776 -17.67766948853961 10
17.67766957078776 -17.67766948853961 13.33333333333333
17.67766957078776 -17.67766948853961 16.66666666666667
17.67766957078776 -17.67766948853961 20
17.67766957078776 -17.67766948853961 23.33333333333334
17.67766957078776 -17.67766948853961 26.66666666666666
17.67766957078776 -17.67766948853961 30
17.67766957078776 -17.67766948853961 33.33333333333334
17.67766957078776 -17.67766948853961 36.66666666666666
20.22542488648092 -14.69463127000192 3.333333333333333
20.22542488648092 -14.69463127000192 6.666666666666666
20.22542488648092 -14.69463127000192 10
20.22542488648092 -14.69463127000192 13.33333333333333
20.22542488648092 -14.69463127000192 16.66666666666667
20.22542488648092 -14.69463127000192 20
20.22542488648092 -14.69463127000192 23.33333333333334
20.22542488648092 -14.69463127000192 26.66666666666666
20.22542488648092 -14.69463127000192 30
20.22542488648092 -14.69463127000192 33.33333333333334
20.22542488648092 -14.69463127000192 36.66666666666666
22.27516312261014 -11.34976245835609 3.333333333333333
22.27516312261014 -11.34976245835609 6.666666666666666
22.27516312261014 -11.34976245835609 10
22.27516312261014 -11.34976245835609 13.33333333333333
22.27516312261014 -11.34976245835609 16.66666666666667
22.27516312261014 -11.34976245835609 20
22.27516312261014 -11.34976245835609 23.33333333333334
22.27516312261014 -11.34976245835609 26.66666666666666
22.27516312261014 -11.34976245835609 30
22.27516312261014 -11.34976245835609 33.33333333333334
22.27516312261014 -11.34976245835609 36.66666666666666
23.7764129153741 -7.725424834766807 3.333333333333333
23.7764129153741 -7.725424834766807 6.666666666666666
23.7764129153741 -7.725424834766807 10
23.7764129153741 -7.725424834766807 13.33333333333333
23.7764129153741 -7.725424834766807 16.66666666666667
23.7764129153741 -7.725424834766807 20
23.7764129153741 -7.725424834766807 23.33333333333334
23.7764129153741 -7.725424834766807 26.66666666666666
23.7764129153741 -7.725424834766807 30
23.7764129153741 -7.725424834766807 33.33333333333334
23.7764129153741 -7.725424834766807 36.66666666666666
24.69220851687558 -3.910861613396369 3.333333333333333
24.69220851687558 -3.910861613396369 6.666666666666666
24.69220851687558 -3.910861613396369 10
24.69220851687558 -3.910861613396369 13.33333333333333
24.69220851687558 -3.910861613396369 16.66666666666667
24.69220851687558 -3.910861613396369 20
24.69220851687558 -3.910861613396369 23.33333333333334
24.69220851687558 -3.910861613396369 26.66666666666666
24.69220851687558 -3.910861613396369 30
24.69220851687558 -3.910861613396369 33.33333333333334
24.69220851687558 -3.910861613396369 36.66666666666666
2 26 0 137
658
659
660
661
662
663
664
665
666
667
668
669
670
671
672
673
674
675
676
677
678
679
680
681
682
683
684
685
686
687
688
689
690
691
692
693
694
695
696
697
698
699
700
701
702
703
704
705
706
707
708
709
710
711
712
713
714
715
716
717
718
719
720
721
722
723
724
725
726
727
728
729
730
731
732
733
734
735
736
737
738
739
740
741
742
743
744
745
746
747
748
749
750
751
752
753
754
755
756
757
758
759
760
761
762
763
764
765
766
767
768
769
770
771
772
773
774
775
776
777
778
779
780
781
782
783
784
785
786
787
788
789
790
791
792
793
794
-21.61550158066633 -0.2491209693519709 40
21.21594899255812 -1.024455031866482 40
1.919981327294292 21.74215732800829 40
-0.08371878482888681 -21.38749547871572 40
14.84673448167375 15.30862479638879 40
13.85631838978155 -16.12782365143899 40
-15.95748273582167 -14.29540585653056 40
-14.92857262686161 15.10069751615286 40
-5.458608713221543 20.47847578936234 40
20.35540803966872 5.936617213525853 40
7.089182371664677 -20.91321779763162 40
-20.5002971551517 -9.415643198248077 40
7.621408868582622 20.22537913941699 40
20.25069012462212 -8.3727478438497 40
-6.893371643101431 -19.69773361334146 40
-19.59949009127389 9.590583138824906 40
12.430394398065 18.17118143914848 40
11.54865056090959 13.64396696730788 40
13.60002547207513 9.50640142404764 40
8.774492406209387 9.095452010479926 40
12.64635804946482 5.190124508610146 40
8.782382944335509 5.30603497098735 40
4.592655295841163 8.609070822633653 40
4.636715966717608 5.02133782365753 40
8.539691998633632 0.7631134860627582 40
3.939673161798611 1.167488327870708 40
0.6262707130495124 4.717097274649729 40
0.06756305640879155 1.15883696723976 40
2.686085246105505 -2.548572163346768 40
-0.6986504520537853 -2.339542505172901 40
-3.504490499868985 1.155402598661827 40
-4.244658070006596 -2.376189797205544 40
1.575543613590555 -5.129894989574731 40
5.936641903560658 -3.623539354579581 40
-6.782259572172566 1.787792300411677 40
-5.67594771020502 4.337053340003129 40
3.419767126636668 -7.490004942160453 40
-0.6950376972312928 -8.788520931220928 40
-7.858137963917643 -1.937634154911441 40
-10.45966779401079 3.541882713180061 40
-7.079367932754805 7.201707893780958 40
7.15525769457126 -8.626110015547084 40
6.150176684535603 -10.89207287927577 40
9.015130000671126 -5.380166735508588 40
11.74359862381747 -7.251093408307744 40
13.89950451580884 -4.500947869424381 40
-3.122377149324708 7.658747779773511 40
-6.239719368725191 10.19527298699008 40
-3.720547263014673 10.66365991755841 40
-4.550286000497357 -5.969886742691156 40
-8.879988513923541 -6.663860996495636 40
-12.46931330990483 -4.695471570981724 40
-7.208142697129702 -9.784750105891005 40
-12.69474352494333 7.256242550347655 40
-13.48607390612056 2.809558553311471 40
-4.978506872756575 13.49194896181662 40
-1.529350791753953 14.38563517588852 40
-0.1701187900277973 11.28751826683784 40
2.183065949962522 15.13072923130559 40
-15.11840164337705 4.771094910843072 40
-13.35290648785739 -7.348439669808686 40
-15.53545210878396 -3.288783411127342 40
-7.785780765741849 12.02019378888907 40
-6.796307863080705 16.25598107993898 40
15.32098753903214 -6.263534654688799 40
14.29388093105802 -8.611119551467709 40
17.12837264041418 -1.612354835973152 40
14.05345773208734 0.776554615236956 40
-14.97607320544666 9.967404184256777 40
16.62653770122048 7.650355006945544 40
-17.07544892291229 1.867728923127494 40
7.633655407231565 12.61248502516522 40
9.446586688812356 16.87677534407523 40
5.874195516690623 15.93156973249666 40
16.54717605209433 4.281303966205448 40
3.602276118838405 11.92080833581243 40
11.95430489848939 2.370719501077704 40
0.5071618376074075 8.075268079606639 40
-4.343196248782426 -9.433638078755227 40
-3.759326866510301 -12.91407249797036 40
-8.583428556105924 -13.52721978907403 40
0.1367062106612517 -12.12089147979901 40
-2.533414583314373 -16.97073284974848 40
1.408110454493016 -15.36921200547231 40
-0.9713574050379959 -5.545493921524733 40
-3.038743684303928 4.492856457699906 40
-11.57714218120175 -9.57024676428607 40
-11.28257211267929 -0.9541033417847596 40
9.899493436402176 -10.06121721336672 40
7.793483678784168 -12.47253929651973 40
4.939456959640401 -14.15657285951404 40
3.720088339163591 -11.25667247811077 40
-10.17717682407569 9.763287969950271 40
-14.31133827736208 0.2352953682767984 40
-18.57745407796205 -1.627490083529245 40
11.48512629635563 -2.20198758938983 40
18.4040457788849 1.752364806239164 40
-20.37506250527493 4.131354025063594 40
0.2472458827338034 18.20815121960646 40
-12.5068835396378 12.43611566981061 40
7.253744471226945 -17.35228438295897 40
3.832024922743489 18.98015268718304 40
17.0332937583933 12.27780396161078 40
-6.013090682767906 -16.90274260727323 40
-3.382519341636023 17.35978186255119 40
-12.26338893410887 -13.95334252849872 40
-10.12441843521139 -18.23879801502224 40
-3.423858571612565 -20.82698731761194 40
16.30437148526188 -13.36597450642977 40
-1.800366148282579 21.29134992775333 40
3.477213318377189 -21.31760066886373 40
-18.41506957010202 -11.52397402376537 40
11.42587559786145 -18.7488220934651 40
-20.53575973089916 -5.088226857144727 40
-12.1124285862821 17.32781225020264 40
19.77179701161671 -10.9362749558665 40
-17.42076625881602 12.34737552942559 40
20.90038385282773 -4.724850448771558 40
-21.28761107269565 7.326342797774772 40
-13.89091422232082 -11.69053761253952 40
-8.934550986000543 19.10881963233934 40
12.7037451669148 -11.57223636471085 40
2.769888158049222 -18.29522630417971 40
-22.33505497103052 -3.070125866999505 40
18.94280352491954 9.198355781422968 40
-13.17569014928762 -16.54830014917652 40
21.01638314966284 2.601110980958125 40
10.56406098004842 20.21664334600894 40
0.1472293886712144 -18.97322026165904 40
9.832013422456685 -20.66609064317455 40
-17.37019163381801 7.197727571997783 40
-16.21086163907895 -7.836772383502531 40
4.294827544542767 22.33183000449348 40
-9.809630722383833 14.52814140410823 40
17.56588026233961 -5.548438328911012 40
17.11279405893989 -8.898348556056893 40
10.47896954449936 -14.33904721187066 40
3 1 0 1507
795
796
797
798
799
800
801
802
803
804
805
806
807
808
809
810
811
812
813
814
815
816
817
818
819
820
821
822
823
824
825
826
827
828
829
830
831
832
833
834
835
836
837
838
839
840
841
842
843
844
845
846
847
848
849
850
851
852
853
854
855
856
857
858
859
860
861
862
863
864
865
866
867
868
869
870
871
872
873
874
875
876
877
878
879
880
881
882
883
884
885
886
887
888
889
890
891
892
893
894
895
896
897
898
899
900
901
902
903
904
905
906
907
908
909
910
911
912
913
914
915
916
917
918
919
920
921
922
923
924
925
926
927
928
929
930
931
932
933
934
935
936
937
938
939
940
941
942
943
944
945
946
947
948
949
950
951
952
953
954
955
956
957
958
959
960
961
962
963
964
965
966
967
968
969
970
971
972
973
974
975
976
977
978
979
980
981
982
983
984
985
986
987
988
989
990
991
992
993
994
995
996
997
998
999
1000
1001
1002
1003
1004
1005
1006
1007
1008
1009
1010
1011
1012
1013
1014
1015
1016
1017
1018
1019
1020
1021
1022
1023
1024
1025
1026
1027
1028
1029
1030
1031
1032
1033
1034
1035
1036
1037
1038
1039
1040
1041
1042
1043
1044
1045
1046
1047
1048
1049
1050
1051
1052
1053
1054
1055
1056
1057
1058
1059
1060
1061
1062
1063
1064
1065
1066
1067
1068
1069
1070
1071
1072
1073
1074
1075
1076
1077
1078
1079
1080
1081
1082
1083
1084
1085
1086
1087
1088
1089
1090
1091
1092
1093
1094
1095
1096
1097
1098
1099
1100
1101
1102
1103
1104
1105
1106
1107
1108
1109
1110
1111
1112
1113
1114
1115
1116
1117
1118
1119
1120
1121
1122
1123
1124
1125
1126
1127
1128
1129
1130
1131
1132
1133
1134
1135
1136
1137
1138
1139
1140
1141
1142
1143
1144
1145
1146
1147
1148
1149
1150
1151
1152
1153
1154
1155
1156
1157
1158
1159
1160
1161
1162
1163
1164
1165
1166
1167
1168
1169
1170
1171
1172
1173
1174
1175
1176
1177
1178
1179
1180
1181
1182
1183
1184
1185
1186
1187
1188
1189
1190
1191
1192
1193
1194
1195
1196
1197
1198
1199
1200
1201
1202
1203
1204
1205
1206
1207
1208
1209
1210
1211
1212
1213
1214
1215
1216
1217
1218
1219
1220
1221
1222
1223
1224
1225
1226
1227
1228
1229
1230
1231
1232
1233
1234
1235
1236
1237
1238
1239
1240
1241
1242
1243
1244
1245
1246
1247
1248
1249
1250
1251
1252
1253
1254
1255
1256
1257
1258
1259
1260
1261
1262
1263
1264
1265
1266
1267
1268
1269
1270
1271
1272
1273
1274
1275
1276
1277
1278
1279
1280
1281
1282
1283
1284
1285
1286
1287
1288
1289
1290
1291
1292
1293
1294
1295
1296
1297
1298
1299
1300
1301
1302
1303
1304
1305
1306
1307
1308
1309
1310
1311
1312
1313
1314
1315
1316
1317
1318
1319
1320
1321
1322
1323
1324
1325
1326
1327
1328
1329
1330
1331
1332
1333
1334
1335
1336
1337
1338
1339
1340
1341
1342
1343
1344
1345
1346
1347
1348
1349
1350
1351
1352
1353
1354
1355
1356
1357
1358
1359
1360
1361
1362
1363
1364
1365
1366
1367
1368
1369
1370
1371
1372
1373
1374
1375
1376
1377
1378
1379
1380
1381
1382
1383
1384
1385
1386
1387
1388
1389
1390
1391
1392
1393
1394
1395
1396
1397
1398
1399
1400
1401
1402
1403
1404
1405
1406
1407
1408
1409
1410
1411
1412
1413
1414
1415
1416
1417
1418
1419
1420
1421
1422
1423
1424
1425
1426
1427
1428
1429
1430
1431
1432
1433
1434
1435
1436
1437
1438
1439
1440
1441
1442
1443
1444
1445
1446
1447
1448
1449
1450
1451
1452
1453
1454
1455
1456
1457
1458
1459
1460
1461
1462
1463
1464
1465
1466
1467
1468
1469
1470
1471
1472
1473
1474
1475
1476
1477
1478
1479
1480
1481
1482
1483
1484
1485
1486
1487
1488
1489
1490
1491
1492
1493
1494
1495
1496
1497
1498
1499
1500
1501
1502
1503
1504
1505
1506
1507
1508
1509
1510
1511
1512
1513
1514
1515
1516
1517
1518
1519
1520
1521
1522
1523
1524
1525
1526
1527
1528
1529
1530
1531
1532
1533
1534
1535
1536
1537
1538
1539
1540
1541
1542
1543
1544
1545
1546
1547
1548
1549
1550
1551
1552
1553
1554
1555
1556
1557
1558
1559
1560
1561
1562
1563
1564
1565
1566
1567
1568
1569
1570
1571
1572
1573
1574
1575
1576
1577
1578
1579
1580
1581
1582
1583
1584
1585
1586
1587
1588
1589
1590
1591
1592
1593
1594
1595
1596
1597
1598
1599
1600
1601
1602
1603
1604
1605
1606
1607
1608
1609
1610
1611
1612
1613
1614
1615
1616
1617
1618
1619
1620
1621
1622
1623
1624
1625
1626
1627
1628
1629
1630
1631
1632
1633
1634
1635
1636
1637
1638
1639
1640
1641
1642
1643
1644
1645
1646
1647
1648
1649
1650
1651
1652
1653
1654
1655
1656
1657
1658
1659
1660
1661
1662
1663
1664
1665
1666
1667
1668
1669
1670
1671
1672
1673
1674
1675
1676
1677
1678
1679
1680
1681
1682
1683
1684
1685
1686
1687
1688
1689
1690
1691
1692
1693
1694
1695
1696
1697
1698
1699
1700
1701
1702
1703
1704
1705
1706
1707
1708
1709
1710
1711
1712
1713
1714
1715
1716
1717
1718
1719
1720
1721
1722
1723
1724
1725
1726
1727
1728
1729
1730
1731
1732
1733
1734
1735
1736
1737
1738
1739
1740
1741
1742
1743
1744
1745
1746
1747
1748
1749
1750
1751
1752
1753
1754
1755
1756
1757
1758
1759
1760
1761
1762
1763
1764
1765
1766
1767
1768
1769
1770
1771
1772
1773
1774
1775
1776
1777
1778
1779
1780
1781
1782
1783
1784
1785
1786
1787
1788
1789
1790
1791
1792
1793
1794
1795
1796
1797
1798
1799
1800
1801
1802
1803
1804
1805
1806
1807
1808
1809
1810
1811
1812
1813
1814
1815
1816
1817
1818
1819
1820
1821
1822
1823
1824
1825
1826
1827
1828
1829
1830
1831
1832
1833
1834
1835
1836
1837
1838
1839
1840
1841
1842
1843
1844
1845
1846
1847
1848
1849
1850
1851
1852
1853
1854
1855
1856
1857
1858
1859
1860
1861
1862
1863
1864
1865
1866
1867
1868
1869
1870
1871
1872
1873
1874
1875
1876
1877
1878
1879
1880
1881
1882
1883
1884
1885
1886
1887
1888
1889
1890
1891
1892
1893
1894
1895
1896
1897
1898
1899
1900
1901
1902
1903
1904
1905
1906
1907
1908
1909
1910
1911
1912
1913
1914
1915
1916
1917
1918
1919
1920
1921
1922
1923
1924
1925
1926
1927
1928
1929
1930
1931
1932
1933
1934
1935
1936
1937
1938
1939
1940
1941
1942
1943
1944
1945
1946
1947
1948
1949
1950
1951
1952
1953
1954
1955
1956
1957
1958
1959
1960
1961
1962
1963
1964
1965
1966
1967
1968
1969
1970
1971
1972
1973
1974
1975
1976
1977
1978
1979
1980
1981
1982
1983
1984
1985
1986
1987
1988
1989
1990
1991
1992
1993
1994
1995
1996
1997
1998
1999
2000
2001
2002
2003
2004
2005
2006
2007
2008
2009
2010
2011
2012
2013
2014
2015
2016
2017
2018
2019
2020
2021
2022
2023
2024
2025
2026
2027
2028
2029
2030
2031
2032
2033
2034
2035
2036
2037
2038
2039
2040
2041
2042
2043
2044
2045
2046
2047
2048
2049
2050
2051
2052
2053
2054
2055
2056
2057
2058
2059
2060
2061
2062
2063
2064
2065
2066
2067
2068
2069
2070
2071
2072
2073
2074
2075
2076
2077
2078
2079
2080
2081
2082
2083
2084
2085
2086
2087
2088
2089
2090
2091
2092
2093
2094
2095
2096
2097
2098
2099
2100
2101
2102
2103
2104
2105
2106
2107
2108
2109
2110
2111
2112
2113
2114
2115
2116
2117
2118
2119
2120
2121
2122
2123
2124
2125
2126
2127
2128
2129
2130
2131
2132
2133
2134
2135
2136
2137
2138
2139
2140
2141
2142
2143
2144
2145
2146
2147
2148
2149
2150
2151
2152
2153
2154
2155
2156
2157
2158
2159
2160
2161
2162
2163
2164
2165
2166
2167
2168
2169
2170
2171
2172
2173
2174
2175
2176
2177
2178
2179
2180
2181
2182
2183
2184
2185
2186
2187
2188
2189
2190
2191
2192
2193
2194
2195
2196
2197
2198
2199
2200
2201
2202
2203
2204
2205
2206
2207
2208
2209
2210
2211
2212
2213
2214
2215
2216
2217
2218
2219
2220
2221
2222
2223
2224
2225
2226
2227
2228
2229
2230
2231
2232
2233
2234
2235
2236
2237
2238
2239
2240
2241
2242
2243
2244
2245
2246
2247
2248
2249
2250
2251
2252
2253
2254
2255
2256
2257
2258
2259
2260
2261
2262
2263
2264
2265
2266
2267
2268
2269
2270
2271
2272
2273
2274
2275
2276
2277
2278
2279
2280
2281
2282
2283
2284
2285
2286
2287
2288
2289
2290
2291
2292
2293
2294
2295
2296
2297
2298
2299
2300
2301
-21.61550158066633 -0.2491209693519709 3.333333333333333
-21.61550158066633 -0.2491209693519709 6.666666666666666
-21.61550158066633 -0.2491209693519709 10
-21.61550158066633 -0.2491209693519709 13.33333333333333
-21.61550158066633 -0.2491209693519709 16.66666666666667
-21.61550158066633 -0.2491209693519709 20
-21.61550158066633 -0.2491209693519709 23.33333333333334
-21.61550158066633 -0.2491209693519709 26.66666666666666
-21.61550158066633 -0.2491209693519709 30
-21.61550158066633 -0.2491209693519709 33.33333333333334
-21.61550158066633 -0.2491209693519709 36.66666666666666
21.21594899255812 -1.024455031866482 3.333333333333333
21.21594899255812 -1.024455031866482 6.666666666666666
21.21594899255812 -1.024455031866482 10
21.21594899255812 -1.024455031866482 13.33333333333333
21.21594899255812 -1.024455031866482 16.66666666666667
21.21594899255812 -1.024455031866482 20
21.21594899255812 -1.024455031866482 23.33333333333334
21.21594899255812 -1.024455031866482 26.66666666666666
21.21594899255812 -1.024455031866482 30
21.21594899255812 -1.024455031866482 33.33333333333334
21.21594899255812 -1.024455031866482 36.66666666666666
1.919981327294292 21.74215732800829 3.333333333333333
1.919981327294292 21.74215732800829 6.666666666666666
1.919981327294292 21.74215732800829 10
1.919981327294292 21.74215732800829 13.33333333333333
1.919981327294292 21.74215732800829 16.66666666666667
1.919981327294292 21.74215732800829 20
1.919981327294292 21.74215732800829 23.33333333333334
1.919981327294292 21.74215732800829 26.66666666666666
1.919981327294292 21.74215732800829 30
1.919981327294292 21.74215732800829 33.33333333333334
1.919981327294292 21.74215732800829 36.66666666666666
-0.08371878482888681 -21.38749547871572 3.333333333333333
-0.08371878482888681 -21.38749547871572 6.666666666666666
-0.08371878482888681 -21.38749547871572 10
-0.08371878482888681 -21.38749547871572 13.33333333333333
-0.08371878482888681 -21.38749547871572 16.66666666666667
-0.08371878482888681 -21.38749547871572 20
-0.08371878482888681 -21.38749547871572 23.33333333333334
-0.08371878482888681 -21.38749547871572 26.66666666666666
-0.08371878482888681 -21.38749547871572 30
-0.08371878482888681 -21.38749547871572 33.33333333333334
-0.08371878482888681 -21.38749547871572 36.66666666666666
14.84673448167375 15.30862479638879 3.333333333333333
14.84673448167375 15.30862479638879 6.666666666666666
14.84673448167375 15.30862479638879 10
14.84673448167375 15.30862479638879 13.33333333333333
14.84673448167375 15.30862479638879 16.66666666666667
14.84673448167375 15.30862479638879 20
14.84673448167375 15.30862479638879 23.33333333333334
14.84673448167375 15.30862479638879 26.66666666666666
14.84673448167375 15.30862479638879 30
14.84673448167375 15.30862479638879 33.33333333333334
14.84673448167375 15.30862479638879 36.66666666666666
13.85631838978155 -16.12782365143899 3.333333333333333
13.85631838978155 -16.12782365143899 6.666666666666666
13.85631838978155 -16.12782365143899 10
13.85631838978155 -16.12782365143899 13.33333333333333
13.85631838978155 -16.12782365143899 16.66666666666667
13.85631838978155 -16.12782365143899 20
13.85631838978155 -16.12782365143899 23.33333333333334
13.85631838978155 -16.12782365143899 26.66666666666666
13.85631838978155 -16.12782365143899 30
13.85631838978155 -16.12782365143899 33.33333333333334
13.85631838978155 -16.12782365143899 36.66666666666666
-15.95748273582167 -14.29540585653056 3.333333333333333
-15.95748273582167 -14.29540585653056 6.666666666666666
-15.95748273582167 -14.29540585653056 10
-15.95748273582167 -14.29540585653056 13.33333333333333
-15.95748273582167 -14.29540585653056 16.66666666666667
-15.95748273582167 -14.29540585653056 20
-15.95748273582167 -14.29540585653056 23.33333333333334
-15.95748273582167 -14.29540585653056 26.66666666666666
-15.95748273582167 -14.29540585653056 30
-15.95748273582167 -14.29540585653056 33.33333333333334
-15.95748273582167 -14.29540585653056 36.66666666666666
-14.92857262686161 15.10069751615286 3.333333333333333
-14.92857262686161 15.10069751615286 6.666666666666666
-14.92857262686161 15.10069751615286 10
-14.92857262686161 15.10069751615286 13.33333333333333
-14.92857262686161 15.10069751615286 16.66666666666667
-14.92857262686161 15.10069751615286 20
-14.92857262686161 15.10069751615286 23.33333333333334
-14.92857262686161 15.10069751615286 26.66666666666666
-14.92857262686161 15.10069751615286 30
-14.92857262686161 15.10069751615286 33.33333333333334
-14.92857262686161 15.10069751615286 36.66666666666666
-5.458608713221543 20.47847578936234 3.333333333333333
-5.458608713221543 20.47847578936234 6.666666666666666
-5.458608713221543 20.47847578936234 10
-5.458608713221543 20.47847578936234 13.33333333333333
-5.458608713221543 20.47847578936234 16.66666666666667
-5.458608713221543 20.47847578936234 20
-5.458608713221543 20.47847578936234 23.33333333333334
-5.458608713221543 20.47847578936234 26.66666666666666
-5.458608713221543 20.47847578936234 30
-5.458608713221543 20.47847578936234 33.33333333333334
-5.458608713221543 20.47847578936234 36.66666666666666
20.35540803966872 5.936617213525853 3.333333333333333
20.35540803966872 5.936617213525853 6.666666666666666
20.35540803966872 5.936617213525853 10
20.35540803966872 5.936617213525853 13.33333333333333
20.35540803966872 5.936617213525853 16.66666666666667
20.35540803966872 5.936617213525853 20
20.35540803966872 5.936617213525853 23.33333333333334
20.35540803966872 5.936617213525853 26.66666666666666
20.35540803966872 5.936617213525853 30
20.35540803966872 5.936617213525853 33.33333333333334
20.35540803966872 5.936617213525853 36.66666666666666
7.089182371664677 -20.91321779763162 3.333333333333333
7.089182371664677 -20.91321779763162 6.666666666666666
7.089182371664677 -20.91321779763162 10
7.089182371664677 -20.91321779763162 13.33333333333333
7.089182371664677 -20.91321779763162 16.66666666666667
7.089182371664677 -20.91321779763162 20
7.089182371664677 -20.91321779763162 23.33333333333334
7.089182371664677 -20.91321779763162 26.66666666666666
7.089182371664677 -20.91321779763162 30
7.089182371664677 -20.91321779763162 33.33333333333334
7.089182371664677 -20.91321779763162 36.66666666666666
-20.5002971551517 -9.415643198248077 3.333333333333333
-20.5002971551517 -9.415643198248077 6.666666666666666
-20.5002971551517 -9.415643198248077 10
-20.5002971551517 -9.415643198248077 13.33333333333333
-20.5002971551517 -9.415643198248077 16.66666666666667
-20.5002971551517 -9.415643198248077 20
-20.5002971551517 -9.415643198248077 23.33333333333334
-20.5002971551517 -9.415643198248077 26.66666666666666
-20.5002971551517 -9.415643198248077 30
-20.5002971551517 -9.415643198248077 33.33333333333334
-20.5002971551517 -9.415643198248077 36.66666666666666
7.621408868582622 20.22537913941699 3.333333333333333
7.621408868582622 20.22537913941699 6.666666666666666
7.621408868582622 20.22537913941699 10
7.621408868582622 20.22537913941699 13.33333333333333
7.621408868582622 20.22537913941699 16.66666666666667
7.621408868582622 20.22537913941699 20
7.621408868582622 20.22537913941699 23.33333333333334
7.621408868582622 20.22537913941699 26.66666666666666
7.621408868582622 20.22537913941699 30
7.621408868582622 20.22537913941699 33.33333333333334
7.621408868582622 20.22537913941699 36.66666666666666
20.25069012462212 -8.3727478438497 3.333333333333333
20.25069012462212 -8.3727478438497 6.666666666666666
20.25069012462212 -8.3727478438497 10
20.25069012462212 -8.3727478438497 13.33333333333333
20.25069012462212 -8.3727478438497 16.66666666666667
20.25069012462212 -8.3727478438497 20
20.25069012462212 -8.3727478438497 23.33333333333334
20.25069012462212 -8.3727478438497 26.66666666666666
20.25069012462212 -8.3727478438497 30
20.25069012462212 -8.3727478438497 33.33333333333334
20.25069012462212 -8.3727478438497 36.66666666666666
-6.893371643101431 -19.69773361334146 3.333333333333333
-6.893371643101431 -19.69773361334146 6.666666666666666
-6.893371643101431 -19.69773361334146 10
-6.893371643101431 -19.69773361334146 13.33333333333333
-6.893371643101431 -19.69773361334146 16.66666666666667
-6.893371643101431 -19.69773361334146 20
-6.893371643101431 -19.69773361334146 23.33333333333334
-6.893371643101431 -19.69773361334146 26.66666666666666
-6.893371643101431 -19.69773361334146 30
-6.893371643101431 -19.69773361334146 33.33333333333334
-6.893371643101431 -19.69773361334146 36.66666666666666
-19.59949009127389 9.590583138824906 3.333333333333333
-19.59949009127389 9.590583138824906 6.666666666666666
-19.59949009127389 9.590583138824906 10
-19.59949009127389 9.590583138824906 13.33333333333333
-19.59949009127389 9.590583138824906 16.66666666666667
-19.59949009127389 9.590583138824906 20
-19.59949009127389 9.590583138824906 23.33333333333334
-19.59949009127389 9.590583138824906 26.66666666666666
-19.59949009127389 9.590583138824906 30
-19.59949009127389 9.590583138824906 33.33333333333334
-19.59949009127389 9.590583138824906 36.66666666666666
12.430394398065 18.17118143914848 3.333333333333333
12.430394398065 18.17118143914848 6.666666666666666
12.430394398065 18.17118143914848 10
12.430394398065 18.17118143914848 13.33333333333333
12.430394398065 18.17118143914848 16.66666666666667
12.430394398065 18.17118143914848 20
12.430394398065 18.17118143914848 23.33333333333334
12.430394398065 18.17118143914848 26.66666666666666
12.430394398065 18.17118143914848 30
12.430394398065 18.17118143914848 33.33333333333334
12.430394398065 18.17118143914848 36.66666666666666
11.54865056090959 13.64396696730788 3.333333333333333
11.54865056090959 13.64396696730788 6.666666666666666
11.54865056090959 13.64396696730788 10
11.54865056090959 13.64396696730788 13.33333333333333
11.54865056090959 13.64396696730788 16.66666666666667
11.54865056090959 13.64396696730788 20
11.54865056090959 13.64396696730788 23.33333333333334
11.54865056090959 13.64396696730788 26.66666666666666
11.54865056090959 13.64396696730788 30
11.54865056090959 13.64396696730788 33.33333333333334
11.54865056090959 13.64396696730788 36.66666666666666
13.60002547207513 9.50640142404764 3.333333333333333
13.60002547207513 9.50640142404764 6.666666666666666
13.60002547207513 9.50640142404764 10
13.60002547207513 9.50640142404764 13.33333333333333
13.60002547207513 9.50640142404764 16.66666666666667
13.60002547207513 9.50640142404764 20
13.60002547207513 9.50640142404764 23.33333333333334
13.60002547207513 9.50640142404764 26.66666666666666
13.60002547207513 9.50640142404764 30
13.60002547207513 9.50640142404764 33.33333333333334
13.60002547207513 9.50640142404764 36.66666666666666
8.774492406209387 9.095452010479926 3.333333333333333
8.774492406209387 9.095452010479926 6.666666666666666
8.774492406209387 9.095452010479926 10
8.774492406209387 9.095452010479926 13.33333333333333
8.774492406209387 9.095452010479926 16.66666666666667
8.774492406209387 9.095452010479926 20
8.774492406209387 9.095452010479926 23.33333333333334
8.774492406209387 9.095452010479926 26.66666666666666
8.774492406209387 9.095452010479926 30
8.774492406209387 9.095452010479926 33.33333333333334
8.774492406209387 9.095452010479926 36.66666666666666
12.64635804946482 5.190124508610146 3.333333333333333
12.64635804946482 5.190124508610146 6.666666666666666
12.64635804946482 5.190124508610146 10
12.64635804946482 5.190124508610146 13.33333333333333
12.64635804946482 5.190124508610146 16.66666666666667
12.64635804946482 5.190124508610146 20
12.64635804946482 5.190124508610146 23.33333333333334
12.64635804946482 5.190124508610146 26.66666666666666
12.64635804946482 5.190124508610146 30
12.64635804946482 5.190124508610146 33.33333333333334
12.64635804946482 5.190124508610146 36.66666666666666
8.782382944335509 5.30603497098735 3.333333333333333
8.782382944335509 5.30603497098735 6.666666666666666
8.782382944335509 5.30603497098735 10
8.782382944335509 5.30603497098735 13.33333333333333
8.782382944335509 5.30603497098735 16.66666666666667
8.782382944335509 5.30603497098735 20
8.782382944335509 5.30603497098735 23.33333333333334
8.782382944335509 5.30603497098735 26.66666666666666
8.782382944335509 5.30603497098735 30
8.782382944335509 5.30603497098735 33.33333333333334
8.782382944335509 5.30603497098735 36.66666666666666
4.592655295841163 8.609070822633653 3.333333333333333
4.592655295841163 8.609070822633653 6.666666666666666
4.592655295841163 8.609070822633653 10
4.592655295841163 8.609070822633653 13.33333333333333
4.592655295841163 8.609070822633653 16.66666666666667
4.592655295841163 8.609070822633653 20
4.592655295841163 8.609070822633653 23.33333333333334
4.592655295841163 8.609070822633653 26.66666666666666
4.592655295841163 8.609070822633653 30
4.592655295841163 8.609070822633653 33.33333333333334
4.592655295841163 8.609070822633653 36.66666666666666
4.636715966717608 5.02133782365753 3.333333333333333
4.636715966717608 5.02133782365753 6.666666666666666
4.636715966717608 5.02133782365753 10
4.636715966717608 5.02133782365753 13.33333333333333
4.636715966717608 5.02133782365753 16.66666666666667
4.636715966717608 5.02133782365753 20
4.636715966717608 5.02133782365753 23.33333333333334
4.636715966717608 5.02133782365753 26.66666666666666
4.636715966717608 5.02133782365753 30
4.636715966717608 5.02133782365753 33.33333333333334
4.636715966717608 5.02133782365753 36.66666666666666
8.539691998633632 0.7631134860627582 3.333333333333333
8.539691998633632 0.7631134860627582 6.666666666666666
8.539691998633632 0.7631134860627582 10
8.539691998633632 0.7631134860627582 13.33333333333333
8.539691998633632 0.7631134860627582 16.66666666666667
8.539691998633632 0.7631134860627582 20
8.539691998633632 0.7631134860627582 23.33333333333334
8.539691998633632 0.7631134860627582 26.66666666666666
8.539691998633632 0.7631134860627582 30
8.539691998633632 0.7631134860627582 33.33333333333334
8.539691998633632 0.7631134860627582 36.66666666666666
3.939673161798611 1.167488327870708 3.333333333333333
3.939673161798611 1.167488327870708 6.666666666666666
3.939673161798611 1.167488327870708 10
3.939673161798611 1.167488327870708 13.33333333333333
3.939673161798611 1.167488327870708 16.66666666666667
3.939673161798611 1.167488327870708 20
3.939673161798611 1.167488327870708 23.33333333333334
3.939673161798611 1.167488327870708 26.66666666666666
3.939673161798611 1.167488327870708 30
3.939673161798611 1.167488327870708 33.33333333333334
3.939673161798611 1.167488327870708 36.66666666666666
0.6262707130495124 4.717097274649729 3.333333333333333
0.6262707130495124 4.717097274649729 6.666666666666666
0.6262707130495124 4.717097274649729 10
0.6262707130495124 4.717097274649729 13.33333333333333
0.6262707130495124 4.717097274649729 16.66666666666667
0.6262707130495124 4.717097274649729 20
0.6262707130495124 4.717097274649729 23.33333333333334
0.6262707130495124 4.717097274649729 26.66666666666666
0.6262707130495124 4.717097274649729 30
0.6262707130495124 4.717097274649729 33.33333333333334
0.6262707130495124 4.717097274649729 36.66666666666666
0.06756305640879155 1.15883696723976 3.333333333333333
0.06756305640879155 1.15883696723976 6.666666666666666
0.06756305640879155 1.15883696723976 10
0.06756305640879155 1.15883696723976 13.33333333333333
0.06756305640879155 1.15883696723976 16.66666666666667
0.06756305640879155 1.15883696723976 20
0.06756305640879155 1.15883696723976 23.33333333333334
0.06756305640879155 1.15883696723976 26.66666666666666
0.06756305640879155 1.15883696723976 30
0.06756305640879155 1.15883696723976 33.33333333333334
0.06756305640879155 1.15883696723976 36.66666666666666
2.686085246105505 -2.548572163346768 3.333333333333333
2.686085246105505 -2.548572163346768 6.666666666666666
2.686085246105505 -2.548572163346768 10
2.686085246105505 -2.548572163346768 13.33333333333333
2.686085246105505 -2.548572163346768 16.66666666666667
2.686085246105505 -2.548572163346768 20
2.686085246105505 -2.548572163346768 23.33333333333334
2.686085246105505 -2.548572163346768 26.66666666666666
2.686085246105505 -2.548572163346768 30
2.686085246105505 -2.548572163346768 33.33333333333334
2.686085246105505 -2.548572163346768 36.66666666666666
-0.6986504520537853 -2.339542505172901 3.333333333333333
-0.6986504520537853 -2.339542505172901 6.666666666666666
-0.6986504520537853 -2.339542505172901 10
-0.6986504520537853 -2.339542505172901 13.33333333333333
-0.6986504520537853 -2.339542505172901 16.66666666666667
-0.6986504520537853 -2.339542505172901 20
-0.6986504520537853 -2.339542505172901 23.33333333333334
-0.6986504520537853 -2.339542505172901 26.66666666666666
-0.6986504520537853 -2.339542505172901 30
-0.6986504520537853 -2.339542505172901 33.33333333333334
-0.6986504520537853 -2.339542505172901 36.66666666666666
-3.504490499868985 1.155402598661827 3.333333333333333
-3.504490499868985 1.155402598661827 6.666666666666666
-3.504490499868985 1.155402598661827 10
-3.504490499868985 1.155402598661827 13.33333333333333
-3.504490499868985 1.155402598661827 16.66666666666667
-3.504490499868985 1.155402598661827 20
-3.504490499868985 1.155402598661827 23.33333333333334
-3.504490499868985 1.155402598661827 26.66666666666666
-3.504490499868985 1.155402598661827 30
-3.504490499868985 1.155402598661827 33.33333333333334
-3.504490499868985 1.155402598661827 36.66666666666666
-4.244658070006596 -2.376189797205544 3.333333333333333
-4.244658070006596 -2.376189797205544 6.666666666666666
-4.244658070006596 -2.376189797205544 10
-4.244658070006596 -2.376189797205544 13.33333333333333
-4.244658070006596 -2.376189797205544 16.66666666666667
-4.244658070006596 -2.376189797205544 20
-4.244658070006596 -2.376189797205544 23.33333333333334
-4.244658070006596 -2.376189797205544 26.66666666666666
-4.244658070006596 -2.376189797205544 30
-4.244658070006596 -2.376189797205544 33.33333333333334
-4.244658070006596 -2.376189797205544 36.66666666666666
1.575543613590555 -5.129894989574731 3.333333333333333
1.575543613590555 -5.129894989574731 6.666666666666666
1.575543613590555 -5.129894989574731 10
1.575543613590555 -5.129894989574731 13.33333333333333
1.575543613590555 -5.129894989574731 16.66666666666667
1.575543613590555 -5.129894989574731 20
1.575543613590555 -5.129894989574731 23.33333333333334
1.575543613590555 -5.129894989574731 26.66666666666666
1.575543613590555 -5.129894989574731 30
1.575543613590555 -5.129894989574731 33.33333333333334
1.575543613590555 -5.129894989574731 36.66666666666666
5.936641903560658 -3.623539354579581 3.333333333333333
5.936641903560658 -3.623539354579581 6.666666666666666
5.936641903560658 -3.623539354579581 10
5.936641903560658 -3.623539354579581 13.33333333333333
5.936641903560658 -3.623539354579581 16.66666666666667
5.936641903560658 -3.623539354579581 20
5.936641903560658 -3.623539354579581 23.33333333333334
5.936641903560658 -3.623539354579581 26.66666666666666
5.936641903560658 -3.623539354579581 30
5.936641903560658 -3.623539354579581 33.33333333333334
5.936641903560658 -3.623539354579581 36.66666666666666
-6.782259572172566 1.787792300411677 3.333333333333333
-6.782259572172566 1.787792300411677 6.666666666666666
-6.782259572172566 1.787792300411677 10
-6.782259572172566 1.787792300411677 13.33333333333333
-6.782259572172566 1.787792300411677 16.66666666666667
-6.782259572172566 1.787792300411677 20
-6.782259572172566 1.787792300411677 23.33333333333334
-6.782259572172566 1.787792300411677 26.66666666666666
-6.782259572172566 1.787792300411677 30
-6.782259572172566 1.787792300411677 33.33333333333334
-6.782259572172566 1.787792300411677 36.66666666666666
-5.67594771020502 4.337053340003129 3.333333333333333
-5.67594771020502 4.337053340003129 6.666666666666666
-5.67594771020502 4.337053340003129 10
-5.67594771020502 4.337053340003129 13.33333333333333
-5.67594771020502 4.337053340003129 16.66666666666667
-5.67594771020502 4.337053340003129 20
-5.67594771020502 4.337053340003129 23.33333333333334
-5.67594771020502 4.337053340003129 26.66666666666666
-5.67594771020502 4.337053340003129 30
-5.67594771020502 4.337053340003129 33.33333333333334
-5.67594771020502 4.337053340003129 36.66666666666666
3.419767126636668 -7.490004942160453 3.333333333333333
3.419767126636668 -7.490004942160453 6.666666666666666
3.419767126636668 -7.490004942160453 10
3.419767126636668 -7.490004942160453 13.33333333333333
3.419767126636668 -7.490004942160453 16.66666666666667
3.419767126636668 -7.490004942160453 20
3.419767126636668 -7.490004942160453 23.33333333333334
3.419767126636668 -7.490004942160453 26.66666666666666
3.419767126636668 -7.490004942160453 30
3.419767126636668 -7.490004942160453 33.33333333333334
3.419767126636668 -7.490004942160453 36.66666666666666
-0.6950376972312928 -8.788520931220928 3.333333333333333
-0.6950376972312928 -8.788520931220928 6.666666666666666
-0.6950376972312928 -8.788520931220928 10
-0.6950376972312928 -8.788520931220928 13.33333333333333
-0.6950376972312928 -8.788520931220928 16.66666666666667
-0.6950376972312928 -8.788520931220928 20
-0.6950376972312928 -8.788520931220928 23.33333333333334
-0.6950376972312928 -8.788520931220928 26.66666666666666
-0.6950376972312928 -8.788520931220928 30
-0.6950376972312928 -8.788520931220928 33.33333333333334
-0.6950376972312928 -8.788520931220928 36.66666666666666
-7.858137963917643 -1.937634154911441 3.333333333333333
-7.858137963917643 -1.937634154911441 6.666666666666666
-7.858137963917643 -1.937634154911441 10
-7.858137963917643 -1.937634154911441 13.33333333333333
-7.858137963917643 -1.937634154911441 16.66666666666667
-7.858137963917643 -1.937634154911441 20
-7.858137963917643 -1.937634154911441 23.33333333333334
-7.858137963917643 -1.937634154911441 26.66666666666666
-7.858137963917643 -1.937634154911441 30
-7.858137963917643 -1.937634154911441 33.33333333333334
-7.858137963917643 -1.937634154911441 36.66666666666666
-10.45966779401079 3.541882713180061 3.333333333333333
-10.45966779401079 3.541882713180061 6.666666666666666
-10.45966779401079 3.541882713180061 10
-10.45966779401079 3.541882713180061 13.33333333333333
-10.45966779401079 3.541882713180061 16.66666666666667
-10.45966779401079 3.541882713180061 20
-10.45966779401079 3.541882713180061 23.33333333333334
-10.45966779401079 3.541882713180061 26.66666666666666
-10.45966779401079 3.541882713180061 30
-10.45966779401079 3.541882713180061 33.33333333333334
-10.45966779401079 3.541882713180061 36.66666666666666
-7.079367932754805 7.201707893780958 3.333333333333333
-7.079367932754805 7.201707893780958 6.666666666666666
-7.079367932754805 7.201707893780958 10
-7.079367932754805 7.201707893780958 13.33333333333333
-7.079367932754805 7.201707893780958 16.66666666666667
-7.079367932754805 7.201707893780958 20
-7.079367932754805 7.201707893780958 23.33333333333334
-7.079367932754805 7.201707893780958 26.66666666666666
-7.079367932754805 7.201707893780958 30
-7.079367932754805 7.201707893780958 33.33333333333334
-7.079367932754805 7.201707893780958 36.66666666666666
7.15525769457126 -8.626110015547084 3.333333333333333
7.15525769457126 -8.626110015547084 6.666666666666666
7.15525769457126 -8.626110015547084 10
7.15525769457126 -8.626110015547084 13.33333333333333
7.15525769457126 -8.626110015547084 16.66666666666667
7.15525769457126 -8.626110015547084 20
7.15525769457126 -8.626110015547084 23.33333333333334
7.15525769457126 -8.626110015547084 26.66666666666666
7.15525769457126 -8.626110015547084 30
7.15525769457126 -8.626110015547084 33.33333333333334
7.15525769457126 -8.626110015547084 36.66666666666666
6.150176684535603 -10.89207287927577 3.333333333333333
6.150176684535603 -10.89207287927577 6.666666666666666
6.150176684535603 -10.89207287927577 10
6.150176684535603 -10.89207287927577 13.33333333333333
6.150176684535603 -10.89207287927577 16.66666666666667
6.150176684535603 -10.89207287927577 20
6.150176684535603 -10.89207287927577 23.33333333333334
6.150176684535603 -10.89207287927577 26.66666666666666
6.150176684535603 -10.89207287927577 30
6.150176684535603 -10.89207287927577 33.33333333333334
6.150176684535603 -10.89207287927577 36.66666666666666
9.015130000671126 -5.380166735508588 3.333333333333333
9.015130000671126 -5.380166735508588 6.666666666666666
9.015130000671126 -5.380166735508588 10
9.015130000671126 -5.380166735508588 13.33333333333333
9.015130000671126 -5.380166735508588 16.66666666666667
9.015130000671126 -5.380166735508588 20
9.015130000671126 -5.380166735508588 23.33333333333334
9.015130000671126 -5.380166735508588 26.66666666666666
9.015130000671126 -5.380166735508588 30
9.015130000671126 -5.380166735508588 33.33333333333334
9.015130000671126 -5.380166735508588 36.66666666666666
11.74359862381747 -7.251093408307744 3.333333333333333
11.74359862381747 -7.251093408307744 6.666666666666666
11.74359862381747 -7.251093408307744 10
11.74359862381747 -7.251093408307744 13.33333333333333
11.74359862381747 -7.251093408307744 16.66666666666667
11.74359862381747 -7.251093408307744 20
11.74359862381747 -7.251093408307744 23.33333333333334
11.74359862381747 -7.251093408307744 26.66666666666666
11.74359862381747 -7.251093408307744 30
11.74359862381747 -7.251093408307744 33.33333333333334
11.74359862381747 -7.251093408307744 36.66666666666666
13.89950451580884 -4.500947869424381 3.333333333333333
13.89950451580884 -4.500947869424381 6.666666666666666
13.89950451580884 -4.500947869424381 10
13.89950451580884 -4.500947869424381 13.33333333333333
13.89950451580884 -4.500947869424381 16.66666666666667
13.89950451580884 -4.500947869424381 20
13.89950451580884 -4.500947869424381 23.33333333333334
13.89950451580884 -4.500947869424381 26.66666666666666
13.89950451580884 -4.500947869424381 30
13.89950451580884 -4.500947869424381 33.33333333333334
13.89950451580884 -4.500947869424381 36.66666666666666
-3.122377149324708 7.658747779773511 3.333333333333333
-3.122377149324708 7.658747779773511 6.666666666666666
-3.122377149324708 7.658747779773511 10
-3.122377149324708 7.658747779773511 13.33333333333333
-3.122377149324708 7.658747779773511 16.66666666666667
-3.122377149324708 7.658747779773511 20
-3.122377149324708 7.658747779773511 23.33333333333334
-3.122377149324708 7.658747779773511 26.66666666666666
-3.122377149324708 7.658747779773511 30
-3.122377149324708 7.658747779773511 33.33333333333334
-3.122377149324708 7.658747779773511 36.66666666666666
-6.239719368725191 10.19527298699008 3.333333333333333
-6.239719368725191 10.19527298699008 6.666666666666666
-6.239719368725191 10.19527298699008 10
-6.239719368725191 10.19527298699008 13.33333333333333
-6.239719368725191 10.19527298699008 16.66666666666667
-6.239719368725191 10.19527298699008 20
-6.239719368725191 10.19527298699008 23.33333333333334
-6.239719368725191 10.19527298699008 26.66666666666666
-6.239719368725191 10.19527298699008 30
-6.239719368725191 10.19527298699008 33.33333333333334
-6.239719368725191 10.19527298699008 36.66666666666666
-3.720547263014673 10.66365991755841 3.333333333333333
-3.720547263014673 10.66365991755841 6.666666666666666
-3.720547263014673 10.66365991755841 10
-3.720547263014673 10.66365991755841 13.33333333333333
-3.720547263014673 10.66365991755841 16.66666666666667
-3.720547263014673 10.66365991755841 20
-3.720547263014673 10.66365991755841 23.33333333333334
-3.720547263014673 10.66365991755841 26.66666666666666
-3.720547263014673 10.66365991755841 30
-3.720547263014673 10.66365991755841 33.33333333333334
-3.720547263014673 10.66365991755841 36.66666666666666
-4.550286000497357 -5.969886742691156 3.333333333333333
-4.550286000497357 -5.969886742691156 6.666666666666666
-4.550286000497357 -5.969886742691156 10
-4.550286000497357 -5.969886742691156 13.33333333333333
-4.550286000497357 -5.969886742691156 16.66666666666667
-4.550286000497357 -5.969886742691156 20
-4.550286000497357 -5.969886742691156 23.33333333333334
-4.550286000497357 -5.969886742691156 26.66666666666666
-4.550286000497357 -5.969886742691156 30
-4.550286000497357 -5.969886742691156 33.33333333333334
-4.550286000497357 -5.969886742691156 36.66666666666666
-8.879988513923541 -6.663860996495636 3.333333333333333
-8.879988513923541 -6.663860996495636 6.666666666666666
-8.879988513923541 -6.663860996495636 10
-8.879988513923541 -6.663860996495636 13.33333333333333
-8.879988513923541 -6.663860996495636 16.66666666666667
-8.879988513923541 -6.663860996495636 20
-8.879988513923541 -6.663860996495636 23.33333333333334
-8.879988513923541 -6.663860996495636 26.66666666666666
-8.879988513923541 -6.663860996495636 30
-8.879988513923541 -6.663860996495636 33.33333333333334
-8.879988513923541 -6.663860996495636 36.66666666666666
-12.46931330990483 -4.695471570981724 3.333333333333333
-12.46931330990483 -4.695471570981724 6.666666666666666
-12.46931330990483 -4.695471570981724 10
-12.46931330990483 -4.695471570981724 13.33333333333333
-12.46931330990483 -4.695471570981724 16.66666666666667
-12.46931330990483 -4.695471570981724 20
-12.46931330990483 -4.695471570981724 23.33333333333334
-12.46931330990483 -4.695471570981724 26.66666666666666
-12.46931330990483 -4.695471570981724 30
-12.46931330990483 -4.695471570981724 33.33333333333334
-12.46931330990483 -4.695471570981724 36.66666666666666
-7.208142697129702 -9.784750105891005 3.333333333333333
-7.208142697129702 -9.784750105891005 6.666666666666666
-7.208142697129702 -9.784750105891005 10
-7.208142697129702 -9.784750105891005 13.33333333333333
-7.208142697129702 -9.784750105891005 16.66666666666667
-7.208142697129702 -9.784750105891005 20
-7.208142697129702 -9.784750105891005 23.33333333333334
-7.208142697129702 -9.784750105891005 26.66666666666666
-7.208142697129702 -9.784750105891005 30
-7.208142697129702 -9.784750105891005 33.33333333333334
-7.208142697129702 -9.784750105891005 36.66666666666666
-12.69474352494333 7.256242550347655 3.333333333333333
-12.69474352494333 7.256242550347655 6.666666666666666
-12.69474352494333 7.256242550347655 10
-12.69474352494333 7.256242550347655 13.33333333333333
-12.69474352494333 7.256242550347655 16.66666666666667
-12.69474352494333 7.256242550347655 20
-12.69474352494333 7.256242550347655 23.33333333333334
-12.69474352494333 7.256242550347655 26.66666666666666
-12.69474352494333 7.256242550347655 30
-12.69474352494333 7.256242550347655 33.33333333333334
-12.69474352494333 7.256242550347655 36.66666666666666
-13.48607390612056 2.809558553311471 3.333333333333333
-13.48607390612056 2.809558553311471 6.666666666666666
-13.48607390612056 2.809558553311471 10
-13.48607390612056 2.809558553311471 13.33333333333333
-13.48607390612056 2.809558553311471 16.66666666666667
-13.48607390612056 2.809558553311471 20
-13.48607390612056 2.809558553311471 23.33333333333334
-13.48607390612056 2.809558553311471 26.66666666666666
-13.48607390612056 2.809558553311471 30
-13.48607390612056 2.809558553311471 33.33333333333334
-13.48607390612056 2.809558553311471 36.66666666666666
-4.978506872756575 13.49194896181662 3.333333333333333
-4.978506872756575 13.49194896181662 6.666666666666666
-4.978506872756575 13.49194896181662 10
-4.978506872756575 13.49194896181662 13.33333333333333
-4.978506872756575 13.49194896181662 16.66666666666667
-4.978506872756575 13.49194896181662 20
-4.978506872756575 13.49194896181662 23.33333333333334
-4.978506872756575 13.49194896181662 26.66666666666666
-4.978506872756575 13.49194896181662 30
-4.978506872756575 13.49194896181662 33.33333333333334
-4.978506872756575 13.49194896181662 36.66666666666666
-1.529350791753953 14.38563517588852 3.333333333333333
-1.529350791753953 14.38563517588852 6.666666666666666
-1.529350791753953 14.38563517588852 10
-1.529350791753953 14.38563517588852 13.33333333333333
-1.529350791753953 14.38563517588852 16.66666666666667
-1.529350791753953 14.38563517588852 20
-1.529350791753953 14.38563517588852 23.33333333333334
-1.529350791753953 14.38563517588852 26.66666666666666
-1.529350791753953 14.38563517588852 30
-1.529350791753953 14.38563517588852 33.33333333333334
-1.529350791753953 14.38563517588852 36.66666666666666
-0.1701187900277973 11.28751826683784 3.333333333333333
-0.1701187900277973 11.28751826683784 6.666666666666666
-0.1701187900277973 11.28751826683784 10
-0.1701187900277973 11.28751826683784 13.33333333333333
-0.1701187900277973 11.28751826683784 16.66666666666667
-0.1701187900277973 11.28751826683784 20
-0.1701187900277973 11.28751826683784 23.33333333333334
-0.1701187900277973 11.28751826683784 26.66666666666666
-0.1701187900277973 11.28751826683784 30
-0.1701187900277973 11.28751826683784 33.33333333333334
-0.1701187900277973 11.28751826683784 36.66666666666666
2.183065949962522 15.13072923130559 3.333333333333333
2.183065949962522 15.13072923130559 6.666666666666666
2.183065949962522 15.13072923130559 10
2.183065949962522 15.13072923130559 13.33333333333333
2.183065949962522 15.13072923130559 16.66666666666667
2.183065949962522 15.13072923130559 20
2.183065949962522 15.13072923130559 23.33333333333334
2.183065949962522 15.13072923130559 26.66666666666666
2.183065949962522 15.13072923130559 30
2.183065949962522 15.13072923130559 33.33333333333334
2.183065949962522 15.13072923130559 36.66666666666666
-15.11840164337705 4.771094910843072 3.333333333333333
-15.11840164337705 4.771094910843072 6.666666666666666
-15.11840164337705 4.771094910843072 10
-15.11840164337705 4.771094910843072 13.33333333333333
-15.11840164337705 4.771094910843072 16.66666666666667
-15.11840164337705 4.771094910843072 20
-15.11840164337705 4.771094910843072 23.33333333333334
-15.11840164337705 4.771094910843072 26.66666666666666
-15.11840164337705 4.771094910843072 30
-15.11840164337705 4.771094910843072 33.33333333333334
-15.11840164337705 4.771094910843072 36.66666666666666
-13.35290648785739 -7.348439669808686 3.333333333333333
-13.35290648785739 -7.348439669808686 6.666666666666666
-13.35290648785739 -7.348439669808686 10
-13.35290648785739 -7.348439669808686 13.33333333333333
-13.35290648785739 -7.348439669808686 16.66666666666667
-13.35290648785739 -7.348439669808686 20
-13.35290648785739 -7.348439669808686 23.33333333333334
-13.35290648785739 -7.348439669808686 26.66666666666666
-13.35290648785739 -7.348439669808686 30
-13.35290648785739 -7.348439669808686 33.33333333333334
-13.35290648785739 -7.348439669808686 36.66666666666666
-15.53545210878396 -3.288783411127342 3.333333333333333
-15.53545210878396 -3.288783411127342 6.666666666666666
-15.53545210878396 -3.288783411127342 10
-15.53545210878396 -3.288783411127342 13.33333333333333
-15.53545210878396 -3.288783411127342 16.66666666666667
-15.53545210878396 -3.288783411127342 20
-15.53545210878396 -3.288783411127342 23.33333333333334
-15.53545210878396 -3.288783411127342 26.66666666666666
-15.53545210878396 -3.288783411127342 30
-15.53545210878396 -3.288783411127342 33.33333333333334
-15.53545210878396 -3.288783411127342 36.66666666666666
-7.785780765741849 12.02019378888907 3.333333333333333
-7.785780765741849 12.02019378888907 6.666666666666666
-7.785780765741849 12.02019378888907 10
-7.785780765741849 12.02019378888907 13.33333333333333
-7.785780765741849 12.02019378888907 16.66666666666667
-7.785780765741849 12.02019378888907 20
-7.785780765741849 12.02019378888907 23.33333333333334
-7.785780765741849 12.02019378888907 26.66666666666666
-7.785780765741849 12.02019378888907 30
-7.785780765741849 12.02019378888907 33.33333333333334
-7.785780765741849 12.02019378888907 36.66666666666666
-6.796307863080705 16.25598107993898 3.333333333333333
-6.796307863080705 16.25598107993898 6.666666666666666
-6.796307863080705 16.25598107993898 10
-6.796307863080705 16.25598107993898 13.33333333333333
-6.796307863080705 16.25598107993898 16.66666666666667
-6.796307863080705 16.25598107993898 20
-6.796307863080705 16.25598107993898 23.33333333333334
-6.796307863080705 16.25598107993898 26.66666666666666
-6.796307863080705 16.25598107993898 30
-6.796307863080705 16.25598107993898 33.33333333333334
-6.796307863080705 16.25598107993898 36.66666666666666
15.32098753903214 -6.263534654688799 3.333333333333333
15.32098753903214 -6.263534654688799 6.666666666666666
15.32098753903214 -6.263534654688799 10
15.32098753903214 -6.263534654688799 13.33333333333333
15.32098753903214 -6.263534654688799 16.66666666666667
15.32098753903214 -6.263534654688799 20
15.32098753903214 -6.263534654688799 23.33333333333334
15.32098753903214 -6.263534654688799 26.66666666666666
15.32098753903214 -6.263534654688799 30
15.32098753903214 -6.263534654688799 33.33333333333334
15.32098753903214 -6.263534654688799 36.66666666666666
14.29388093105802 -8.611119551467709 3.333333333333333
14.29388093105802 -8.611119551467709 6.666666666666666
14.29388093105802 -8.611119551467709 10
14.29388093105802 -8.611119551467709 13.33333333333333
14.29388093105802 -8.611119551467709 16.66666666666667
14.29388093105802 -8.611119551467709 20
14.29388093105802 -8.611119551467709 23.33333333333334
14.29388093105802 -8.611119551467709 26.66666666666666
14.29388093105802 -8.611119551467709 30
14.29388093105802 -8.611119551467709 33.33333333333334
14.29388093105802 -8.611119551467709 36.66666666666666
17.12837264041418 -1.612354835973152 3.333333333333333
17.12837264041418 -1.612354835973152 6.666666666666666
17.12837264041418 -1.612354835973152 10
17.12837264041418 -1.612354835973152 13.33333333333333
17.12837264041418 -1.612354835973152 16.66666666666667
17.12837264041418 -1.612354835973152 20
17.12837264041418 -1.612354835973152 23.33333333333334
17.12837264041418 -1.612354835973152 26.66666666666666
17.12837264041418 -1.612354835973152 30
17.12837264041418 -1.612354835973152 33.33333333333334
17.12837264041418 -1.612354835973152 36.66666666666666
14.05345773208734 0.776554615236956 3.333333333333333
14.05345773208734 0.776554615236956 6.666666666666666
14.05345773208734 0.776554615236956 10
14.05345773208734 0.776554615236956 13.33333333333333
14.05345773208734 0.776554615236956 16.66666666666667
14.05345773208734 0.776554615236956 20
14.05345773208734 0.776554615236956 23.33333333333334
14.05345773208734 0.776554615236956 26.66666666666666
14.05345773208734 0.776554615236956 30
14.05345773208734 0.776554615236956 33.33333333333334
14.05345773208734 0.776554615236956 36.66666666666666
-14.97607320544666 9.967404184256777 3.333333333333333
-14.97607320544666 9.967404184256777 6.666666666666666
-14.97607320544666 9.967404184256777 10
-14.97607320544666 9.967404184256777 13.33333333333333
-14.97607320544666 9.967404184256777 16.66666666666667
-14.97607320544666 9.967404184256777 20
-14.97607320544666 9.967404184256777 23.33333333333334
-14.97607320544666 9.967404184256777 26.66666666666666
-14.97607320544666 9.967404184256777 30
-14.97607320544666 9.967404184256777 33.33333333333334
-14.97607320544666 9.967404184256777 36.66666666666666
16.62653770122048 7.650355006945544 3.333333333333333
16.62653770122048 7.650355006945544 6.666666666666666
16.62653770122048 7.650355006945544 10
16.62653770122048 7.650355006945544 13.33333333333333
16.62653770122048 7.650355006945544 16.66666666666667
16.62653770122048 7.650355006945544 20
16.62653770122048 7.650355006945544 23.33333333333334
16.62653770122048 7.650355006945544 26.66666666666666
16.62653770122048 7.650355006945544 30
16.62653770122048 7.650355006945544 33.33333333333334
16.62653770122048 7.650355006945544 36.66666666666666
-17.07544892291229 1.867728923127494 3.333333333333333
-17.07544892291229 1.867728923127494 6.666666666666666
-17.07544892291229 1.867728923127494 10
-17.07544892291229 1.867728923127494 13.33333333333333
-17.07544892291229 1.867728923127494 16.66666666666667
-17.07544892291229 1.867728923127494 20
-17.07544892291229 1.867728923127494 23.33333333333334
-17.07544892291229 1.867728923127494 26.66666666666666
-17.07544892291229 1.867728923127494 30
-17.07544892291229 1.867728923127494 33.33333333333334
-17.07544892291229 1.867728923127494 36.66666666666666
7.633655407231565 12.61248502516522 3.333333333333333
7.633655407231565 12.61248502516522 6.666666666666666
7.633655407231565 12.61248502516522 10
7.633655407231565 12.61248502516522 13.33333333333333
7.633655407231565 12.61248502516522 16.66666666666667
7.633655407231565 12.61248502516522 20
7.633655407231565 12.61248502516522 23.33333333333334
7.633655407231565 12.61248502516522 26.66666666666666
7.633655407231565 12.61248502516522 30
7.633655407231565 12.61248502516522 33.33333333333334
7.633655407231565 12.61248502516522 36.66666666666666
9.446586688812356 16.87677534407523 3.333333333333333
9.446586688812356 16.87677534407523 6.666666666666666
9.446586688812356 16.87677534407523 10
9.446586688812356 16.87677534407523 13.33333333333333
9.446586688812356 16.87677534407523 16.66666666666667
9.446586688812356 16.87677534407523 20
9.446586688812356 16.87677534407523 23.33333333333334
9.446586688812356 16.87677534407523 26.66666666666666
9.446586688812356 16.87677534407523 30
9.446586688812356 16.87677534407523 33.33333333333334
9.446586688812356 16.87677534407523 36.66666666666666
5.874195516690623 15.93156973249666 3.333333333333333
5.874195516690623 15.93156973249666 6.666666666666666
5.874195516690623 15.93156973249666 10
5.874195516690623 15.93156973249666 13.33333333333333
5.874195516690623 15.93156973249666 16.66666666666667
5.874195516690623 15.93156973249666 20
5.874195516690623 15.93156973249666 23.33333333333334
5.874195516690623 15.93156973249666 26.66666666666666
5.874195516690623 15.93156973249666 30
5.874195516690623 15.93156973249666 33.33333333333334
5.874195516690623 15.93156973249666 36.66666666666666
16.54717605209433 4.281303966205448 3.333333333333333
16.54717605209433 4.281303966205448 6.666666666666666
16.54717605209433 4.281303966205448 10
16.54717605209433 4.281303966205448 13.33333333333333
16.54717605209433 4.281303966205448 16.66666666666667
16.54717605209433 4.281303966205448 20
16.54717605209433 4.281303966205448 23.33333333333334
16.54717605209433 4.281303966205448 26.66666666666666
16.54717605209433 4.281303966205448 30
16.54717605209433 4.281303966205448 33.33333333333334
16.54717605209433 4.281303966205448 36.66666666666666
3.602276118838405 11.92080833581243 3.333333333333333
3.602276118838405 11.92080833581243 6.666666666666666
3.602276118838405 11.92080833581243 10
3.602276118838405 11.92080833581243 13.33333333333333
3.602276118838405 11.92080833581243 16.66666666666667
3.602276118838405 11.92080833581243 20
3.602276118838405 11.92080833581243 23.33333333333334
3.602276118838405 11.92080833581243 26.66666666666666
3.602276118838405 11.92080833581243 30
3.602276118838405 11.92080833581243 33.33333333333334
3.602276118838405 11.92080833581243 36.66666666666666
11.95430489848939 2.370719501077704 3.333333333333333
11.95430489848939 2.370719501077704 6.666666666666666
11.95430489848939 2.370719501077704 10
11.95430489848939 2.370719501077704 13.33333333333333
11.95430489848939 2.370719501077704 16.66666666666667
11.95430489848939 2.370719501077704 20
11.95430489848939 2.370719501077704 23.33333333333334
11.95430489848939 2.370719501077704 26.66666666666666
11.95430489848939 2.370719501077704 30
11.95430489848939 2.370719501077704 33.33333333333334
11.95430489848939 2.370719501077704 36.66666666666666
0.5071618376074075 8.075268079606639 3.333333333333333
0.5071618376074075 8.075268079606639 6.666666666666666
0.5071618376074075 8.075268079606639 10
0.5071618376074075 8.075268079606639 13.33333333333333
0.5071618376074075 8.075268079606639 16.66666666666667
0.5071618376074075 8.075268079606639 20
0.5071618376074075 8.075268079606639 23.33333333333334
0.5071618376074075 8.075268079606639 26.66666666666666
0.5071618376074075 8.075268079606639 30
0.5071618376074075 8.075268079606639 33.33333333333334
0.5071618376074075 8.075268079606639 36.66666666666666
-4.343196248782426 -9.433638078755227 3.333333333333333
-4.343196248782426 -9.433638078755227 6.666666666666666
-4.343196248782426 -9.433638078755227 10
-4.343196248782426 -9.433638078755227 13.33333333333333
-4.343196248782426 -9.433638078755227 16.66666666666667
-4.343196248782426 -9.433638078755227 20
-4.343196248782426 -9.433638078755227 23.33333333333334
-4.343196248782426 -9.433638078755227 26.66666666666666
-4.343196248782426 -9.433638078755227 30
-4.343196248782426 -9.433638078755227 33.33333333333334
-4.343196248782426 -9.433638078755227 36.66666666666666
-3.759326866510301 -12.91407249797036 3.333333333333333
-3.759326866510301 -12.91407249797036 6.666666666666666
-3.759326866510301 -12.91407249797036 10
-3.759326866510301 -12.91407249797036 13.33333333333333
-3.759326866510301 -12.91407249797036 16.66666666666667
-3.759326866510301 -12.91407249797036 20
-3.759326866510301 -12.91407249797036 23.33333333333334
-3.759326866510301 -12.91407249797036 26.66666666666666
-3.759326866510301 -12.91407249797036 30
-3.759326866510301 -12.91407249797036 33.33333333333334
-3.759326866510301 -12.91407249797036 36.66666666666666
-8.583428556105924 -13.52721978907403 3.333333333333333
-8.583428556105924 -13.52721978907403 6.666666666666666
-8.583428556105924 -13.52721978907403 10
-8.583428556105924 -13.52721978907403 13.33333333333333
-8.583428556105924 -13.52721978907403 16.66666666666667
-8.583428556105924 -13.52721978907403 20
-8.583428556105924 -13.52721978907403 23.33333333333334
-8.583428556105924 -13.52721978907403 26.66666666666666
-8.583428556105924 -13.52721978907403 30
-8.583428556105924 -13.52721978907403 33.33333333333334
-8.583428556105924 -13.52721978907403 36.66666666666666
0.1367062106612517 -12.12089147979901 3.333333333333333
0.1367062106612517 -12.12089147979901 6.666666666666666
0.1367062106612517 -12.12089147979901 10
0.1367062106612517 -12.12089147979901 13.33333333333333
0.1367062106612517 -12.12089147979901 16.66666666666667
0.1367062106612517 -12.12089147979901 20
0.1367062106612517 -12.12089147979901 23.33333333333334
0.1367062106612517 -12.12089147979901 26.66666666666666
0.1367062106612517 -12.12089147979901 30
0.1367062106612517 -12.12089147979901 33.33333333333334
0.1367062106612517 -12.12089147979901 36.66666666666666
-2.533414583314373 -16.97073284974848 3.333333333333333
-2.533414583314373 -16.97073284974848 6.666666666666666
-2.533414583314373 -16.97073284974848 10
-2.533414583314373 -16.97073284974848 13.33333333333333
-2.533414583314373 -16.97073284974848 16.66666666666667
-2.533414583314373 -16.97073284974848 20
-2.533414583314373 -16.97073284974848 23.33333333333334
-2.533414583314373 -16.97073284974848 26.66666666666666
-2.533414583314373 -16.97073284974848 30
-2.533414583314373 -16.97073284974848 33.33333333333334
-2.533414583314373 -16.97073284974848 36.66666666666666
1.408110454493016 -15.36921200547231 3.333333333333333
1.408110454493016 -15.36921200547231 6.666666666666666
1.408110454493016 -15.36921200547231 10
1.408110454493016 -15.36921200547231 13.33333333333333
1.408110454493016 -15.36921200547231 16.66666666666667
1.408110454493016 -15.36921200547231 20
1.408110454493016 -15.36921200547231 23.33333333333334
1.408110454493016 -15.36921200547231 26.66666666666666
1.408110454493016 -15.36921200547231 30
1.408110454493016 -15.36921200547231 33.33333333333334
1.408110454493016 -15.36921200547231 36.66666666666666
-0.9713574050379959 -5.545493921524733 3.333333333333333
-0.9713574050379959 -5.545493921524733 6.666666666666666
-0.9713574050379959 -5.545493921524733 10
-0.9713574050379959 -5.545493921524733 13.33333333333333
-0.9713574050379959 -5.545493921524733 16.66666666666667
-0.9713574050379959 -5.545493921524733 20
-0.9713574050379959 -5.545493921524733 23.33333333333334
-0.9713574050379959 -5.545493921524733 26.66666666666666
-0.9713574050379959 -5.545493921524733 30
-0.9713574050379959 -5.545493921524733 33.33333333333334
-0.9713574050379959 -5.545493921524733 36.66666666666666
-3.038743684303928 4.492856457699906 3.333333333333333
-3.038743684303928 4.492856457699906 6.666666666666666
-3.038743684303928 4.492856457699906 10
-3.038743684303928 4.492856457699906 13.33333333333333
-3.038743684303928 4.492856457699906 16.66666666666667
-3.038743684303928 4.492856457699906 20
-3.038743684303928 4.492856457699906 23.33333333333334
-3.038743684303928 4.492856457699906 26.66666666666666
-3.038743684303928 4.492856457699906 30
-3.038743684303928 4.492856457699906 33.33333333333334
-3.038743684303928 4.492856457699906 36.66666666666666
-11.57714218120175 -9.57024676428607 3.333333333333333
-11.57714218120175 -9.57024676428607 6.666666666666666
-11.57714218120175 -9.57024676428607 10
-11.57714218120175 -9.57024676428607 13.33333333333333
-11.57714218120175 -9.57024676428607 16.66666666666667
-11.57714218120175 -9.57024676428607 20
-11.57714218120175 -9.57024676428607 23.33333333333334
-11.57714218120175 -9.57024676428607 26.66666666666666
-11.57714218120175 -9.57024676428607 30
-11.57714218120175 -9.57024676428607 33.33333333333334
-11.57714218120175 -9.57024676428607 36.66666666666666
-11.28257211267929 -0.9541033417847596 3.333333333333333
-11.28257211267929 -0.9541033417847596 6.666666666666666
-11.28257211267929 -0.9541033417847596 10
-11.28257211267929 -0.9541033417847596 13.33333333333333
-11.28257211267929 -0.9541033417847596 16.66666666666667
-11.28257211267929 -0.9541033417847596 20
-11.28257211267929 -0.9541033417847596 23.33333333333334
-11.28257211267929 -0.9541033417847596 26.66666666666666
-11.28257211267929 -0.9541033417847596 30
-11.28257211267929 -0.9541033417847596 33.33333333333334
-11.28257211267929 -0.9541033417847596 36.66666666666666
9.899493436402176 -10.06121721336672 3.333333333333333
9.899493436402176 -10.06121721336672 6.666666666666666
9.899493436402176 -10.06121721336672 10
9.899493436402176 -10.06121721336672 13.33333333333333
9.899493436402176 -10.06121721336672 16.66666666666667
9.899493436402176 -10.06121721336672 20
9.899493436402176 -10.06121721336672 23.33333333333334
9.899493436402176 -10.06121721336672 26.66666666666666
9.899493436402176 -10.06121721336672 30
9.899493436402176 -10.06121721336672 33.33333333333334
9.899493436402176 -10.06121721336672 36.66666666666666
7.793483678784168 -12.47253929651973 3.333333333333333
7.793483678784168 -12.47253929651973 6.666666666666666
7.793483678784168 -12.47253929651973 10
7.793483678784168 -12.47253929651973 13.33333333333333
7.793483678784168 -12.47253929651973 16.66666666666667
7.793483678784168 -12.47253929651973 20
7.793483678784168 -12.47253929651973 23.33333333333334
7.793483678784168 -12.47253929651973 26.66666666666666
7.793483678784168 -12.47253929651973 30
7.793483678784168 -12.47253929651973 33.33333333333334
7.793483678784168 -12.47253929651973 36.66666666666666
4.939456959640401 -14.15657285951404 3.333333333333333
4.939456959640401 -14.15657285951404 6.666666666666666
4.939456959640401 -14.15657285951404 10
4.939456959640401 -14.15657285951404 13.33333333333333
4.939456959640401 -14.15657285951404 16.66666666666667
4.939456959640401 -14.15657285951404 20
4.939456959640401 -14.15657285951404 23.33333333333334
4.939456959640401 -14.15657285951404 26.66666666666666
4.939456959640401 -14.15657285951404 30
4.939456959640401 -14.15657285951404 33.33333333333334
4.939456959640401 -14.15657285951404 36.66666666666666
3.720088339163591 -11.25667247811077 3.333333333333333
3.720088339163591 -11.25667247811077 6.666666666666666
3.720088339163591 -11.25667247811077 10
3.720088339163591 -11.25667247811077 13.33333333333333
3.720088339163591 -11.25667247811077 16.66666666666667
3.720088339163591 -11.25667247811077 20
3.720088339163591 -11.25667247811077 23.33333333333334
3.720088339163591 -11.25667247811077 26.66666666666666
3.720088339163591 -11.25667247811077 30
3.720088339163591 -11.25667247811077 33.33333333333334
3.720088339163591 -11.25667247811077 36.66666666666666
-10.17717682407569 9.763287969950271 3.333333333333333
-10.17717682407569 9.763287969950271 6.666666666666666
-10.17717682407569 9.763287969950271 10
-10.17717682407569 9.763287969950271 13.33333333333333
-10.17717682407569 9.763287969950271 16.66666666666667
-10.17717682407569 9.763287969950271 20
-10.17717682407569 9.763287969950271 23.33333333333334
-10.17717682407569 9.763287969950271 26.66666666666666
-10.17717682407569 9.763287969950271 30
-10.17717682407569 9.763287969950271 33.33333333333334
-10.17717682407569 9.763287969950271 36.66666666666666
-14.31133827736208 0.2352953682767984 3.333333333333333
-14.31133827736208 0.2352953682767984 6.666666666666666
-14.31133827736208 0.2352953682767984 10
-14.31133827736208 0.2352953682767984 13.33333333333333
-14.31133827736208 0.2352953682767984 16.66666666666667
-14.31133827736208 0.2352953682767984 20
-14.31133827736208 0.2352953682767984 23.33333333333334
-14.31133827736208 0.2352953682767984 26.66666666666666
-14.31133827736208 0.2352953682767984 30
-14.31133827736208 0.2352953682767984 33.33333333333334
-14.31133827736208 0.2352953682767984 36.66666666666666
-18.57745407796205 -1.627490083529245 3.333333333333333
-18.57745407796205 -1.627490083529245 6.666666666666666
-18.57745407796205 -1.627490083529245 10
-18.57745407796205 -1.627490083529245 13.33333333333333
-18.57745407796205 -1.627490083529245 16.66666666666667
-18.57745407796205 -1.627490083529245 20
-18.57745407796205 -1.627490083529245 23.33333333333334
-18.57745407796205 -1.627490083529245 26.66666666666666
-18.57745407796205 -1.627490083529245 30
-18.57745407796205 -1.627490083529245 33.33333333333334
-18.57745407796205 -1.627490083529245 36.66666666666666
11.48512629635563 -2.20198758938983 3.333333333333333
11.48512629635563 -2.20198758938983 6.666666666666666
11.48512629635563 -2.20198758938983 10
11.48512629635563 -2.20198758938983 13.33333333333333
11.48512629635563 -2.20198758938983 16.66666666666667
11.48512629635563 -2.20198758938983 20
11.48512629635563 -2.20198758938983 23.33333333333334
11.48512629635563 -2.20198758938983 26.66666666666666
11.48512629635563 -2.20198758938983 30
11.48512629635563 -2.20198758938983 33.33333333333334
11.48512629635563 -2.20198758938983 36.66666666666666
18.4040457788849 1.752364806239164 3.333333333333333
18.4040457788849 1.752364806239164 6.666666666666666
18.4040457788849 1.752364806239164 10
18.4040457788849 1.752364806239164 13.33333333333333
18.4040457788849 1.752364806239164 16.66666666666667
18.4040457788849 1.752364806239164 20
18.4040457788849 1.752364806239164 23.33333333333334
18.4040457788849 1.752364806239164 26.66666666666666
18.4040457788849 1.752364806239164 30
18.4040457788849 1.752364806239164 33.33333333333334
18.4040457788849 1.752364806239164 36.66666666666666
-20.37506250527493 4.131354025063594 3.333333333333333
-20.37506250527493 4.131354025063594 6.666666666666666
-20.37506250527493 4.131354025063594 10
-20.37506250527493 4.131354025063594 13.33333333333333
-20.37506250527493 4.131354025063594 16.66666666666667
-20.37506250527493 4.131354025063594 20
-20.37506250527493 4.131354025063594 23.33333333333334
-20.37506250527493 4.131354025063594 26.66666666666666
-20.37506250527493 4.131354025063594 30
-20.37506250527493 4.131354025063594 33.33333333333334
-20.37506250527493 4.131354025063594 36.66666666666666
0.2472458827338034 18.20815121960646 3.333333333333333
0.2472458827338034 18.20815121960646 6.666666666666666
0.2472458827338034 18.20815121960646 10
0.2472458827338034 18.20815121960646 13.33333333333333
0.2472458827338034 18.20815121960646 16.66666666666667
0.2472458827338034 18.20815121960646 20
0.2472458827338034 18.20815121960646 23.33333333333334
0.2472458827338034 18.20815121960646 26.66666666666666
0.2472458827338034 18.20815121960646 30
0.2472458827338034 18.20815121960646 33.33333333333334
0.2472458827338034 18.20815121960646 36.66666666666666
-12.5068835396378 12.43611566981061 3.333333333333333
-12.5068835396378 12.43611566981061 6.666666666666666
-12.5068835396378 12.43611566981061 10
-12.5068835396378 12.43611566981061 13.33333333333333
-12.5068835396378 12.43611566981061 16.66666666666667
-12.5068835396378 12.43611566981061 20
-12.5068835396378 12.43611566981061 23.33333333333334
-12.5068835396378 12.43611566981061 26.66666666666666
-12.5068835396378 12.43611566981061 30
-12.5068835396378 12.43611566981061 33.33333333333334
-12.5068835396378 12.43611566981061 36.66666666666666
7.253744471226945 -17.35228438295897 3.333333333333333
7.253744471226945 -17.35228438295897 6.666666666666666
7.253744471226945 -17.35228438295897 10
7.253744471226945 -17.35228438295897 13.33333333333333
7.253744471226945 -17.35228438295897 16.66666666666667
7.253744471226945 -17.35228438295897 20
7.253744471226945 -17.35228438295897 23.33333333333334
7.253744471226945 -17.35228438295897 26.66666666666666
7.253744471226945 -17.35228438295897 30
7.253744471226945 -17.35228438295897 33.33333333333334
7.253744471226945 -17.35228438295897 36.66666666666666
3.832024922743489 18.98015268718304 3.333333333333333
3.832024922743489 18.98015268718304 6.666666666666666
3.832024922743489 18.98015268718304 10
3.832024922743489 18.98015268718304 13.33333333333333
3.832024922743489 18.98015268718304 16.66666666666667
3.832024922743489 18.98015268718304 20
3.832024922743489 18.98015268718304 23.33333333333334
3.832024922743489 18.98015268718304 26.66666666666666
3.832024922743489 18.98015268718304 30
3.832024922743489 18.98015268718304 33.33333333333334
3.832024922743489 18.98015268718304 36.66666666666666
17.0332937583933 12.27780396161078 3.333333333333333
17.0332937583933 12.27780396161078 6.666666666666666
17.0332937583933 12.27780396161078 10
17.0332937583933 12.27780396161078 13.33333333333333
17.0332937583933 12.27780396161078 16.66666666666667
17.0332937583933 12.27780396161078 20
17.0332937583933 12.27780396161078 23.33333333333334
17.0332937583933 12.27780396161078 26.66666666666666
17.0332937583933 12.27780396161078 30
17.0332937583933 12.27780396161078 33.33333333333334
17.0332937583933 12.27780396161078 36.66666666666666
-6.013090682767906 -16.90274260727323 3.333333333333333
-6.013090682767906 -16.90274260727323 6.666666666666666
-6.013090682767906 -16.90274260727323 10
-6.013090682767906 -16.90274260727323 13.33333333333333
-6.013090682767906 -16.90274260727323 16.66666666666667
-6.013090682767906 -16.90274260727323 20
-6.013090682767906 -16.90274260727323 23.33333333333334
-6.013090682767906 -16.90274260727323 26.66666666666666
-6.013090682767906 -16.90274260727323 30
-6.013090682767906 -16.90274260727323 33.33333333333334
-6.013090682767906 -16.90274260727323 36.66666666666666
-3.382519341636023 17.35978186255119 3.333333333333333
-3.382519341636023 17.35978186255119 6.666666666666666
-3.382519341636023 17.35978186255119 10
-3.382519341636023 17.35978186255119 13.33333333333333
-3.382519341636023 17.35978186255119 16.66666666666667
-3.382519341636023 17.35978186255119 20
-3.382519341636023 17.35978186255119 23.33333333333334
-3.382519341636023 17.35978186255119 26.66666666666666
-3.382519341636023 17.35978186255119 30
-3.382519341636023 17.35978186255119 33.33333333333334
-3.382519341636023 17.35978186255119 36.66666666666666
-12.26338893410887 -13.95334252849872 3.333333333333333
-12.26338893410887 -13.95334252849872 6.666666666666666
-12.26338893410887 -13.95334252849872 10
-12.26338893410887 -13.95334252849872 13.33333333333333
-12.26338893410887 -13.95334252849872 16.66666666666667
-12.26338893410887 -13.95334252849872 20
-12.26338893410887 -13.95334252849872 23.33333333333334
-12.26338893410887 -13.95334252849872 26.66666666666666
-12.26338893410887 -13.95334252849872 30
-12.26338893410887 -13.95334252849872 33.33333333333334
-12.26338893410887 -13.95334252849872 36.66666666666666
-10.12441843521139 -18.23879801502224 3.333333333333333
-10.12441843521139 -18.23879801502224 6.666666666666666
-10.12441843521139 -18.23879801502224 10
-10.12441843521139 -18.23879801502224 13.33333333333333
-10.12441843521139 -18.23879801502224 16.66666666666667
-10.12441843521139 -18.23879801502224 20
-10.12441843521139 -18.23879801502224 23.33333333333334
-10.12441843521139 -18.23879801502224 26.66666666666666
-10.12441843521139 -18.23879801502224 30
-10.12441843521139 -18.23879801502224 33.33333333333334
-10.12441843521139 -18.23879801502224 36.66666666666666
-3.423858571612565 -20.82698731761194 3.333333333333333
-3.423858571612565 -20.82698731761194 6.666666666666666
-3.423858571612565 -20.82698731761194 10
-3.423858571612565 -20.82698731761194 13.33333333333333
-3.423858571612565 -20.82698731761194 16.66666666666667
-3.423858571612565 -20.82698731761194 20
-3.423858571612565 -20.82698731761194 23.33333333333334
-3.423858571612565 -20.82698731761194 26.66666666666666
-3.423858571612565 -20.82698731761194 30
-3.423858571612565 -20.82698731761194 33.33333333333334
-3.423858571612565 -20.82698731761194 36.66666666666666
16.30437148526188 -13.36597450642977 3.333333333333333
16.30437148526188 -13.36597450642977 6.666666666666666
16.30437148526188 -13.36597450642977 10
16.30437148526188 -13.36597450642977 13.33333333333333
16.30437148526188 -13.36597450642977 16.66666666666667
16.30437148526188 -13.36597450642977 20
16.30437148526188 -13.36597450642977 23.33333333333334
16.30437148526188 -13.36597450642977 26.66666666666666
16.30437148526188 -13.36597450642977 30
16.30437148526188 -13.36597450642977 33.33333333333334
16.30437148526188 -13.36597450642977 36.66666666666666
-1.800366148282579 21.29134992775333 3.333333333333333
-1.800366148282579 21.29134992775333 6.666666666666666
-1.800366148282579 21.29134992775333 10
-1.800366148282579 21.29134992775333 13.33333333333333
-1.800366148282579 21.29134992775333 16.66666666666667
-1.800366148282579 21.29134992775333 20
-1.800366148282579 21.29134992775333 23.33333333333334
-1.800366148282579 21.29134992775333 26.66666666666666
-1.800366148282579 21.29134992775333 30
-1.800366148282579 21.29134992775333 33.33333333333334
-1.800366148282579 21.29134992775333 36.66666666666666
3.477213318377189 -21.31760066886373 3.333333333333333
3.477213318377189 -21.31760066886373 6.666666666666666
3.477213318377189 -21.31760066886373 10
3.477213318377189 -21.31760066886373 13.33333333333333
3.477213318377189 -21.31760066886373 16.66666666666667
3.477213318377189 -21.31760066886373 20
3.477213318377189 -21.31760066886373 23.33333333333334
3.477213318377189 -21.31760066886373 26.66666666666666
3.477213318377189 -21.31760066886373 30
3.477213318377189 -21.31760066886373 33.33333333333334
3.477213318377189 -21.31760066886373 36.66666666666666
-18.41506957010202 -11.52397402376537 3.333333333333333
-18.41506957010202 -11.52397402376537 6.666666666666666
-18.41506957010202 -11.52397402376537 10
-18.41506957010202 -11.52397402376537 13.33333333333333
-18.41506957010202 -11.52397402376537 16.66666666666667
-18.41506957010202 -11.52397402376537 20
-18.41506957010202 -11.52397402376537 23.33333333333334
-18.41506957010202 -11.52397402376537 26.66666666666666
-18.41506957010202 -11.52397402376537 30
-18.41506957010202 -11.52397402376537 33.33333333333334
-18.41506957010202 -11.52397402376537 36.66666666666666
11.42587559786145 -18.7488220934651 3.333333333333333
11.42587559786145 -18.7488220934651 6.666666666666666
11.42587559786145 -18.7488220934651 10
11.42587559786145 -18.7488220934651 13.33333333333333
11.42587559786145 -18.7488220934651 16.66666666666667
11.42587559786145 -18.7488220934651 20
11.42587559786145 -18.7488220934651 23.33333333333334
11.42587559786145 -18.7488220934651 26.66666666666666
11.42587559786145 -18.7488220934651 30
11.42587559786145 -18.7488220934651 33.33333333333334
11.42587559786145 -18.7488220934651 36.66666666666666
-20.53575973089916 -5.088226857144727 3.333333333333333
-20.53575973089916 -5.088226857144727 6.666666666666666
-20.53575973089916 -5.088226857144727 10
-20.53575973089916 -5.088226857144727 13.33333333333333
-20.53575973089916 -5.088226857144727 16.66666666666667
-20.53575973089916 -5.088226857144727 20
-20.53575973089916 -5.088226857144727 23.33333333333334
-20.53575973089916 -5.088226857144727 26.66666666666666
-20.53575973089916 -5.088226857144727 30
-20.53575973089916 -5.088226857144727 33.33333333333334
-20.53575973089916 -5.088226857144727 36.66666666666666
-12.1124285862821 17.32781225020264 3.333333333333333
-12.1124285862821 17.32781225020264 6.666666666666666
-12.1124285862821 17.32781225020264 10
-12.1124285862821 17.32781225020264 13.33333333333333
-12.1124285862821 17.32781225020264 16.66666666666667
-12.1124285862821 17.32781225020264 20
-12.1124285862821 17.32781225020264 23.33333333333334
-12.1124285862821 17.32781225020264 26.66666666666666
-12.1124285862821 17.32781225020264 30
-12.1124285862821 17.32781225020264 33.33333333333334
-12.1124285862821 17.32781225020264 36.66666666666666
19.77179701161671 -10.9362749558665 3.333333333333333
19.77179701161671 -10.9362749558665 6.666666666666666
19.77179701161671 -10.9362749558665 10
19.77179701161671 -10.9362749558665 13.33333333333333
19.77179701161671 -10.9362749558665 16.66666666666667
19.77179701161671 -10.9362749558665 20
19.77179701161671 -10.9362749558665 23.33333333333334
19.77179701161671 -10.9362749558665 26.66666666666666
19.77179701161671 -10.9362749558665 30
19.77179701161671 -10.9362749558665 33.33333333333334
19.77179701161671 -10.9362749558665 36.66666666666666
-17.42076625881602 12.34737552942559 3.333333333333333
-17.42076625881602 12.34737552942559 6.666666666666666
-17.42076625881602 12.34737552942559 10
-17.42076625881602 12.34737552942559 13.33333333333333
-17.42076625881602 12.34737552942559 16.66666666666667
-17.42076625881602 12.34737552942559 20
-17.42076625881602 12.34737552942559 23.33333333333334
-17.42076625881602 12.34737552942559 26.66666666666666
-17.42076625881602 12.34737552942559 30
-17.42076625881602 12.34737552942559 33.33333333333334
-17.42076625881602 12.34737552942559 36.66666666666666
20.90038385282773 -4.724850448771558 3.333333333333333
20.90038385282773 -4.724850448771558 6.666666666666666
20.90038385282773 -4.724850448771558 10
20.90038385282773 -4.724850448771558 13.33333333333333
20.90038385282773 -4.724850448771558 16.66666666666667
20.90038385282773 -4.724850448771558 20
20.90038385282773 -4.724850448771558 23.33333333333334
20.90038385282773 -4.724850448771558 26.66666666666666
20.90038385282773 -4.724850448771558 30
20.90038385282773 -4.724850448771558 33.33333333333334
20.90038385282773 -4.724850448771558 36.66666666666666
-21.28761107269565 7.326342797774772 3.333333333333333
-21.28761107269565 7.326342797774772 6.666666666666666
-21.28761107269565 7.326342797774772 10
-21.28761107269565 7.326342797774772 13.33333333333333
-21.28761107269565 7.326342797774772 16.66666666666667
-21.28761107269565 7.326342797774772 20
-21.28761107269565 7.326342797774772 23.33333333333334
-21.28761107269565 7.326342797774772 26.66666666666666
-21.28761107269565 7.326342797774772 30
-21.28761107269565 7.326342797774772 33.33333333333334
-21.28761107269565 7.326342797774772 36.66666666666666
-13.89091422232082 -11.69053761253952 3.333333333333333
-13.89091422232082 -11.69053761253952 6.666666666666666
-13.89091422232082 -11.69053761253952 10
-13.89091422232082 -11.69053761253952 13.33333333333333
-13.89091422232082 -11.69053761253952 16.66666666666667
-13.89091422232082 -11.69053761253952 20
-13.89091422232082 -11.69053761253952 23.33333333333334
-13.89091422232082 -11.69053761253952 26.66666666666666
-13.89091422232082 -11.69053761253952 30
-13.89091422232082 -11.69053761253952 33.33333333333334
-13.89091422232082 -11.69053761253952 36.66666666666666
-8.934550986000543 19.10881963233934 3.333333333333333
-8.934550986000543 19.10881963233934 6.666666666666666
-8.934550986000543 19.10881963233934 10
-8.934550986000543 19.10881963233934 13.33333333333333
-8.934550986000543 19.10881963233934 16.66666666666667
-8.934550986000543 19.10881963233934 20
-8.934550986000543 19.10881963233934 23.33333333333334
-8.934550986000543 19.10881963233934 26.66666666666666
-8.934550986000543 19.10881963233934 30
-8.934550986000543 19.10881963233934 33.33333333333334
-8.934550986000543 19.10881963233934 36.66666666666666
12.7037451669148 -11.57223636471085 3.333333333333333
12.7037451669148 -11.57223636471085 6.666666666666666
12.7037451669148 -11.57223636471085 10
12.7037451669148 -11.57223636471085 13.33333333333333
12.7037451669148 -11.57223636471085 16.66666666666667
12.7037451669148 -11.57223636471085 20
12.7037451669148 -11.57223636471085 23.33333333333334
12.7037451669148 -11.57223636471085 26.66666666666666
12.7037451669148 -11.57223636471085 30
12.7037451669148 -11.57223636471085 33.33333333333334
12.7037451669148 -11.57223636471085 36.66666666666666
2.769888158049222 -18.29522630417971 3.333333333333333
2.769888158049222 -18.29522630417971 6.666666666666666
2.769888158049222 -18.29522630417971 10
2.769888158049222 -18.29522630417971 13.33333333333333
2.769888158049222 -18.29522630417971 16.66666666666667
2.769888158049222 -18.29522630417971 20
2.769888158049222 -18.29522630417971 23.33333333333334
2.769888158049222 -18.29522630417971 26.66666666666666
2.769888158049222 -18.29522630417971 30
2.769888158049222 -18.29522630417971 33.33333333333334
2.769888158049222 -18.29522630417971 36.66666666666666
-22.33505497103052 -3.070125866999505 3.333333333333333
-22.33505497103052 -3.070125866999505 6.666666666666666
-22.33505497103052 -3.070125866999505 10
-22.33505497103052 -3.070125866999505 13.33333333333333
-22.33505497103052 -3.070125866999505 16.66666666666667
-22.33505497103052 -3.070125866999505 20
-22.33505497103052 -3.070125866999505 23.33333333333334
-22.33505497103052 -3.070125866999505 26.66666666666666
-22.33505497103052 -3.070125866999505 30
-22.33505497103052 -3.070125866999505 33.33333333333334
-22.33505497103052 -3.070125866999505 36.66666666666666
18.94280352491954 9.198355781422968 3.333333333333333
18.94280352491954 9.198355781422968 6.666666666666666
18.94280352491954 9.198355781422968 10
18.94280352491954 9.198355781422968 13.33333333333333
18.94280352491954 9.198355781422968 16.66666666666667
18.94280352491954 9.198355781422968 20
18.94280352491954 9.198355781422968 23.33333333333334
18.94280352491954 9.198355781422968 26.66666666666666
18.94280352491954 9.198355781422968 30
18.94280352491954 9.198355781422968 33.33333333333334
18.94280352491954 9.198355781422968 36.66666666666666
-13.17569014928762 -16.54830014917652 3.333333333333333
-13.17569014928762 -16.54830014917652 6.666666666666666
-13.17569014928762 -16.54830014917652 10
-13.17569014928762 -16.54830014917652 13.33333333333333
-13.17569014928762 -16.54830014917652 16.66666666666667
-13.17569014928762 -16.54830014917652 20
-13.17569014928762 -16.54830014917652 23.33333333333334
-13.17569014928762 -16.54830014917652 26.66666666666666
-13.17569014928762 -16.54830014917652 30
-13.17569014928762 -16.54830014917652 33.33333333333334
-13.17569014928762 -16.54830014917652 36.66666666666666
21.01638314966284 2.601110980958125 3.333333333333333
21.01638314966284 2.601110980958125 6.666666666666666
21.01638314966284 2.601110980958125 10
21.01638314966284 2.601110980958125 13.33333333333333
21.01638314966284 2.601110980958125 16.66666666666667
21.01638314966284 2.601110980958125 20
21.01638314966284 2.601110980958125 23.33333333333334
21.01638314966284 2.601110980958125 26.66666666666666
21.01638314966284 2.601110980958125 30
21.01638314966284 2.601110980958125 33.33333333333334
21.01638314966284 2.601110980958125 36.66666666666666
10.56406098004842 20.21664334600894 3.333333333333333
10.56406098004842 20.21664334600894 6.666666666666666
10.56406098004842 20.21664334600894 10
10.56406098004842 20.21664334600894 13.33333333333333
10.56406098004842 20.21664334600894 16.66666666666667
10.56406098004842 20.21664334600894 20
10.56406098004842 20.21664334600894 23.33333333333334
10.56406098004842 20.21664334600894 26.66666666666666
10.56406098004842 20.21664334600894 30
10.56406098004842 20.21664334600894 33.33333333333334
10.56406098004842 20.21664334600894 36.66666666666666
0.1472293886712144 -18.97322026165904 3.333333333333333
0.1472293886712144 -18.97322026165904 6.666666666666666
0.1472293886712144 -18.97322026165904 10
0.1472293886712144 -18.97322026165904 13.33333333333333
0.1472293886712144 -18.97322026165904 16.66666666666667
0.1472293886712144 -18.97322026165904 20
0.1472293886712144 -18.97322026165904 23.33333333333334
0.1472293886712144 -18.97322026165904 26.66666666666666
0.1472293886712144 -18.97322026165904 30
0.1472293886712144 -18.97322026165904 33.33333333333334
0.1472293886712144 -18.97322026165904 36.66666666666666
9.832013422456685 -20.66609064317455 3.333333333333333
9.832013422456685 -20.66609064317455 6.666666666666666
9.832013422456685 -20.66609064317455 10
9.832013422456685 -20.66609064317455 13.33333333333333
9.832013422456685 -20.66609064317455 16.66666666666667
9.832013422456685 -20.66609064317455 20
9.832013422456685 -20.66609064317455 23.33333333333334
9.832013422456685 -20.66609064317455 26.66666666666666
9.832013422456685 -20.66609064317455 30
9.832013422456685 -20.66609064317455 33.33333333333334
9.832013422456685 -20.66609064317455 36.66666666666666
-17.37019163381801 7.197727571997783 3.333333333333333
-17.37019163381801 7.197727571997783 6.666666666666666
-17.37019163381801 7.197727571997783 10
-17.37019163381801 7.197727571997783 13.33333333333333
-17.37019163381801 7.197727571997783 16.66666666666667
-17.37019163381801 7.197727571997783 20
-17.37019163381801 7.197727571997783 23.33333333333334
-17.37019163381801 7.197727571997783 26.66666666666666
-17.37019163381801 7.197727571997783 30
-17.37019163381801 7.197727571997783 33.33333333333334
-17.37019163381801 7.197727571997783 36.66666666666666
-16.21086163907895 -7.836772383502531 3.333333333333333
-16.21086163907895 -7.836772383502531 6.666666666666666
-16.21086163907895 -7.836772383502531 10
-16.21086163907895 -7.836772383502531 13.33333333333333
-16.21086163907895 -7.836772383502531 16.66666666666667
-16.21086163907895 -7.836772383502531 20
-16.21086163907895 -7.836772383502531 23.33333333333334
-16.21086163907895 -7.836772383502531 26.66666666666666
-16.21086163907895 -7.836772383502531 30
-16.21086163907895 -7.836772383502531 33.33333333333334
-16.21086163907895 -7.836772383502531 36.66666666666666
4.294827544542767 22.33183000449348 3.333333333333333
4.294827544542767 22.33183000449348 6.666666666666666
4.294827544542767 22.33183000449348 10
4.294827544542767 22.33183000449348 13.33333333333333
4.294827544542767 22.33183000449348 16.66666666666667
4.294827544542767 22.33183000449348 20
4.294827544542767 22.33183000449348 23.33333333333334
4.294827544542767 22.33183000449348 26.66666666666666
4.294827544542767 22.33183000449348 30
4.294827544542767 22.33183000449348 33.33333333333334
4.294827544542767 22.33183000449348 36.66666666666666
-9.809630722383833 14.52814140410823 3.333333333333333
-9.809630722383833 14.52814140410823 6.666666666666666
-9.809630722383833 14.52814140410823 10
-9.809630722383833 14.52814140410823 13.33333333333333
-9.809630722383833 14.52814140410823 16.66666666666667
-9.809630722383833 14.52814140410823 20
-9.809630722383833 14.52814140410823 23.33333333333334
-9.809630722383833 14.52814140410823 26.66666666666666
-9.809630722383833 14.52814140410823 30
-9.809630722383833 14.52814140410823 33.33333333333334
-9.809630722383833 14.52814140410823 36.66666666666666
17.56588026233961 -5.548438328911012 3.333333333333333
17.56588026233961 -5.548438328911012 6.666666666666666
17.56588026233961 -5.548438328911012 10
17.56588026233961 -5.548438328911012 13.33333333333333
17.56588026233961 -5.548438328911012 16.66666666666667
17.56588026233961 -5.548438328911012 20
17.56588026233961 -5.548438328911012 23.33333333333334
17.56588026233961 -5.548438328911012 26.66666666666666
17.56588026233961 -5.548438328911012 30
17.56588026233961 -5.548438328911012 33.33333333333334
17.56588026233961 -5.548438328911012 36.66666666666666
17.11279405893989 -8.898348556056893 3.333333333333333
17.11279405893989 -8.898348556056893 6.666666666666666
17.11279405893989 -8.898348556056893 10
17.11279405893989 -8.898348556056893 13.33333333333333
17.11279405893989 -8.898348556056893 16.66666666666667
17.11279405893989 -8.898348556056893 20
17.11279405893989 -8.898348556056893 23.33333333333334
17.11279405893989 -8.898348556056893 26.66666666666666
17.11279405893989 -8.898348556056893 30
17.11279405893989 -8.898348556056893 33.33333333333334
17.11279405893989 -8.898348556056893 36.66666666666666
10.47896954449936 -14.33904721187066 3.333333333333333
10.47896954449936 -14.33904721187066 6.666666666666666
10.47896954449936 -14.33904721187066 10
10.47896954449936 -14.33904721187066 13.33333333333333
10.47896954449936 -14.33904721187066 16.66666666666667
10.47896954449936 -14.33904721187066 20
10.47896954449936 -14.33904721187066 23.33333333333334
10.47896954449936 -14.33904721187066 26.66666666666666
10.47896954449936 -14.33904721187066 30
10.47896954449936 -14.33904721187066 33.33333333333334
10.47896954449936 -14.33904721187066 36.66666666666666
$EndNodes
$Elements
7 2664 1 2664
2 1 3 156
1 256 186 219 238 
2 126 191 259 242 
3 33 231 250 32 
4 191 221 199 192 
5 35 232 139 34 
6 223 234 133 229 
7 260 190 246 233 
8 26 222 243 25 
9 223 183 198 226 
10 229 133 245 188 
11 197 137 226 198 
12 183 200 196 198 
13 142 197 198 196 
14 192 199 145 201 
15 149 220 192 201 
16 182 202 147 200 
17 215 216 206 208 
18 151 210 155 152 
19 206 216 161 162 
20 180 173 182 181 
21 200 183 181 182 
22 162 203 204 206 
23 203 174 175 177 
24 203 177 205 204 
25 154 156 174 209 
26 151 202 171 210 
27 209 162 161 157 
28 164 178 184 179 
29 166 167 214 213 
30 162 209 174 203 
31 216 215 214 167 
32 204 207 208 206 
33 168 158 161 166 
34 187 217 165 172 
35 210 160 159 155 
36 161 158 153 157 
37 168 166 213 169 
38 156 163 175 174 
39 216 167 166 161 
40 184 195 218 179 
41 173 172 165 171 
42 164 165 217 178 
43 164 212 163 159 
44 170 169 190 189 
45 232 35 4 128 
46 164 179 218 212 
47 155 159 163 156 
48 210 171 165 160 
49 186 218 195 219 
50 186 176 212 218 
51 159 160 165 164 
52 212 176 175 163 
53 211 175 176 185 
54 171 202 182 173 
55 175 211 205 177 
56 173 180 187 172 
57 231 33 34 139 
58 209 157 153 154 
59 156 154 152 155 
60 222 26 3 125 
61 154 153 150 152 
62 149 158 168 220 
63 169 170 220 168 
64 153 158 149 150 
65 152 150 148 151 
66 191 192 220 170 
67 151 148 147 202 
68 150 149 146 148 
69 200 147 144 196 
70 149 201 145 146 
71 148 146 144 147 
72 199 194 143 145 
73 146 145 143 144 
74 225 215 208 247 
75 196 144 143 142 
76 219 195 222 125 
77 205 231 139 228 
78 13 129 227 12 
79 226 127 234 223 
80 238 136 236 256 
81 207 232 128 253 
82 178 217 224 193 
83 261 214 215 225 
84 183 223 229 181 
85 142 143 227 129 
86 193 224 132 241 
87 205 228 207 204 
88 188 180 181 229 
89 244 230 205 211 
90 238 219 125 248 
91 197 142 129 141 
92 195 184 255 222 
93 199 134 249 194 
94 128 235 247 253 
95 241 140 255 193 
96 18 234 127 2 
97 36 235 128 4 
98 19 133 234 18 
99 37 135 235 36 
100 130 40 41 233 
101 29 136 238 28 
102 129 13 14 141 
103 136 29 30 236 
104 40 130 237 39 
105 31 131 236 30 
106 22 132 239 21 
107 1 126 242 44 
108 43 138 240 42 
109 132 22 23 241 
110 44 242 138 43 
111 24 140 241 23 
112 25 243 140 24 
113 205 230 250 231 
114 217 187 258 224 
115 141 252 137 197 
116 245 239 258 188 
117 10 134 251 9 
118 16 137 252 15 
119 143 194 249 227 
120 11 249 134 10 
121 2 127 257 17 
122 133 19 20 245 
123 199 221 251 134 
124 191 126 251 221 
125 169 213 246 190 
126 125 3 27 248 
127 207 228 139 232 
128 131 31 32 250 
129 180 188 258 187 
130 237 225 135 254 
131 126 1 9 251 
132 127 226 137 257 
133 244 131 250 230 
134 12 227 249 11 
135 42 240 233 41 
136 135 37 38 254 
137 213 214 261 246 
138 178 193 255 184 
139 21 239 245 20 
140 176 186 256 185 
141 137 16 17 257 
142 28 238 248 27 
143 170 189 259 191 
144 259 189 190 260 
145 256 236 131 244 
146 15 252 141 14 
147 39 237 254 38 
148 225 247 235 135 
149 211 185 256 244 
150 233 240 138 260 
151 260 138 242 259 
152 207 253 247 208 
153 222 255 140 243 
154 224 258 239 132 
155 225 237 130 261 
156 233 246 261 130 
2 13 3 120
157 1 9 262 81 
158 81 262 263 82 
159 82 263 264 83 
160 83 264 265 84 
161 84 265 266 85 
162 85 266 267 86 
163 86 267 268 87 
164 87 268 269 88 
165 88 269 270 89 
166 89 270 271 90 
167 90 271 272 91 
168 91 272 45 5 
169 9 10 273 262 
170 262 273 274 263 
171 263 274 275 264 
172 264 275 276 265 
173 265 276 277 266 
174 266 277 278 267 
175 267 278 279 268 
176 268 279 280 269 
177 269 280 281 270 
178 270 281 282 271 
179 271 282 283 272 
180 272 283 46 45 
181 10 11 284 273 
182 273 284 285 274 
183 274 285 286 275 
184 275 286 287 276 
185 276 287 288 277 
186 277 288 289 278 
187 278 289 290 279 
188 279 290 291 280 
189 280 291 292 281 
190 281 292 293 282 
191 282 293 294 283 
192 283 294 47 46 
193 11 12 295 284 
194 284 295 296 285 
195 285 296 297 286 
196 286 297 298 287 
197 287 298 299 288 
198 288 299 300 289 
199 289 300 301 290 
200 290 301 302 291 
201 291 302 303 292 
202 292 303 304 293 
203 293 304 305 294 
204 294 305 48 47 
205 12 13 306 295 
206 295 306 307 296 
207 296 307 308 297 
208 297 308 309 298 
209 298 309 310 299 
210 299 310 311 300 
211 300 311 312 301 
212 301 312 313 302 
213 302 313 314 303 
214 303 314 315 304 
215 304 315 316 305 
216 305 316 49 48 
217 13 14 317 306 
218 306 317 318 307 
219 307 318 319 308 
220 308 319 320 309 
221 309 320 321 310 
222 310 321 322 311 
223 311 322 323 312 
224 312 323 324 313 
225 313 324 325 314 
226 314 325 326 315 
227 315 326 327 316 
228 316 327 50 49 
229 14 15 328 317 
230 317 328 329 318 
231 318 329 330 319 
232 319 330 331 320 
233 320 331 332 321 
234 321 332 333 322 
235 322 333 334 323 
236 323 334 335 324 
237 324 335 336 325 
238 325 336 337 326 
239 326 337 338 327 
240 327 338 51 50 
241 15 16 339 328 
242 328 339 340 329 
243 329 340 341 330 
244 330 341 342 331 
245 331 342 343 332 
246 332 343 344 333 
247 333 344 345 334 
248 334 345 346 335 
249 335 346 347 336 
250 336 347 348 337 
251 337 348 349 338 
252 338 349 52 51 
253 16 17 350 339 
254 339 350 351 340 
255 340 351 352 341 
256 341 352 353 342 
257 342 353 354 343 
258 343 354 355 344 
259 344 355 356 345 
260 345 356 357 346 
261 346 357 358 347 
262 347 358 359 348 
263 348 359 360 349 
264 349 360 53 52 
265 17 2 92 350 
266 350 92 93 351 
267 351 93 94 352 
268 352 94 95 353 
269 353 95 96 354 
270 354 96 97 355 
271 355 97 98 356 
272 356 98 99 357 
273 357 99 100 358 
274 358 100 101 359 
275 359 101 102 360 
276 360 102 6 53 
2 17 3 120
277 2 18 361 92 
278 92 361 362 93 
279 93 362 363 94 
280 94 363 364 95 
281 95 364 365 96 
282 96 365 366 97 
283 97 366 367 98 
284 98 367 368 99 
285 99 368 369 100 
286 100 369 370 101 
287 101 370 371 102 
288 102 371 54 6 
289 18 19 372 361 
290 361 372 373 362 
291 362 373 374 363 
292 363 374 375 364 
293 364 375 376 365 
294 365 376 377 366 
295 366 377 378 367 
296 367 378 379 368 
297 368 379 380 369 
298 369 380 381 370 
299 370 381 382 371 
300 371 382 55 54 
301 19 20 383 372 
302 372 383 384 373 
303 373 384 385 374 
304 374 385 386 375 
305 375 386 387 376 
306 376 387 388 377 
307 377 388 389 378 
308 378 389 390 379 
309 379 390 391 380 
310 380 391 392 381 
311 381 392 393 382 
312 382 393 56 55 
313 20 21 394 383 
314 383 394 395 384 
315 384 395 396 385 
316 385 396 397 386 
317 386 397 398 387 
318 387 398 399 388 
319 388 399 400 389 
320 389 400 401 390 
321 390 401 402 391 
322 391 402 403 392 
323 392 403 404 393 
324 393 404 57 56 
325 21 22 405 394 
326 394 405 406 395 
327 395 406 407 396 
328 396 407 408 397 
329 397 408 409 398 
330 398 409 410 399 
331 399 410 411 400 
332 400 411 412 401 
333 401 412 413 402 
334 402 413 414 403 
335 403 414 415 404 
336 404 415 58 57 
337 22 23 416 405 
338 405 416 417 406 
339 406 417 418 407 
340 407 418 419 408 
341 408 419 420 409 
342 409 420 421 410 
343 410 421 422 411 
344 411 422 423 412 
345 412 423 424 413 
346 413 424 425 414 
347 414 425 426 415 
348 415 426 59 58 
349 23 24 427 416 
350 416 427 428 417 
351 417 428 429 418 
352 418 429 430 419 
353 419 430 431 420 
354 420 431 432 421 
355 421 432 433 422 
356 422 433 434 423 
357 423 434 435 424 
358 424 435 436 425 
359 425 436 437 426 
360 426 437 60 59 
361 24 25 438 427 
362 427 438 439 428 
363 428 439 440 429 
364 429 440 441 430 
365 430 441 442 431 
366 431 442 443 432 
367 432 443 444 433 
368 433 444 445 434 
369 434 445 446 435 
370 435 446 447 436 
371 436 447 448 437 
372 437 448 61 60 
373 25 26 449 438 
374 438 449 450 439 
375 439 450 451 440 
376 440 451 452 441 
377 441 452 453 442 
378 442 453 454 443 
379 443 454 455 444 
380 444 455 456 445 
381 445 456 457 446 
382 446 457 458 447 
383 447 458 459 448 
384 448 459 62 61 
385 26 3 103 449 
386 449 103 104 450 
387 450 104 105 451 
388 451 105 106 452 
389 452 106 107 453 
390 453 107 108 454 
391 454 108 109 455 
392 455 109 110 456 
393 456 110 111 457 
394 457 111 112 458 
395 458 112 113 459 
396 459 113 7 62 
2 21 3 120
397 3 27 460 103 
398 103 460 461 104 
399 104 461 462 105 
400 105 462 463 106 
401 106 463 464 107 
402 107 464 465 108 
403 108 465 466 109 
404 109 466 467 110 
405 110 467 468 111 
406 111 468 469 112 
407 112 469 470 113 
408 113 470 63 7 
409 27 28 471 460 
410 460 471 472 461 
411 461 472 473 462 
412 462 473 474 463 
413 463 474 475 464 
414 464 475 476 465 
415 465 476 477 466 
416 466 477 478 467 
417 467 478 479 468 
418 468 479 480 469 
419 469 480 481 470 
420 470 481 64 63 
421 28 29 482 471 
422 471 482 483 472 
423 472 483 484 473 
424 473 484 485 474 
425 474 485 486 475 
426 475 486 487 476 
427 476 487 488 477 
428 477 488 489 478 
429 478 489 490 479 
430 479 490 491 480 
431 480 491 492 481 
432 481 492 65 64 
433 29 30 493 482 
434 482 493 494 483 
435 483 494 495 484 
436 484 495 496 485 
437 485 496 497 486 
438 486 497 498 487 
439 487 498 499 488 
440 488 499 500 489 
441 489 500 501 490 
442 490 501 502 491 
443 491 502 503 492 
444 492 503 66 65 
445 30 31 504 493 
446 493 504 505 494 
447 494 505 506 495 
448 495 506 507 496 
449 496 507 508 497 
450 497 508 509 498 
451 498 509 510 499 
452 499 510 511 500 
453 500 511 512 501 
454 501 512 513 502 
455 502 513 514 503 
456 503 514 67 66 
457 31 32 515 504 
458 504 515 516 505 
459 505 516 517 506 
460 506 517 518 507 
461 507 518 519 508 
462 508 519 520 509 
463 509 520 521 510 
464 510 521 522 511 
465 511 522 523 512 
466 512 523 524 513 
467 513 524 525 514 
468 514 525 68 67 
469 32 33 526 515 
470 515 526 527 516 
471 516 527 528 517 
472 517 528 529 518 
473 518 529 530 519 
474 519 530 531 520 
475 520 531 532 521 
476 521 532 533 522 
477 522 533 534 523 
478 523 534 535 524 
479 524 535 536 525 
480 525 536 69 68 
481 33 34 537 526 
482 526 537 538 527 
483 527 538 539 528 
484 528 539 540 529 
485 529 540 541 530 
486 530 541 542 531 
487 531 542 543 532 
488 532 543 544 533 
489 533 544 545 534 
490 534 545 546 535 
491 535 546 547 536 
492 536 547 70 69 
493 34 35 548 537 
494 537 548 549 538 
495 538 549 550 539 
496 539 550 551 540 
497 540 551 552 541 
498 541 552 553 542 
499 542 553 554 543 
500 543 554 555 544 
501 544 555 556 545 
502 545 556 557 546 
503 546 557 558 547 
504 547 558 71 70 
505 35 4 114 548 
506 548 114 115 549 
507 549 115 116 550 
508 550 116 117 551 
509 551 117 118 552 
510 552 118 119 553 
511 553 119 120 554 
512 554 120 121 555 
513 555 121 122 556 
514 556 122 123 557 
515 557 123 124 558 
516 558 124 8 71 
2 25 3 120
517 4 36 559 114 
518 114 559 560 115 
519 115 560 561 116 
520 116 561 562 117 
521 117 562 563 118 
522 118 563 564 119 
523 119 564 565 120 
524 120 565 566 121 
525 121 566 567 122 
526 122 567 568 123 
527 123 568 569 124 
528 124 569 72 8 
529 36 37 570 559 
530 559 570 571 560 
531 560 571 572 561 
532 561 572 573 562 
533 562 573 574 563 
534 563 574 575 564 
535 564 575 576 565 
536 565 576 577 566 
537 566 577 578 567 
538 567 578 579 568 
539 568 579 580 569 
540 569 580 73 72 
541 37 38 581 570 
542 570 581 582 571 
543 571 582 583 572 
544 572 583 584 573 
545 573 584 585 574 
546 574 585 586 575 
547 575 586 587 576 
548 576 587 588 577 
549 577 588 589 578 
550 578 589 590 579 
551 579 590 591 580 
552 580 591 74 73 
553 38 39 592 581 
554 581 592 593 582 
555 582 593 594 583 
556 583 594 595 584 
557 584 595 596 585 
558 585 596 597 586 
559 586 597 598 587 
560 587 598 599 588 
561 588 599 600 589 
562 589 600 601 590 
563 590 601 602 591 
564 591 602 75 74 
565 39 40 603 592 
566 592 603 604 593 
567 593 604 605 594 
568 594 605 606 595 
569 595 606 607 596 
570 596 607 608 597 
571 597 608 609 598 
572 598 609 610 599 
573 599 610 611 600 
574 600 611 612 601 
575 601 612 613 602 
576 602 613 76 75 
577 40 41 614 603 
578 603 614 615 604 
579 604 615 616 605 
580 605 616 617 606 
581 606 617 618 607 
582 607 618 619 608 
583 608 619 620 609 
584 609 620 621 610 
585 610 621 622 611 
586 611 622 623 612 
587 612 623 624 613 
588 613 624 77 76 
589 41 42 625 614 
590 614 625 626 615 
591 615 626 627 616 
592 616 627 628 617 
593 617 628 629 618 
594 618 629 630 619 
595 619 630 631 620 
596 620 631 632 621 
597 621 632 633 622 
598 622 633 634 623 
599 623 634 635 624 
600 624 635 78 77 
601 42 43 636 625 
602 625 636 637 626 
603 626 637 638 627 
604 627 638 639 628 
605 628 639 640 629 
606 629 640 641 630 
607 630 641 642 631 
608 631 642 643 632 
609 632 643 644 633 
610 633 644 645 634 
611 634 645 646 635 
612 635 646 79 78 
613 43 44 647 636 
614 636 647 648 637 
615 637 648 649 638 
616 638 649 650 639 
617 639 650 651 640 
618 640 651 652 641 
619 641 652 653 642 
620 642 653 654 643 
621 643 654 655 644 
622 644 655 656 645 
623 645 656 657 646 
624 646 657 80 79 
625 44 1 81 647 
626 647 81 82 648 
627 648 82 83 649 
628 649 83 84 650 
629 650 84 85 651 
630 651 85 86 652 
631 652 86 87 653 
632 653 87 88 654 
633 654 88 89 655 
634 655 89 90 656 
635 656 90 91 657 
636 657 91 5 80 
2 26 3 156
637 789 719 752 771 
638 659 724 792 775 
639 69 764 783 68 
640 724 754 732 725 
641 71 765 672 70 
642 756 767 666 762 
643 793 723 779 766 
644 62 755 776 61 
645 756 716 731 759 
646 762 666 778 721 
647 730 670 759 731 
648 716 733 729 731 
649 675 730 731 729 
650 725 732 678 734 
651 682 753 725 734 
652 715 735 680 733 
653 748 749 739 741 
654 684 743 688 685 
655 739 749 694 695 
656 713 706 715 714 
657 733 716 714 715 
658 695 736 737 739 
659 736 707 708 710 
660 736 710 738 737 
661 687 689 707 742 
662 684 735 704 743 
663 742 695 694 690 
664 697 711 717 712 
665 699 700 747 746 
666 695 742 707 736 
667 749 748 747 700 
668 737 740 741 739 
669 701 691 694 699 
670 720 750 698 705 
671 743 693 692 688 
672 694 691 686 690 
673 701 699 746 702 
674 689 696 708 707 
675 749 700 699 694 
676 717 728 751 712 
677 706 705 698 704 
678 697 698 750 711 
679 697 745 696 692 
680 703 702 723 722 
681 765 71 8 661 
682 697 712 751 745 
683 688 692 696 689 
684 743 704 698 693 
685 719 751 728 752 
686 719 709 745 751 
687 692 693 698 697 
688 745 709 708 696 
689 744 708 709 718 
690 704 735 715 706 
691 708 744 738 710 
692 706 713 720 705 
693 764 69 70 672 
694 742 690 686 687 
695 689 687 685 688 
696 755 62 7 658 
697 687 686 683 685 
698 682 691 701 753 
699 702 703 753 701 
700 686 691 682 683 
701 685 683 681 684 
702 724 725 753 703 
703 684 681 680 735 
704 683 682 679 681 
705 733 680 677 729 
706 682 734 678 679 
707 681 679 677 680 
708 732 727 676 678 
709 679 678 676 677 
710 758 748 741 780 
711 729 677 676 675 
712 752 728 755 658 
713 738 764 672 761 
714 49 662 760 48 
715 759 660 767 756 
716 771 669 769 789 
717 740 765 661 786 
718 711 750 757 726 
719 794 747 748 758 
720 716 756 762 714 
721 675 676 760 662 
722 726 757 665 774 
723 738 761 740 737 
724 721 713 714 762 
725 777 763 738 744 
726 771 752 658 781 
727 730 675 662 674 
728 728 717 788 755 
729 732 667 782 727 
730 661 768 780 786 
731 774 673 788 726 
732 54 767 660 6 
733 72 768 661 8 
734 55 666 767 54 
735 73 668 768 72 
736 663 76 77 766 
737 65 669 771 64 
738 662 49 50 674 
739 669 65 66 769 
740 76 663 770 75 
741 67 664 769 66 
742 58 665 772 57 
743 5 659 775 80 
744 79 671 773 78 
745 665 58 59 774 
746 80 775 671 79 
747 60 673 774 59 
748 61 776 673 60 
749 738 763 783 764 
750 750 720 791 757 
751 674 785 670 730 
752 778 772 791 721 
753 46 667 784 45 
754 52 670 785 51 
755 676 727 782 760 
756 47 782 667 46 
757 6 660 790 53 
758 666 55 56 778 
759 732 754 784 667 
760 724 659 784 754 
761 702 746 779 723 
762 658 7 63 781 
763 740 761 672 765 
764 664 67 68 783 
765 713 721 791 720 
766 770 758 668 787 
767 659 5 45 784 
768 660 759 670 790 
769 777 664 783 763 
770 48 760 782 47 
771 78 773 766 77 
772 668 73 74 787 
773 746 747 794 779 
774 711 726 788 717 
775 57 772 778 56 
776 709 719 789 718 
777 670 52 53 790 
778 64 771 781 63 
779 703 722 792 724 
780 792 722 723 793 
781 789 769 664 777 
782 51 785 674 50 
783 75 770 787 74 
784 758 780 768 668 
785 744 718 789 777 
786 766 773 671 793 
787 793 671 775 792 
788 740 786 780 741 
789 755 788 673 776 
790 757 791 772 665 
791 758 770 663 794 
792 766 779 794 663 
3 1 5 1872
793 256 186 219 238 2236 1466 1829 2038 
794 2236 1466 1829 2038 2237 1467 1830 2039 
795 2237 1467 1830 2039 2238 1468 1831 2040 
796 2238 1468 1831 2040 2239 1469 1832 2041 
797 2239 1469 1832 2041 2240 1470 1833 2042 
798 2240 1470 1833 2042 2241 1471 1834 2043 
799 2241 1471 1834 2043 2242 1472 1835 2044 
800 2242 1472 1835 2044 2243 1473 1836 2045 
801 2243 1473 1836 2045 2244 1474 1837 2046 
802 2244 1474 1837 2046 2245 1475 1838 2047 
803 2245 1475 1838 2047 2246 1476 1839 2048 
804 2246 1476 1839 2048 789 719 752 771 
805 126 191 259 242 806 1521 2269 2082 
806 806 1521 2269 2082 807 1522 2270 2083 
807 807 1522 2270 2083 808 1523 2271 2084 
808 808 1523 2271 2084 809 1524 2272 2085 
809 809 1524 2272 2085 810 1525 2273 2086 
810 810 1525 2273 2086 811 1526 2274 2087 
811 811 1526 2274 2087 812 1527 2275 2088 
812 812 1527 2275 2088 813 1528 2276 2089 
813 813 1528 2276 2089 814 1529 2277 2090 
814 814 1529 2277 2090 815 1530 2278 2091 
815 815 1530 2278 2091 816 1531 2279 2092 
816 816 1531 2279 2092 659 724 792 775 
817 33 231 250 32 526 1961 2170 515 
818 526 1961 2170 515 527 1962 2171 516 
819 527 1962 2171 516 528 1963 2172 517 
820 528 1963 2172 517 529 1964 2173 518 
821 529 1964 2173 518 530 1965 2174 519 
822 530 1965 2174 519 531 1966 2175 520 
823 531 1966 2175 520 532 1967 2176 521 
824 532 1967 2176 521 533 1968 2177 522 
825 533 1968 2177 522 534 1969 2178 523 
826 534 1969 2178 523 535 1970 2179 524 
827 535 1970 2179 524 536 1971 2180 525 
828 536 1971 2180 525 69 764 783 68 
829 191 221 199 192 1521 1851 1609 1532 
830 1521 1851 1609 1532 1522 1852 1610 1533 
831 1522 1852 1610 1533 1523 1853 1611 1534 
832 1523 1853 1611 1534 1524 1854 1612 1535 
833 1524 1854 1612 1535 1525 1855 1613 1536 
834 1525 1855 1613 1536 1526 1856 1614 1537 
835 1526 1856 1614 1537 1527 1857 1615 1538 
836 1527 1857 1615 1538 1528 1858 1616 1539 
837 1528 1858 1616 1539 1529 1859 1617 1540 
838 1529 1859 1617 1540 1530 1860 1618 1541 
839 1530 1860 1618 1541 1531 1861 1619 1542 
840 1531 1861 1619 1542 724 754 732 725 
841 35 232 139 34 548 1972 949 537 
842 548 1972 949 537 549 1973 950 538 
843 549 1973 950 538 550 1974 951 539 
844 550 1974 951 539 551 1975 952 540 
845 551 1975 952 540 552 1976 953 541 
846 552 1976 953 541 553 1977 954 542 
847 553 1977 954 542 554 1978 955 543 
848 554 1978 955 543 555 1979 956 544 
849 555 1979 956 544 556 1980 957 545 
850 556 1980 957 545 557 1981 958 546 
851 557 1981 958 546 558 1982 959 547 
852 558 1982 959 547 71 765 672 70 
853 223 234 133 229 1873 1994 883 1939 
854 1873 1994 883 1939 1874 1995 884 1940 
855 1874 1995 884 1940 1875 1996 885 1941 
856 1875 1996 885 1941 1876 1997 886 1942 
857 1876 1997 886 1942 1877 1998 887 1943 
858 1877 1998 887 1943 1878 1999 888 1944 
859 1878 1999 888 1944 1879 2000 889 1945 
860 1879 2000 889 1945 1880 2001 890 1946 
861 1880 2001 890 1946 1881 2002 891 1947 
862 1881 2002 891 1947 1882 2003 892 1948 
863 1882 2003 892 1948 1883 2004 893 1949 
864 1883 2004 893 1949 756 767 666 762 
865 260 190 246 233 2280 1510 2126 1983 
866 2280 1510 2126 1983 2281 1511 2127 1984 
867 2281 1511 2127 1984 2282 1512 2128 1985 
868 2282 1512 2128 1985 2283 1513 2129 1986 
869 2283 1513 2129 1986 2284 1514 2130 1987 
870 2284 1514 2130 1987 2285 1515 2131 1988 
871 2285 1515 2131 1988 2286 1516 2132 1989 
872 2286 1516 2132 1989 2287 1517 2133 1990 
873 2287 1517 2133 1990 2288 1518 2134 1991 
874 2288 1518 2134 1991 2289 1519 2135 1992 
875 2289 1519 2135 1992 2290 1520 2136 1993 
876 2290 1520 2136 1993 793 723 779 766 
877 26 222 243 25 449 1862 2093 438 
878 449 1862 2093 438 450 1863 2094 439 
879 450 1863 2094 439 451 1864 2095 440 
880 451 1864 2095 440 452 1865 2096 441 
881 452 1865 2096 441 453 1866 2097 442 
882 453 1866 2097 442 454 1867 2098 443 
883 454 1867 2098 443 455 1868 2099 444 
884 455 1868 2099 444 456 1869 2100 445 
885 456 1869 2100 445 457 1870 2101 446 
886 457 1870 2101 446 458 1871 2102 447 
887 458 1871 2102 447 459 1872 2103 448 
888 459 1872 2103 448 62 755 776 61 
889 223 183 198 226 1873 1433 1598 1906 
890 1873 1433 1598 1906 1874 1434 1599 1907 
891 1874 1434 1599 1907 1875 1435 1600 1908 
892 1875 1435 1600 1908 1876 1436 1601 1909 
893 1876 1436 1601 1909 1877 1437 1602 1910 
894 1877 1437 1602 1910 1878 1438 1603 1911 
895 1878 1438 1603 1911 1879 1439 1604 1912 
896 1879 1439 1604 1912 1880 1440 1605 1913 
897 1880 1440 1605 1913 1881 1441 1606 1914 
898 1881 1441 1606 1914 1882 1442 1607 1915 
899 1882 1442 1607 1915 1883 1443 1608 1916 
900 1883 1443 1608 1916 756 716 731 759 
901 229 133 245 188 1939 883 2115 1488 
902 1939 883 2115 1488 1940 884 2116 1489 
903 1940 884 2116 1489 1941 885 2117 1490 
904 1941 885 2117 1490 1942 886 2118 1491 
905 1942 886 2118 1491 1943 887 2119 1492 
906 1943 887 2119 1492 1944 888 2120 1493 
907 1944 888 2120 1493 1945 889 2121 1494 
908 1945 889 2121 1494 1946 890 2122 1495 
909 1946 890 2122 1495 1947 891 2123 1496 
910 1947 891 2123 1496 1948 892 2124 1497 
911 1948 892 2124 1497 1949 893 2125 1498 
912 1949 893 2125 1498 762 666 778 721 
913 197 137 226 198 1587 927 1906 1598 
914 1587 927 1906 1598 1588 928 1907 1599 
915 1588 928 1907 1599 1589 929 1908 1600 
916 1589 929 1908 1600 1590 930 1909 1601 
917 1590 930 1909 1601 1591 931 1910 1602 
918 1591 931 1910 1602 1592 932 1911 1603 
919 1592 932 1911 1603 1593 933 1912 1604 
920 1593 933 1912 1604 1594 934 1913 1605 
921 1594 934 1913 1605 1595 935 1914 1606 
922 1595 935 1914 1606 1596 936 1915 1607 
923 1596 936 1915 1607 1597 937 1916 1608 
924 1597 937 1916 1608 730 670 759 731 
925 183 200 196 198 1433 1620 1576 1598 
926 1433 1620 1576 1598 1434 1621 1577 1599 
927 1434 1621 1577 1599 1435 1622 1578 1600 
928 1435 1622 1578 1600 1436 1623 1579 1601 
929 1436 1623 1579 1601 1437 1624 1580 1602 
930 1437 1624 1580 1602 1438 1625 1581 1603 
931 1438 1625 1581 1603 1439 1626 1582 1604 
932 1439 1626 1582 1604 1440 1627 1583 1605 
933 1440 1627 1583 1605 1441 1628 1584 1606 
934 1441 1628 1584 1606 1442 1629 1585 1607 
935 1442 1629 1585 1607 1443 1630 1586 1608 
936 1443 1630 1586 1608 716 733 729 731 
937 142 197 198 196 982 1587 1598 1576 
938 982 1587 1598 1576 983 1588 1599 1577 
939 983 1588 1599 1577 984 1589 1600 1578 
940 984 1589 1600 1578 985 1590 1601 1579 
941 985 1590 1601 1579 986 1591 1602 1580 
942 986 1591 1602 1580 987 1592 1603 1581 
943 987 1592 1603 1581 988 1593 1604 1582 
944 988 1593 1604 1582 989 1594 1605 1583 
945 989 1594 1605 1583 990 1595 1606 1584 
946 990 1595 1606 1584 991 1596 1607 1585 
947 991 1596 1607 1585 992 1597 1608 1586 
948 992 1597 1608 1586 675 730 731 729 
949 192 199 145 201 1532 1609 1015 1631 
950 1532 1609 1015 1631 1533 1610 1016 1632 
951 1533 1610 1016 1632 1534 1611 1017 1633 
952 1534 1611 1017 1633 1535 1612 1018 1634 
953 1535 1612 1018 1634 1536 1613 1019 1635 
954 1536 1613 1019 1635 1537 1614 1020 1636 
955 1537 1614 1020 1636 1538 1615 1021 1637 
956 1538 1615 1021 1637 1539 1616 1022 1638 
957 1539 1616 1022 1638 1540 1617 1023 1639 
958 1540 1617 1023 1639 1541 1618 1024 1640 
959 1541 1618 1024 1640 1542 1619 1025 1641 
960 1542 1619 1025 1641 725 732 678 734 
961 149 220 192 201 1059 1840 1532 1631 
962 1059 1840 1532 1631 1060 1841 1533 1632 
963 1060 1841 1533 1632 1061 1842 1534 1633 
964 1061 1842 1534 1633 1062 1843 1535 1634 
965 1062 1843 1535 1634 1063 1844 1536 1635 
966 1063 1844 1536 1635 1064 1845 1537 1636 
967 1064 1845 1537 1636 1065 1846 1538 1637 
968 1065 1846 1538 1637 1066 1847 1539 1638 
969 1066 1847 1539 1638 1067 1848 1540 1639 
970 1067 1848 1540 1639 1068 1849 1541 1640 
971 1068 1849 1541 1640 1069 1850 1542 1641 
972 1069 1850 1542 1641 682 753 725 734 
973 182 202 147 200 1422 1642 1037 1620 
974 1422 1642 1037 1620 1423 1643 1038 1621 
975 1423 1643 1038 1621 1424 1644 1039 1622 
976 1424 1644 1039 1622 1425 1645 1040 1623 
977 1425 1645 1040 1623 1426 1646 1041 1624 
978 1426 1646 1041 1624 1427 1647 1042 1625 
979 1427 1647 1042 1625 1428 1648 1043 1626 
980 1428 1648 1043 1626 1429 1649 1044 1627 
981 1429 1649 1044 1627 1430 1650 1045 1628 
982 1430 1650 1045 1628 1431 1651 1046 1629 
983 1431 1651 1046 1629 1432 1652 1047 1630 
984 1432 1652 1047 1630 715 735 680 733 
985 215 216 206 208 1785 1796 1686 1708 
986 1785 1796 1686 1708 1786 1797 1687 1709 
987 1786 1797 1687 1709 1787 1798 1688 1710 
988 1787 1798 1688 1710 1788 1799 1689 1711 
989 1788 1799 1689 1711 1789 1800 1690 1712 
990 1789 1800 1690 1712 1790 1801 1691 1713 
991 1790 1801 1691 1713 1791 1802 1692 1714 
992 1791 1802 1692 1714 1792 1803 1693 1715 
993 1792 1803 1693 1715 1793 1804 1694 1716 
994 1793 1804 1694 1716 1794 1805 1695 1717 
995 1794 1805 1695 1717 1795 1806 1696 1718 
996 1795 1806 1696 1718 748 749 739 741 
997 151 210 155 152 1081 1730 1125 1092 
998 1081 1730 1125 1092 1082 1731 1126 1093 
999 1082 1731 1126 1093 1083 1732 1127 1094 
1000 1083 1732 1127 1094 1084 1733 1128 1095 
1001 1084 1733 1128 1095 1085 1734 1129 1096 
1002 1085 1734 1129 1096 1086 1735 1130 1097 
1003 1086 1735 1130 1097 1087 1736 1131 1098 
1004 1087 1736 1131 1098 1088 1737 1132 1099 
1005 1088 1737 1132 1099 1089 1738 1133 1100 
1006 1089 1738 1133 1100 1090 1739 1134 1101 
1007 1090 1739 1134 1101 1091 1740 1135 1102 
1008 1091 1740 1135 1102 684 743 688 685 
1009 206 216 161 162 1686 1796 1191 1202 
1010 1686 1796 1191 1202 1687 1797 1192 1203 
1011 1687 1797 1192 1203 1688 1798 1193 1204 
1012 1688 1798 1193 1204 1689 1799 1194 1205 
1013 1689 1799 1194 1205 1690 1800 1195 1206 
1014 1690 1800 1195 1206 1691 1801 1196 1207 
1015 1691 1801 1196 1207 1692 1802 1197 1208 
1016 1692 1802 1197 1208 1693 1803 1198 1209 
1017 1693 1803 1198 1209 1694 1804 1199 1210 
1018 1694 1804 1199 1210 1695 1805 1200 1211 
1019 1695 1805 1200 1211 1696 1806 1201 1212 
1020 1696 1806 1201 1212 739 749 694 695 
1021 180 173 182 181 1400 1323 1422 1411 
1022 1400 1323 1422 1411 1401 1324 1423 1412 
1023 1401 1324 1423 1412 1402 1325 1424 1413 
1024 1402 1325 1424 1413 1403 1326 1425 1414 
1025 1403 1326 1425 1414 1404 1327 1426 1415 
1026 1404 1327 1426 1415 1405 1328 1427 1416 
1027 1405 1328 1427 1416 1406 1329 1428 1417 
1028 1406 1329 1428 1417 1407 1330 1429 1418 
1029 1407 1330 1429 1418 1408 1331 1430 1419 
1030 1408 1331 1430 1419 1409 1332 1431 1420 
1031 1409 1332 1431 1420 1410 1333 1432 1421 
1032 1410 1333 1432 1421 713 706 715 714 
1033 200 183 181 182 1620 1433 1411 1422 
1034 1620 1433 1411 1422 1621 1434 1412 1423 
1035 1621 1434 1412 1423 1622 1435 1413 1424 
1036 1622 1435 1413 1424 1623 1436 1414 1425 
1037 1623 1436 1414 1425 1624 1437 1415 1426 
1038 1624 1437 1415 1426 1625 1438 1416 1427 
1039 1625 1438 1416 1427 1626 1439 1417 1428 
1040 1626 1439 1417 1428 1627 1440 1418 1429 
1041 1627 1440 1418 1429 1628 1441 1419 1430 
1042 1628 1441 1419 1430 1629 1442 1420 1431 
1043 1629 1442 1420 1431 1630 1443 1421 1432 
1044 1630 1443 1421 1432 733 716 714 715 
1045 162 203 204 206 1202 1653 1664 1686 
1046 1202 1653 1664 1686 1203 1654 1665 1687 
1047 1203 1654 1665 1687 1204 1655 1666 1688 
1048 1204 1655 1666 1688 1205 1656 1667 1689 
1049 1205 1656 1667 1689 1206 1657 1668 1690 
1050 1206 1657 1668 1690 1207 1658 1669 1691 
1051 1207 1658 1669 1691 1208 1659 1670 1692 
1052 1208 1659 1670 1692 1209 1660 1671 1693 
1053 1209 1660 1671 1693 1210 1661 1672 1694 
1054 1210 1661 1672 1694 1211 1662 1673 1695 
1055 1211 1662 1673 1695 1212 1663 1674 1696 
1056 1212 1663 1674 1696 695 736 737 739 
1057 203 174 175 177 1653 1334 1345 1367 
1058 1653 1334 1345 1367 1654 1335 1346 1368 
1059 1654 1335 1346 1368 1655 1336 1347 1369 
1060 1655 1336 1347 1369 1656 1337 1348 1370 
1061 1656 1337 1348 1370 1657 1338 1349 1371 
1062 1657 1338 1349 1371 1658 1339 1350 1372 
1063 1658 1339 1350 1372 1659 1340 1351 1373 
1064 1659 1340 1351 1373 1660 1341 1352 1374 
1065 1660 1341 1352 1374 1661 1342 1353 1375 
1066 1661 1342 1353 1375 1662 1343 1354 1376 
1067 1662 1343 1354 1376 1663 1344 1355 1377 
1068 1663 1344 1355 1377 736 707 708 710 
1069 203 177 205 204 1653 1367 1675 1664 
1070 1653 1367 1675 1664 1654 1368 1676 1665 
1071 1654 1368 1676 1665 1655 1369 1677 1666 
1072 1655 1369 1677 1666 1656 1370 1678 1667 
1073 1656 1370 1678 1667 1657 1371 1679 1668 
1074 1657 1371 1679 1668 1658 1372 1680 1669 
1075 1658 1372 1680 1669 1659 1373 1681 1670 
1076 1659 1373 1681 1670 1660 1374 1682 1671 
1077 1660 1374 1682 1671 1661 1375 1683 1672 
1078 1661 1375 1683 1672 1662 1376 1684 1673 
1079 1662 1376 1684 1673 1663 1377 1685 1674 
1080 1663 1377 1685 1674 736 710 738 737 
1081 154 156 174 209 1114 1136 1334 1719 
1082 1114 1136 1334 1719 1115 1137 1335 1720 
1083 1115 1137 1335 1720 1116 1138 1336 1721 
1084 1116 1138 1336 1721 1117 1139 1337 1722 
1085 1117 1139 1337 1722 1118 1140 1338 1723 
1086 1118 1140 1338 1723 1119 1141 1339 1724 
1087 1119 1141 1339 1724 1120 1142 1340 1725 
1088 1120 1142 1340 1725 1121 1143 1341 1726 
1089 1121 1143 1341 1726 1122 1144 1342 1727 
1090 1122 1144 1342 1727 1123 1145 1343 1728 
1091 1123 1145 1343 1728 1124 1146 1344 1729 
1092 1124 1146 1344 1729 687 689 707 742 
1093 151 202 171 210 1081 1642 1301 1730 
1094 1081 1642 1301 1730 1082 1643 1302 1731 
1095 1082 1643 1302 1731 1083 1644 1303 1732 
1096 1083 1644 1303 1732 1084 1645 1304 1733 
1097 1084 1645 1304 1733 1085 1646 1305 1734 
1098 1085 1646 1305 1734 1086 1647 1306 1735 
1099 1086 1647 1306 1735 1087 1648 1307 1736 
1100 1087 1648 1307 1736 1088 1649 1308 1737 
1101 1088 1649 1308 1737 1089 1650 1309 1738 
1102 1089 1650 1309 1738 1090 1651 1310 1739 
1103 1090 1651 1310 1739 1091 1652 1311 1740 
1104 1091 1652 1311 1740 684 735 704 743 
1105 209 162 161 157 1719 1202 1191 1147 
1106 1719 1202 1191 1147 1720 1203 1192 1148 
1107 1720 1203 1192 1148 1721 1204 1193 1149 
1108 1721 1204 1193 1149 1722 1205 1194 1150 
1109 1722 1205 1194 1150 1723 1206 1195 1151 
1110 1723 1206 1195 1151 1724 1207 1196 1152 
1111 1724 1207 1196 1152 1725 1208 1197 1153 
1112 1725 1208 1197 1153 1726 1209 1198 1154 
1113 1726 1209 1198 1154 1727 1210 1199 1155 
1114 1727 1210 1199 1155 1728 1211 1200 1156 
1115 1728 1211 1200 1156 1729 1212 1201 1157 
1116 1729 1212 1201 1157 742 695 694 690 
1117 164 178 184 179 1224 1378 1444 1389 
1118 1224 1378 1444 1389 1225 1379 1445 1390 
1119 1225 1379 1445 1390 1226 1380 1446 1391 
1120 1226 1380 1446 1391 1227 1381 1447 1392 
1121 1227 1381 1447 1392 1228 1382 1448 1393 
1122 1228 1382 1448 1393 1229 1383 1449 1394 
1123 1229 1383 1449 1394 1230 1384 1450 1395 
1124 1230 1384 1450 1395 1231 1385 1451 1396 
1125 1231 1385 1451 1396 1232 1386 1452 1397 
1126 1232 1386 1452 1397 1233 1387 1453 1398 
1127 1233 1387 1453 1398 1234 1388 1454 1399 
1128 1234 1388 1454 1399 697 711 717 712 
1129 166 167 214 213 1246 1257 1774 1763 
1130 1246 1257 1774 1763 1247 1258 1775 1764 
1131 1247 1258 1775 1764 1248 1259 1776 1765 
1132 1248 1259 1776 1765 1249 1260 1777 1766 
1133 1249 1260 1777 1766 1250 1261 1778 1767 
1134 1250 1261 1778 1767 1251 1262 1779 1768 
1135 1251 1262 1779 1768 1252 1263 1780 1769 
1136 1252 1263 1780 1769 1253 1264 1781 1770 
1137 1253 1264 1781 1770 1254 1265 1782 1771 
1138 1254 1265 1782 1771 1255 1266 1783 1772 
1139 1255 1266 1783 1772 1256 1267 1784 1773 
1140 1256 1267 1784 1773 699 700 747 746 
1141 162 209 174 203 1202 1719 1334 1653 
1142 1202 1719 1334 1653 1203 1720 1335 1654 
1143 1203 1720 1335 1654 1204 1721 1336 1655 
1144 1204 1721 1336 1655 1205 1722 1337 1656 
1145 1205 1722 1337 1656 1206 1723 1338 1657 
1146 1206 1723 1338 1657 1207 1724 1339 1658 
1147 1207 1724 1339 1658 1208 1725 1340 1659 
1148 1208 1725 1340 1659 1209 1726 1341 1660 
1149 1209 1726 1341 1660 1210 1727 1342 1661 
1150 1210 1727 1342 1661 1211 1728 1343 1662 
1151 1211 1728 1343 1662 1212 1729 1344 1663 
1152 1212 1729 1344 1663 695 742 707 736 
1153 216 215 214 167 1796 1785 1774 1257 
1154 1796 1785 1774 1257 1797 1786 1775 1258 
1155 1797 1786 1775 1258 1798 1787 1776 1259 
1156 1798 1787 1776 1259 1799 1788 1777 1260 
1157 1799 1788 1777 1260 1800 1789 1778 1261 
1158 1800 1789 1778 1261 1801 1790 1779 1262 
1159 1801 1790 1779 1262 1802 1791 1780 1263 
1160 1802 1791 1780 1263 1803 1792 1781 1264 
1161 1803 1792 1781 1264 1804 1793 1782 1265 
1162 1804 1793 1782 1265 1805 1794 1783 1266 
1163 1805 1794 1783 1266 1806 1795 1784 1267 
1164 1806 1795 1784 1267 749 748 747 700 
1165 204 207 208 206 1664 1697 1708 1686 
1166 1664 1697 1708 1686 1665 1698 1709 1687 
1167 1665 1698 1709 1687 1666 1699 1710 1688 
1168 1666 1699 1710 1688 1667 1700 1711 1689 
1169 1667 1700 1711 1689 1668 1701 1712 1690 
1170 1668 1701 1712 1690 1669 1702 1713 1691 
1171 1669 1702 1713 1691 1670 1703 1714 1692 
1172 1670 1703 1714 1692 1671 1704 1715 1693 
1173 1671 1704 1715 1693 1672 1705 1716 1694 
1174 1672 1705 1716 1694 1673 1706 1717 1695 
1175 1673 1706 1717 1695 1674 1707 1718 1696 
1176 1674 1707 1718 1696 737 740 741 739 
1177 168 158 161 166 1268 1158 1191 1246 
1178 1268 1158 1191 1246 1269 1159 1192 1247 
1179 1269 1159 1192 1247 1270 1160 1193 1248 
1180 1270 1160 1193 1248 1271 1161 1194 1249 
1181 1271 1161 1194 1249 1272 1162 1195 1250 
1182 1272 1162 1195 1250 1273 1163 1196 1251 
1183 1273 1163 1196 1251 1274 1164 1197 1252 
1184 1274 1164 1197 1252 1275 1165 1198 1253 
1185 1275 1165 1198 1253 1276 1166 1199 1254 
1186 1276 1166 1199 1254 1277 1167 1200 1255 
1187 1277 1167 1200 1255 1278 1168 1201 1256 
1188 1278 1168 1201 1256 701 691 694 699 
1189 187 217 165 172 1477 1807 1235 1312 
1190 1477 1807 1235 1312 1478 1808 1236 1313 
1191 1478 1808 1236 1313 1479 1809 1237 1314 
1192 1479 1809 1237 1314 1480 1810 1238 1315 
1193 1480 1810 1238 1315 1481 1811 1239 1316 
1194 1481 1811 1239 1316 1482 1812 1240 1317 
1195 1482 1812 1240 1317 1483 1813 1241 1318 
1196 1483 1813 1241 1318 1484 1814 1242 1319 
1197 1484 1814 1242 1319 1485 1815 1243 1320 
1198 1485 1815 1243 1320 1486 1816 1244 1321 
1199 1486 1816 1244 1321 1487 1817 1245 1322 
1200 1487 1817 1245 1322 720 750 698 705 
1201 210 160 159 155 1730 1180 1169 1125 
1202 1730 1180 1169 1125 1731 1181 1170 1126 
1203 1731 1181 1170 1126 1732 1182 1171 1127 
1204 1732 1182 1171 1127 1733 1183 1172 1128 
1205 1733 1183 1172 1128 1734 1184 1173 1129 
1206 1734 1184 1173 1129 1735 1185 1174 1130 
1207 1735 1185 1174 1130 1736 1186 1175 1131 
1208 1736 1186 1175 1131 1737 1187 1176 1132 
1209 1737 1187 1176 1132 1738 1188 1177 1133 
1210 1738 1188 1177 1133 1739 1189 1178 1134 
1211 1739 1189 1178 1134 1740 1190 1179 1135 
1212 1740 1190 1179 1135 743 693 692 688 
1213 161 158 153 157 1191 1158 1103 1147 
1214 1191 1158 1103 1147 1192 1159 1104 1148 
1215 1192 1159 1104 1148 1193 1160 1105 1149 
1216 1193 1160 1105 1149 1194 1161 1106 1150 
1217 1194 1161 1106 1150 1195 1162 1107 1151 
1218 1195 1162 1107 1151 1196 1163 1108 1152 
1219 1196 1163 1108 1152 1197 1164 1109 1153 
1220 1197 1164 1109 1153 1198 1165 1110 1154 
1221 1198 1165 1110 1154 1199 1166 1111 1155 
1222 1199 1166 1111 1155 1200 1167 1112 1156 
1223 1200 1167 1112 1156 1201 1168 1113 1157 
1224 1201 1168 1113 1157 694 691 686 690 
1225 168 166 213 169 1268 1246 1763 1279 
1226 1268 1246 1763 1279 1269 1247 1764 1280 
1227 1269 1247 1764 1280 1270 1248 1765 1281 
1228 1270 1248 1765 1281 1271 1249 1766 1282 
1229 1271 1249 1766 1282 1272 1250 1767 1283 
1230 1272 1250 1767 1283 1273 1251 1768 1284 
1231 1273 1251 1768 1284 1274 1252 1769 1285 
1232 1274 1252 1769 1285 1275 1253 1770 1286 
1233 1275 1253 1770 1286 1276 1254 1771 1287 
1234 1276 1254 1771 1287 1277 1255 1772 1288 
1235 1277 1255 1772 1288 1278 1256 1773 1289 
1236 1278 1256 1773 1289 701 699 746 702 
1237 156 163 175 174 1136 1213 1345 1334 
1238 1136 1213 1345 1334 1137 1214 1346 1335 
1239 1137 1214 1346 1335 1138 1215 1347 1336 
1240 1138 1215 1347 1336 1139 1216 1348 1337 
1241 1139 1216 1348 1337 1140 1217 1349 1338 
1242 1140 1217 1349 1338 1141 1218 1350 1339 
1243 1141 1218 1350 1339 1142 1219 1351 1340 
1244 1142 1219 1351 1340 1143 1220 1352 1341 
1245 1143 1220 1352 1341 1144 1221 1353 1342 
1246 1144 1221 1353 1342 1145 1222 1354 1343 
1247 1145 1222 1354 1343 1146 1223 1355 1344 
1248 1146 1223 1355 1344 689 696 708 707 
1249 216 167 166 161 1796 1257 1246 1191 
1250 1796 1257 1246 1191 1797 1258 1247 1192 
1251 1797 1258 1247 1192 1798 1259 1248 1193 
1252 1798 1259 1248 1193 1799 1260 1249 1194 
1253 1799 1260 1249 1194 1800 1261 1250 1195 
1254 1800 1261 1250 1195 1801 1262 1251 1196 
1255 1801 1262 1251 1196 1802 1263 1252 1197 
1256 1802 1263 1252 1197 1803 1264 1253 1198 
1257 1803 1264 1253 1198 1804 1265 1254 1199 
1258 1804 1265 1254 1199 1805 1266 1255 1200 
1259 1805 1266 1255 1200 1806 1267 1256 1201 
1260 1806 1267 1256 1201 749 700 699 694 
1261 184 195 218 179 1444 1565 1818 1389 
1262 1444 1565 1818 1389 1445 1566 1819 1390 
1263 1445 1566 1819 1390 1446 1567 1820 1391 
1264 1446 1567 1820 1391 1447 1568 1821 1392 
1265 1447 1568 1821 1392 1448 1569 1822 1393 
1266 1448 1569 1822 1393 1449 1570 1823 1394 
1267 1449 1570 1823 1394 1450 1571 1824 1395 
1268 1450 1571 1824 1395 1451 1572 1825 1396 
1269 1451 1572 1825 1396 1452 1573 1826 1397 
1270 1452 1573 1826 1397 1453 1574 1827 1398 
1271 1453 1574 1827 1398 1454 1575 1828 1399 
1272 1454 1575 1828 1399 717 728 751 712 
1273 173 172 165 171 1323 1312 1235 1301 
1274 1323 1312 1235 1301 1324 1313 1236 1302 
1275 1324 1313 1236 1302 1325 1314 1237 1303 
1276 1325 1314 1237 1303 1326 1315 1238 1304 
1277 1326 1315 1238 1304 1327 1316 1239 1305 
1278 1327 1316 1239 1305 1328 1317 1240 1306 
1279 1328 1317 1240 1306 1329 1318 1241 1307 
1280 1329 1318 1241 1307 1330 1319 1242 1308 
1281 1330 1319 1242 1308 1331 1320 1243 1309 
1282 1331 1320 1243 1309 1332 1321 1244 1310 
1283 1332 1321 1244 1310 1333 1322 1245 1311 
1284 1333 1322 1245 1311 706 705 698 704 
1285 164 165 217 178 1224 1235 1807 1378 
1286 1224 1235 1807 1378 1225 1236 1808 1379 
1287 1225 1236 1808 1379 1226 1237 1809 1380 
1288 1226 1237 1809 1380 1227 1238 1810 1381 
1289 1227 1238 1810 1381 1228 1239 1811 1382 
1290 1228 1239 1811 1382 1229 1240 1812 1383 
1291 1229 1240 1812 1383 1230 1241 1813 1384 
1292 1230 1241 1813 1384 1231 1242 1814 1385 
1293 1231 1242 1814 1385 1232 1243 1815 1386 
1294 1232 1243 1815 1386 1233 1244 1816 1387 
1295 1233 1244 1816 1387 1234 1245 1817 1388 
1296 1234 1245 1817 1388 697 698 750 711 
1297 164 212 163 159 1224 1752 1213 1169 
1298 1224 1752 1213 1169 1225 1753 1214 1170 
1299 1225 1753 1214 1170 1226 1754 1215 1171 
1300 1226 1754 1215 1171 1227 1755 1216 1172 
1301 1227 1755 1216 1172 1228 1756 1217 1173 
1302 1228 1756 1217 1173 1229 1757 1218 1174 
1303 1229 1757 1218 1174 1230 1758 1219 1175 
1304 1230 1758 1219 1175 1231 1759 1220 1176 
1305 1231 1759 1220 1176 1232 1760 1221 1177 
1306 1232 1760 1221 1177 1233 1761 1222 1178 
1307 1233 1761 1222 1178 1234 1762 1223 1179 
1308 1234 1762 1223 1179 697 745 696 692 
1309 170 169 190 189 1290 1279 1510 1499 
1310 1290 1279 1510 1499 1291 1280 1511 1500 
1311 1291 1280 1511 1500 1292 1281 1512 1501 
1312 1292 1281 1512 1501 1293 1282 1513 1502 
1313 1293 1282 1513 1502 1294 1283 1514 1503 
1314 1294 1283 1514 1503 1295 1284 1515 1504 
1315 1295 1284 1515 1504 1296 1285 1516 1505 
1316 1296 1285 1516 1505 1297 1286 1517 1506 
1317 1297 1286 1517 1506 1298 1287 1518 1507 
1318 1298 1287 1518 1507 1299 1288 1519 1508 
1319 1299 1288 1519 1508 1300 1289 1520 1509 
1320 1300 1289 1520 1509 703 702 723 722 
1321 232 35 4 128 1972 548 114 828 
1322 1972 548 114 828 1973 549 115 829 
1323 1973 549 115 829 1974 550 116 830 
1324 1974 550 116 830 1975 551 117 831 
1325 1975 551 117 831 1976 552 118 832 
1326 1976 552 118 832 1977 553 119 833 
1327 1977 553 119 833 1978 554 120 834 
1328 1978 554 120 834 1979 555 121 835 
1329 1979 555 121 835 1980 556 122 836 
1330 1980 556 122 836 1981 557 123 837 
1331 1981 557 123 837 1982 558 124 838 
1332 1982 558 124 838 765 71 8 661 
1333 164 179 218 212 1224 1389 1818 1752 
1334 1224 1389 1818 1752 1225 1390 1819 1753 
1335 1225 1390 1819 1753 1226 1391 1820 1754 
1336 1226 1391 1820 1754 1227 1392 1821 1755 
1337 1227 1392 1821 1755 1228 1393 1822 1756 
1338 1228 1393 1822 1756 1229 1394 1823 1757 
1339 1229 1394 1823 1757 1230 1395 1824 1758 
1340 1230 1395 1824 1758 1231 1396 1825 1759 
1341 1231 1396 1825 1759 1232 1397 1826 1760 
1342 1232 1397 1826 1760 1233 1398 1827 1761 
1343 1233 1398 1827 1761 1234 1399 1828 1762 
1344 1234 1399 1828 1762 697 712 751 745 
1345 155 159 163 156 1125 1169 1213 1136 
1346 1125 1169 1213 1136 1126 1170 1214 1137 
1347 1126 1170 1214 1137 1127 1171 1215 1138 
1348 1127 1171 1215 1138 1128 1172 1216 1139 
1349 1128 1172 1216 1139 1129 1173 1217 1140 
1350 1129 1173 1217 1140 1130 1174 1218 1141 
1351 1130 1174 1218 1141 1131 1175 1219 1142 
1352 1131 1175 1219 1142 1132 1176 1220 1143 
1353 1132 1176 1220 1143 1133 1177 1221 1144 
1354 1133 1177 1221 1144 1134 1178 1222 1145 
1355 1134 1178 1222 1145 1135 1179 1223 1146 
1356 1135 1179 1223 1146 688 692 696 689 
1357 210 171 165 160 1730 1301 1235 1180 
1358 1730 1301 1235 1180 1731 1302 1236 1181 
1359 1731 1302 1236 1181 1732 1303 1237 1182 
1360 1732 1303 1237 1182 1733 1304 1238 1183 
1361 1733 1304 1238 1183 1734 1305 1239 1184 
1362 1734 1305 1239 1184 1735 1306 1240 1185 
1363 1735 1306 1240 1185 1736 1307 1241 1186 
1364 1736 1307 1241 1186 1737 1308 1242 1187 
1365 1737 1308 1242 1187 1738 1309 1243 1188 
1366 1738 1309 1243 1188 1739 1310 1244 1189 
1367 1739 1310 1244 1189 1740 1311 1245 1190 
1368 1740 1311 1245 1190 743 704 698 693 
1369 186 218 195 219 1466 1818 1565 1829 
1370 1466 1818 1565 1829 1467 1819 1566 1830 
1371 1467 1819 1566 1830 1468 1820 1567 1831 
1372 1468 1820 1567 1831 1469 1821 1568 1832 
1373 1469 1821 1568 1832 1470 1822 1569 1833 
1374 1470 1822 1569 1833 1471 1823 1570 1834 
1375 1471 1823 1570 1834 1472 1824 1571 1835 
1376 1472 1824 1571 1835 1473 1825 1572 1836 
1377 1473 1825 1572 1836 1474 1826 1573 1837 
1378 1474 1826 1573 1837 1475 1827 1574 1838 
1379 1475 1827 1574 1838 1476 1828 1575 1839 
1380 1476 1828 1575 1839 719 751 728 752 
1381 186 176 212 218 1466 1356 1752 1818 
1382 1466 1356 1752 1818 1467 1357 1753 1819 
1383 1467 1357 1753 1819 1468 1358 1754 1820 
1384 1468 1358 1754 1820 1469 1359 1755 1821 
1385 1469 1359 1755 1821 1470 1360 1756 1822 
1386 1470 1360 1756 1822 1471 1361 1757 1823 
1387 1471 1361 1757 1823 1472 1362 1758 1824 
1388 1472 1362 1758 1824 1473 1363 1759 1825 
1389 1473 1363 1759 1825 1474 1364 1760 1826 
1390 1474 1364 1760 1826 1475 1365 1761 1827 
1391 1475 1365 1761 1827 1476 1366 1762 1828 
1392 1476 1366 1762 1828 719 709 745 751 
1393 159 160 165 164 1169 1180 1235 1224 
1394 1169 1180 1235 1224 1170 1181 1236 1225 
1395 1170 1181 1236 1225 1171 1182 1237 1226 
1396 1171 1182 1237 1226 1172 1183 1238 1227 
1397 1172 1183 1238 1227 1173 1184 1239 1228 
1398 1173 1184 1239 1228 1174 1185 1240 1229 
1399 1174 1185 1240 1229 1175 1186 1241 1230 
1400 1175 1186 1241 1230 1176 1187 1242 1231 
1401 1176 1187 1242 1231 1177 1188 1243 1232 
1402 1177 1188 1243 1232 1178 1189 1244 1233 
1403 1178 1189 1244 1233 1179 1190 1245 1234 
1404 1179 1190 1245 1234 692 693 698 697 
1405 212 176 175 163 1752 1356 1345 1213 
1406 1752 1356 1345 1213 1753 1357 1346 1214 
1407 1753 1357 1346 1214 1754 1358 1347 1215 
1408 1754 1358 1347 1215 1755 1359 1348 1216 
1409 1755 1359 1348 1216 1756 1360 1349 1217 
1410 1756 1360 1349 1217 1757 1361 1350 1218 
1411 1757 1361 1350 1218 1758 1362 1351 1219 
1412 1758 1362 1351 1219 1759 1363 1352 1220 
1413 1759 1363 1352 1220 1760 1364 1353 1221 
1414 1760 1364 1353 1221 1761 1365 1354 1222 
1415 1761 1365 1354 1222 1762 1366 1355 1223 
1416 1762 1366 1355 1223 745 709 708 696 
1417 211 175 176 185 1741 1345 1356 1455 
1418 1741 1345 1356 1455 1742 1346 1357 1456 
1419 1742 1346 1357 1456 1743 1347 1358 1457 
1420 1743 1347 1358 1457 1744 1348 1359 1458 
1421 1744 1348 1359 1458 1745 1349 1360 1459 
1422 1745 1349 1360 1459 1746 1350 1361 1460 
1423 1746 1350 1361 1460 1747 1351 1362 1461 
1424 1747 1351 1362 1461 1748 1352 1363 1462 
1425 1748 1352 1363 1462 1749 1353 1364 1463 
1426 1749 1353 1364 1463 1750 1354 1365 1464 
1427 1750 1354 1365 1464 1751 1355 1366 1465 
1428 1751 1355 1366 1465 744 708 709 718 
1429 171 202 182 173 1301 1642 1422 1323 
1430 1301 1642 1422 1323 1302 1643 1423 1324 
1431 1302 1643 1423 1324 1303 1644 1424 1325 
1432 1303 1644 1424 1325 1304 1645 1425 1326 
1433 1304 1645 1425 1326 1305 1646 1426 1327 
1434 1305 1646 1426 1327 1306 1647 1427 1328 
1435 1306 1647 1427 1328 1307 1648 1428 1329 
1436 1307 1648 1428 1329 1308 1649 1429 1330 
1437 1308 1649 1429 1330 1309 1650 1430 1331 
1438 1309 1650 1430 1331 1310 1651 1431 1332 
1439 1310 1651 1431 1332 1311 1652 1432 1333 
1440 1311 1652 1432 1333 704 735 715 706 
1441 175 211 205 177 1345 1741 1675 1367 
1442 1345 1741 1675 1367 1346 1742 1676 1368 
1443 1346 1742 1676 1368 1347 1743 1677 1369 
1444 1347 1743 1677 1369 1348 1744 1678 1370 
1445 1348 1744 1678 1370 1349 1745 1679 1371 
1446 1349 1745 1679 1371 1350 1746 1680 1372 
1447 1350 1746 1680 1372 1351 1747 1681 1373 
1448 1351 1747 1681 1373 1352 1748 1682 1374 
1449 1352 1748 1682 1374 1353 1749 1683 1375 
1450 1353 1749 1683 1375 1354 1750 1684 1376 
1451 1354 1750 1684 1376 1355 1751 1685 1377 
1452 1355 1751 1685 1377 708 744 738 710 
1453 173 180 187 172 1323 1400 1477 1312 
1454 1323 1400 1477 1312 1324 1401 1478 1313 
1455 1324 1401 1478 1313 1325 1402 1479 1314 
1456 1325 1402 1479 1314 1326 1403 1480 1315 
1457 1326 1403 1480 1315 1327 1404 1481 1316 
1458 1327 1404 1481 1316 1328 1405 1482 1317 
1459 1328 1405 1482 1317 1329 1406 1483 1318 
1460 1329 1406 1483 1318 1330 1407 1484 1319 
1461 1330 1407 1484 1319 1331 1408 1485 1320 
1462 1331 1408 1485 1320 1332 1409 1486 1321 
1463 1332 1409 1486 1321 1333 1410 1487 1322 
1464 1333 1410 1487 1322 706 713 720 705 
1465 231 33 34 139 1961 526 537 949 
1466 1961 526 537 949 1962 527 538 950 
1467 1962 527 538 950 1963 528 539 951 
1468 1963 528 539 951 1964 529 540 952 
1469 1964 529 540 952 1965 530 541 953 
1470 1965 530 541 953 1966 531 542 954 
1471 1966 531 542 954 1967 532 543 955 
1472 1967 532 543 955 1968 533 544 956 
1473 1968 533 544 956 1969 534 545 957 
1474 1969 534 545 957 1970 535 546 958 
1475 1970 535 546 958 1971 536 547 959 
1476 1971 536 547 959 764 69 70 672 
1477 209 157 153 154 1719 1147 1103 1114 
1478 1719 1147 1103 1114 1720 1148 1104 1115 
1479 1720 1148 1104 1115 1721 1149 1105 1116 
1480 1721 1149 1105 1116 1722 1150 1106 1117 
1481 1722 1150 1106 1117 1723 1151 1107 1118 
1482 1723 1151 1107 1118 1724 1152 1108 1119 
1483 1724 1152 1108 1119 1725 1153 1109 1120 
1484 1725 1153 1109 1120 1726 1154 1110 1121 
1485 1726 1154 1110 1121 1727 1155 1111 1122 
1486 1727 1155 1111 1122 1728 1156 1112 1123 
1487 1728 1156 1112 1123 1729 1157 1113 1124 
1488 1729 1157 1113 1124 742 690 686 687 
1489 156 154 152 155 1136 1114 1092 1125 
1490 1136 1114 1092 1125 1137 1115 1093 1126 
1491 1137 1115 1093 1126 1138 1116 1094 1127 
1492 1138 1116 1094 1127 1139 1117 1095 1128 
1493 1139 1117 1095 1128 1140 1118 1096 1129 
1494 1140 1118 1096 1129 1141 1119 1097 1130 
1495 1141 1119 1097 1130 1142 1120 1098 1131 
1496 1142 1120 1098 1131 1143 1121 1099 1132 
1497 1143 1121 1099 1132 1144 1122 1100 1133 
1498 1144 1122 1100 1133 1145 1123 1101 1134 
1499 1145 1123 1101 1134 1146 1124 1102 1135 
1500 1146 1124 1102 1135 689 687 685 688 
1501 222 26 3 125 1862 449 103 795 
1502 1862 449 103 795 1863 450 104 796 
1503 1863 450 104 796 1864 451 105 797 
1504 1864 451 105 797 1865 452 106 798 
1505 1865 452 106 798 1866 453 107 799 
1506 1866 453 107 799 1867 454 108 800 
1507 1867 454 108 800 1868 455 109 801 
1508 1868 455 109 801 1869 456 110 802 
1509 1869 456 110 802 1870 457 111 803 
1510 1870 457 111 803 1871 458 112 804 
1511 1871 458 112 804 1872 459 113 805 
1512 1872 459 113 805 755 62 7 658 
1513 154 153 150 152 1114 1103 1070 1092 
1514 1114 1103 1070 1092 1115 1104 1071 1093 
1515 1115 1104 1071 1093 1116 1105 1072 1094 
1516 1116 1105 1072 1094 1117 1106 1073 1095 
1517 1117 1106 1073 1095 1118 1107 1074 1096 
1518 1118 1107 1074 1096 1119 1108 1075 1097 
1519 1119 1108 1075 1097 1120 1109 1076 1098 
1520 1120 1109 1076 1098 1121 1110 1077 1099 
1521 1121 1110 1077 1099 1122 1111 1078 1100 
1522 1122 1111 1078 1100 1123 1112 1079 1101 
1523 1123 1112 1079 1101 1124 1113 1080 1102 
1524 1124 1113 1080 1102 687 686 683 685 
1525 149 158 168 220 1059 1158 1268 1840 
1526 1059 1158 1268 1840 1060 1159 1269 1841 
1527 1060 1159 1269 1841 1061 1160 1270 1842 
1528 1061 1160 1270 1842 1062 1161 1271 1843 
1529 1062 1161 1271 1843 1063 1162 1272 1844 
1530 1063 1162 1272 1844 1064 1163 1273 1845 
1531 1064 1163 1273 1845 1065 1164 1274 1846 
1532 1065 1164 1274 1846 1066 1165 1275 1847 
1533 1066 1165 1275 1847 1067 1166 1276 1848 
1534 1067 1166 1276 1848 1068 1167 1277 1849 
1535 1068 1167 1277 1849 1069 1168 1278 1850 
1536 1069 1168 1278 1850 682 691 701 753 
1537 169 170 220 168 1279 1290 1840 1268 
1538 1279 1290 1840 1268 1280 1291 1841 1269 
1539 1280 1291 1841 1269 1281 1292 1842 1270 
1540 1281 1292 1842 1270 1282 1293 1843 1271 
1541 1282 1293 1843 1271 1283 1294 1844 1272 
1542 1283 1294 1844 1272 1284 1295 1845 1273 
1543 1284 1295 1845 1273 1285 1296 1846 1274 
1544 1285 1296 1846 1274 1286 1297 1847 1275 
1545 1286 1297 1847 1275 1287 1298 1848 1276 
1546 1287 1298 1848 1276 1288 1299 1849 1277 
1547 1288 1299 1849 1277 1289 1300 1850 1278 
1548 1289 1300 1850 1278 702 703 753 701 
1549 153 158 149 150 1103 1158 1059 1070 
1550 1103 1158 1059 1070 1104 1159 1060 1071 
1551 1104 1159 1060 1071 1105 1160 1061 1072 
1552 1105 1160 1061 1072 1106 1161 1062 1073 
1553 1106 1161 1062 1073 1107 1162 1063 1074 
1554 1107 1162 1063 1074 1108 1163 1064 1075 
1555 1108 1163 1064 1075 1109 1164 1065 1076 
1556 1109 1164 1065 1076 1110 1165 1066 1077 
1557 1110 1165 1066 1077 1111 1166 1067 1078 
1558 1111 1166 1067 1078 1112 1167 1068 1079 
1559 1112 1167 1068 1079 1113 1168 1069 1080 
1560 1113 1168 1069 1080 686 691 682 683 
1561 152 150 148 151 1092 1070 1048 1081 
1562 1092 1070 1048 1081 1093 1071 1049 1082 
1563 1093 1071 1049 1082 1094 1072 1050 1083 
1564 1094 1072 1050 1083 1095 1073 1051 1084 
1565 1095 1073 1051 1084 1096 1074 1052 1085 
1566 1096 1074 1052 1085 1097 1075 1053 1086 
1567 1097 1075 1053 1086 1098 1076 1054 1087 
1568 1098 1076 1054 1087 1099 1077 1055 1088 
1569 1099 1077 1055 1088 1100 1078 1056 1089 
1570 1100 1078 1056 1089 1101 1079 1057 1090 
1571 1101 1079 1057 1090 1102 1080 1058 1091 
1572 1102 1080 1058 1091 685 683 681 684 
1573 191 192 220 170 1521 1532 1840 1290 
1574 1521 1532 1840 1290 1522 1533 1841 1291 
1575 1522 1533 1841 1291 1523 1534 1842 1292 
1576 1523 1534 1842 1292 1524 1535 1843 1293 
1577 1524 1535 1843 1293 1525 1536 1844 1294 
1578 1525 1536 1844 1294 1526 1537 1845 1295 
1579 1526 1537 1845 1295 1527 1538 1846 1296 
1580 1527 1538 1846 1296 1528 1539 1847 1297 
1581 1528 1539 1847 1297 1529 1540 1848 1298 
1582 1529 1540 1848 1298 1530 1541 1849 1299 
1583 1530 1541 1849 1299 1531 1542 1850 1300 
1584 1531 1542 1850 1300 724 725 753 703 
1585 151 148 147 202 1081 1048 1037 1642 
1586 1081 1048 1037 1642 1082 1049 1038 1643 
1587 1082 1049 1038 1643 1083 1050 1039 1644 
1588 1083 1050 1039 1644 1084 1051 1040 1645 
1589 1084 1051 1040 1645 1085 1052 1041 1646 
1590 1085 1052 1041 1646 1086 1053 1042 1647 
1591 1086 1053 1042 1647 1087 1054 1043 1648 
1592 1087 1054 1043 1648 1088 1055 1044 1649 
1593 1088 1055 1044 1649 1089 1056 1045 1650 
1594 1089 1056 1045 1650 1090 1057 1046 1651 
1595 1090 1057 1046 1651 1091 1058 1047 1652 
1596 1091 1058 1047 1652 684 681 680 735 
1597 150 149 146 148 1070 1059 1026 1048 
1598 1070 1059 1026 1048 1071 1060 1027 1049 
1599 1071 1060 1027 1049 1072 1061 1028 1050 
1600 1072 1061 1028 1050 1073 1062 1029 1051 
1601 1073 1062 1029 1051 1074 1063 1030 1052 
1602 1074 1063 1030 1052 1075 1064 1031 1053 
1603 1075 1064 1031 1053 1076 1065 1032 1054 
1604 1076 1065 1032 1054 1077 1066 1033 1055 
1605 1077 1066 1033 1055 1078 1067 1034 1056 
1606 1078 1067 1034 1056 1079 1068 1035 1057 
1607 1079 1068 1035 1057 1080 1069 1036 1058 
1608 1080 1069 1036 1058 683 682 679 681 
1609 200 147 144 196 1620 1037 1004 1576 
1610 1620 1037 1004 1576 1621 1038 1005 1577 
1611 1621 1038 1005 1577 1622 1039 1006 1578 
1612 1622 1039 1006 1578 1623 1040 1007 1579 
1613 1623 1040 1007 1579 1624 1041 1008 1580 
1614 1624 1041 1008 1580 1625 1042 1009 1581 
1615 1625 1042 1009 1581 1626 1043 1010 1582 
1616 1626 1043 1010 1582 1627 1044 1011 1583 
1617 1627 1044 1011 1583 1628 1045 1012 1584 
1618 1628 1045 1012 1584 1629 1046 1013 1585 
1619 1629 1046 1013 1585 1630 1047 1014 1586 
1620 1630 1047 1014 1586 733 680 677 729 
1621 149 201 145 146 1059 1631 1015 1026 
1622 1059 1631 1015 1026 1060 1632 1016 1027 
1623 1060 1632 1016 1027 1061 1633 1017 1028 
1624 1061 1633 1017 1028 1062 1634 1018 1029 
1625 1062 1634 1018 1029 1063 1635 1019 1030 
1626 1063 1635 1019 1030 1064 1636 1020 1031 
1627 1064 1636 1020 1031 1065 1637 1021 1032 
1628 1065 1637 1021 1032 1066 1638 1022 1033 
1629 1066 1638 1022 1033 1067 1639 1023 1034 
1630 1067 1639 1023 1034 1068 1640 1024 1035 
1631 1068 1640 1024 1035 1069 1641 1025 1036 
1632 1069 1641 1025 1036 682 734 678 679 
1633 148 146 144 147 1048 1026 1004 1037 
1634 1048 1026 1004 1037 1049 1027 1005 1038 
1635 1049 1027 1005 1038 1050 1028 1006 1039 
1636 1050 1028 1006 1039 1051 1029 1007 1040 
1637 1051 1029 1007 1040 1052 1030 1008 1041 
1638 1052 1030 1008 1041 1053 1031 1009 1042 
1639 1053 1031 1009 1042 1054 1032 1010 1043 
1640 1054 1032 1010 1043 1055 1033 1011 1044 
1641 1055 1033 1011 1044 1056 1034 1012 1045 
1642 1056 1034 1012 1045 1057 1035 1013 1046 
1643 1057 1035 1013 1046 1058 1036 1014 1047 
1644 1058 1036 1014 1047 681 679 677 680 
1645 199 194 143 145 1609 1554 993 1015 
1646 1609 1554 993 1015 1610 1555 994 1016 
1647 1610 1555 994 1016 1611 1556 995 1017 
1648 1611 1556 995 1017 1612 1557 996 1018 
1649 1612 1557 996 1018 1613 1558 997 1019 
1650 1613 1558 997 1019 1614 1559 998 1020 
1651 1614 1559 998 1020 1615 1560 999 1021 
1652 1615 1560 999 1021 1616 1561 1000 1022 
1653 1616 1561 1000 1022 1617 1562 1001 1023 
1654 1617 1562 1001 1023 1618 1563 1002 1024 
1655 1618 1563 1002 1024 1619 1564 1003 1025 
1656 1619 1564 1003 1025 732 727 676 678 
1657 146 145 143 144 1026 1015 993 1004 
1658 1026 1015 993 1004 1027 1016 994 1005 
1659 1027 1016 994 1005 1028 1017 995 1006 
1660 1028 1017 995 1006 1029 1018 996 1007 
1661 1029 1018 996 1007 1030 1019 997 1008 
1662 1030 1019 997 1008 1031 1020 998 1009 
1663 1031 1020 998 1009 1032 1021 999 1010 
1664 1032 1021 999 1010 1033 1022 1000 1011 
1665 1033 1022 1000 1011 1034 1023 1001 1012 
1666 1034 1023 1001 1012 1035 1024 1002 1013 
1667 1035 1024 1002 1013 1036 1025 1003 1014 
1668 1036 1025 1003 1014 679 678 676 677 
1669 225 215 208 247 1895 1785 1708 2137 
1670 1895 1785 1708 2137 1896 1786 1709 2138 
1671 1896 1786 1709 2138 1897 1787 1710 2139 
1672 1897 1787 1710 2139 1898 1788 1711 2140 
1673 1898 1788 1711 2140 1899 1789 1712 2141 
1674 1899 1789 1712 2141 1900 1790 1713 2142 
1675 1900 1790 1713 2142 1901 1791 1714 2143 
1676 1901 1791 1714 2143 1902 1792 1715 2144 
1677 1902 1792 1715 2144 1903 1793 1716 2145 
1678 1903 1793 1716 2145 1904 1794 1717 2146 
1679 1904 1794 1717 2146 1905 1795 1718 2147 
1680 1905 1795 1718 2147 758 748 741 780 
1681 196 144 143 142 1576 1004 993 982 
1682 1576 1004 993 982 1577 1005 994 983 
1683 1577 1005 994 983 1578 1006 995 984 
1684 1578 1006 995 984 1579 1007 996 985 
1685 1579 1007 996 985 1580 1008 997 986 
1686 1580 1008 997 986 1581 1009 998 987 
1687 1581 1009 998 987 1582 1010 999 988 
1688 1582 1010 999 988 1583 1011 1000 989 
1689 1583 1011 1000 989 1584 1012 1001 990 
1690 1584 1012 1001 990 1585 1013 1002 991 
1691 1585 1013 1002 991 1586 1014 1003 992 
1692 1586 1014 1003 992 729 677 676 675 
1693 219 195 222 125 1829 1565 1862 795 
1694 1829 1565 1862 795 1830 1566 1863 796 
1695 1830 1566 1863 796 1831 1567 1864 797 
1696 1831 1567 1864 797 1832 1568 1865 798 
1697 1832 1568 1865 798 1833 1569 1866 799 
1698 1833 1569 1866 799 1834 1570 1867 800 
1699 1834 1570 1867 800 1835 1571 1868 801 
1700 1835 1571 1868 801 1836 1572 1869 802 
1701 1836 1572 1869 802 1837 1573 1870 803 
1702 1837 1573 1870 803 1838 1574 1871 804 
1703 1838 1574 1871 804 1839 1575 1872 805 
1704 1839 1575 1872 805 752 728 755 658 
1705 205 231 139 228 1675 1961 949 1928 
1706 1675 1961 949 1928 1676 1962 950 1929 
1707 1676 1962 950 1929 1677 1963 951 1930 
1708 1677 1963 951 1930 1678 1964 952 1931 
1709 1678 1964 952 1931 1679 1965 953 1932 
1710 1679 1965 953 1932 1680 1966 954 1933 
1711 1680 1966 954 1933 1681 1967 955 1934 
1712 1681 1967 955 1934 1682 1968 956 1935 
1713 1682 1968 956 1935 1683 1969 957 1936 
1714 1683 1969 957 1936 1684 1970 958 1937 
1715 1684 1970 958 1937 1685 1971 959 1938 
1716 1685 1971 959 1938 738 764 672 761 
1717 13 129 227 12 306 839 1917 295 
1718 306 839 1917 295 307 840 1918 296 
1719 307 840 1918 296 308 841 1919 297 
1720 308 841 1919 297 309 842 1920 298 
1721 309 842 1920 298 310 843 1921 299 
1722 310 843 1921 299 311 844 1922 300 
1723 311 844 1922 300 312 845 1923 301 
1724 312 845 1923 301 313 846 1924 302 
1725 313 846 1924 302 314 847 1925 303 
1726 314 847 1925 303 315 848 1926 304 
1727 315 848 1926 304 316 849 1927 305 
1728 316 849 1927 305 49 662 760 48 
1729 226 127 234 223 1906 817 1994 1873 
1730 1906 817 1994 1873 1907 818 1995 1874 
1731 1907 818 1995 1874 1908 819 1996 1875 
1732 1908 819 1996 1875 1909 820 1997 1876 
1733 1909 820 1997 1876 1910 821 1998 1877 
1734 1910 821 1998 1877 1911 822 1999 1878 
1735 1911 822 1999 1878 1912 823 2000 1879 
1736 1912 823 2000 1879 1913 824 2001 1880 
1737 1913 824 2001 1880 1914 825 2002 1881 
1738 1914 825 2002 1881 1915 826 2003 1882 
1739 1915 826 2003 1882 1916 827 2004 1883 
1740 1916 827 2004 1883 759 660 767 756 
1741 238 136 236 256 2038 916 2016 2236 
1742 2038 916 2016 2236 2039 917 2017 2237 
1743 2039 917 2017 2237 2040 918 2018 2238 
1744 2040 918 2018 2238 2041 919 2019 2239 
1745 2041 919 2019 2239 2042 920 2020 2240 
1746 2042 920 2020 2240 2043 921 2021 2241 
1747 2043 921 2021 2241 2044 922 2022 2242 
1748 2044 922 2022 2242 2045 923 2023 2243 
1749 2045 923 2023 2243 2046 924 2024 2244 
1750 2046 924 2024 2244 2047 925 2025 2245 
1751 2047 925 2025 2245 2048 926 2026 2246 
1752 2048 926 2026 2246 771 669 769 789 
1753 207 232 128 253 1697 1972 828 2203 
1754 1697 1972 828 2203 1698 1973 829 2204 
1755 1698 1973 829 2204 1699 1974 830 2205 
1756 1699 1974 830 2205 1700 1975 831 2206 
1757 1700 1975 831 2206 1701 1976 832 2207 
1758 1701 1976 832 2207 1702 1977 833 2208 
1759 1702 1977 833 2208 1703 1978 834 2209 
1760 1703 1978 834 2209 1704 1979 835 2210 
1761 1704 1979 835 2210 1705 1980 836 2211 
1762 1705 1980 836 2211 1706 1981 837 2212 
1763 1706 1981 837 2212 1707 1982 838 2213 
1764 1707 1982 838 2213 740 765 661 786 
1765 178 217 224 193 1378 1807 1884 1543 
1766 1378 1807 1884 1543 1379 1808 1885 1544 
1767 1379 1808 1885 1544 1380 1809 1886 1545 
1768 1380 1809 1886 1545 1381 1810 1887 1546 
1769 1381 1810 1887 1546 1382 1811 1888 1547 
1770 1382 1811 1888 1547 1383 1812 1889 1548 
1771 1383 1812 1889 1548 1384 1813 1890 1549 
1772 1384 1813 1890 1549 1385 1814 1891 1550 
1773 1385 1814 1891 1550 1386 1815 1892 1551 
1774 1386 1815 1892 1551 1387 1816 1893 1552 
1775 1387 1816 1893 1552 1388 1817 1894 1553 
1776 1388 1817 1894 1553 711 750 757 726 
1777 261 214 215 225 2291 1774 1785 1895 
1778 2291 1774 1785 1895 2292 1775 1786 1896 
1779 2292 1775 1786 1896 2293 1776 1787 1897 
1780 2293 1776 1787 1897 2294 1777 1788 1898 
1781 2294 1777 1788 1898 2295 1778 1789 1899 
1782 2295 1778 1789 1899 2296 1779 1790 1900 
1783 2296 1779 1790 1900 2297 1780 1791 1901 
1784 2297 1780 1791 1901 2298 1781 1792 1902 
1785 2298 1781 1792 1902 2299 1782 1793 1903 
1786 2299 1782 1793 1903 2300 1783 1794 1904 
1787 2300 1783 1794 1904 2301 1784 1795 1905 
1788 2301 1784 1795 1905 794 747 748 758 
1789 183 223 229 181 1433 1873 1939 1411 
1790 1433 1873 1939 1411 1434 1874 1940 1412 
1791 1434 1874 1940 1412 1435 1875 1941 1413 
1792 1435 1875 1941 1413 1436 1876 1942 1414 
1793 1436 1876 1942 1414 1437 1877 1943 1415 
1794 1437 1877 1943 1415 1438 1878 1944 1416 
1795 1438 1878 1944 1416 1439 1879 1945 1417 
1796 1439 1879 1945 1417 1440 1880 1946 1418 
1797 1440 1880 1946 1418 1441 1881 1947 1419 
1798 1441 1881 1947 1419 1442 1882 1948 1420 
1799 1442 1882 1948 1420 1443 1883 1949 1421 
1800 1443 1883 1949 1421 716 756 762 714 
1801 142 143 227 129 982 993 1917 839 
1802 982 993 1917 839 983 994 1918 840 
1803 983 994 1918 840 984 995 1919 841 
1804 984 995 1919 841 985 996 1920 842 
1805 985 996 1920 842 986 997 1921 843 
1806 986 997 1921 843 987 998 1922 844 
1807 987 998 1922 844 988 999 1923 845 
1808 988 999 1923 845 989 1000 1924 846 
1809 989 1000 1924 846 990 1001 1925 847 
1810 990 1001 1925 847 991 1002 1926 848 
1811 991 1002 1926 848 992 1003 1927 849 
1812 992 1003 1927 849 675 676 760 662 
1813 193 224 132 241 1543 1884 872 2071 
1814 1543 1884 872 2071 1544 1885 873 2072 
1815 1544 1885 873 2072 1545 1886 874 2073 
1816 1545 1886 874 2073 1546 1887 875 2074 
1817 1546 1887 875 2074 1547 1888 876 2075 
1818 1547 1888 876 2075 1548 1889 877 2076 
1819 1548 1889 877 2076 1549 1890 878 2077 
1820 1549 1890 878 2077 1550 1891 879 2078 
1821 1550 1891 879 2078 1551 1892 880 2079 
1822 1551 1892 880 2079 1552 1893 881 2080 
1823 1552 1893 881 2080 1553 1894 882 2081 
1824 1553 1894 882 2081 726 757 665 774 
1825 205 228 207 204 1675 1928 1697 1664 
1826 1675 1928 1697 1664 1676 1929 1698 1665 
1827 1676 1929 1698 1665 1677 1930 1699 1666 
1828 1677 1930 1699 1666 1678 1931 1700 1667 
1829 1678 1931 1700 1667 1679 1932 1701 1668 
1830 1679 1932 1701 1668 1680 1933 1702 1669 
1831 1680 1933 1702 1669 1681 1934 1703 1670 
1832 1681 1934 1703 1670 1682 1935 1704 1671 
1833 1682 1935 1704 1671 1683 1936 1705 1672 
1834 1683 1936 1705 1672 1684 1937 1706 1673 
1835 1684 1937 1706 1673 1685 1938 1707 1674 
1836 1685 1938 1707 1674 738 761 740 737 
1837 188 180 181 229 1488 1400 1411 1939 
1838 1488 1400 1411 1939 1489 1401 1412 1940 
1839 1489 1401 1412 1940 1490 1402 1413 1941 
1840 1490 1402 1413 1941 1491 1403 1414 1942 
1841 1491 1403 1414 1942 1492 1404 1415 1943 
1842 1492 1404 1415 1943 1493 1405 1416 1944 
1843 1493 1405 1416 1944 1494 1406 1417 1945 
1844 1494 1406 1417 1945 1495 1407 1418 1946 
1845 1495 1407 1418 1946 1496 1408 1419 1947 
1846 1496 1408 1419 1947 1497 1409 1420 1948 
1847 1497 1409 1420 1948 1498 1410 1421 1949 
1848 1498 1410 1421 1949 721 713 714 762 
1849 244 230 205 211 2104 1950 1675 1741 
1850 2104 1950 1675 1741 2105 1951 1676 1742 
1851 2105 1951 1676 1742 2106 1952 1677 1743 
1852 2106 1952 1677 1743 2107 1953 1678 1744 
1853 2107 1953 1678 1744 2108 1954 1679 1745 
1854 2108 1954 1679 1745 2109 1955 1680 1746 
1855 2109 1955 1680 1746 2110 1956 1681 1747 
1856 2110 1956 1681 1747 2111 1957 1682 1748 
1857 2111 1957 1682 1748 2112 1958 1683 1749 
1858 2112 1958 1683 1749 2113 1959 1684 1750 
1859 2113 1959 1684 1750 2114 1960 1685 1751 
1860 2114 1960 1685 1751 777 763 738 744 
1861 238 219 125 248 2038 1829 795 2148 
1862 2038 1829 795 2148 2039 1830 796 2149 
1863 2039 1830 796 2149 2040 1831 797 2150 
1864 2040 1831 797 2150 2041 1832 798 2151 
1865 2041 1832 798 2151 2042 1833 799 2152 
1866 2042 1833 799 2152 2043 1834 800 2153 
1867 2043 1834 800 2153 2044 1835 801 2154 
1868 2044 1835 801 2154 2045 1836 802 2155 
1869 2045 1836 802 2155 2046 1837 803 2156 
1870 2046 1837 803 2156 2047 1838 804 2157 
1871 2047 1838 804 2157 2048 1839 805 2158 
1872 2048 1839 805 2158 771 752 658 781 
1873 197 142 129 141 1587 982 839 971 
1874 1587 982 839 971 1588 983 840 972 
1875 1588 983 840 972 1589 984 841 973 
1876 1589 984 841 973 1590 985 842 974 
1877 1590 985 842 974 1591 986 843 975 
1878 1591 986 843 975 1592 987 844 976 
1879 1592 987 844 976 1593 988 845 977 
1880 1593 988 845 977 1594 989 846 978 
1881 1594 989 846 978 1595 990 847 979 
1882 1595 990 847 979 1596 991 848 980 
1883 1596 991 848 980 1597 992 849 981 
1884 1597 992 849 981 730 675 662 674 
1885 195 184 255 222 1565 1444 2225 1862 
1886 1565 1444 2225 1862 1566 1445 2226 1863 
1887 1566 1445 2226 1863 1567 1446 2227 1864 
1888 1567 1446 2227 1864 1568 1447 2228 1865 
1889 1568 1447 2228 1865 1569 1448 2229 1866 
1890 1569 1448 2229 1866 1570 1449 2230 1867 
1891 1570 1449 2230 1867 1571 1450 2231 1868 
1892 1571 1450 2231 1868 1572 1451 2232 1869 
1893 1572 1451 2232 1869 1573 1452 2233 1870 
1894 1573 1452 2233 1870 1574 1453 2234 1871 
1895 1574 1453 2234 1871 1575 1454 2235 1872 
1896 1575 1454 2235 1872 728 717 788 755 
1897 199 134 249 194 1609 894 2159 1554 
1898 1609 894 2159 1554 1610 895 2160 1555 
1899 1610 895 2160 1555 1611 896 2161 1556 
1900 1611 896 2161 1556 1612 897 2162 1557 
1901 1612 897 2162 1557 1613 898 2163 1558 
1902 1613 898 2163 1558 1614 899 2164 1559 
1903 1614 899 2164 1559 1615 900 2165 1560 
1904 1615 900 2165 1560 1616 901 2166 1561 
1905 1616 901 2166 1561 1617 902 2167 1562 
1906 1617 902 2167 1562 1618 903 2168 1563 
1907 1618 903 2168 1563 1619 904 2169 1564 
1908 1619 904 2169 1564 732 667 782 727 
1909 128 235 247 253 828 2005 2137 2203 
1910 828 2005 2137 2203 829 2006 2138 2204 
1911 829 2006 2138 2204 830 2007 2139 2205 
1912 830 2007 2139 2205 831 2008 2140 2206 
1913 831 2008 2140 2206 832 2009 2141 2207 
1914 832 2009 2141 2207 833 2010 2142 2208 
1915 833 2010 2142 2208 834 2011 2143 2209 
1916 834 2011 2143 2209 835 2012 2144 2210 
1917 835 2012 2144 2210 836 2013 2145 2211 
1918 836 2013 2145 2211 837 2014 2146 2212 
1919 837 2014 2146 2212 838 2015 2147 2213 
1920 838 2015 2147 2213 661 768 780 786 
1921 241 140 255 193 2071 960 2225 1543 
1922 2071 960 2225 1543 2072 961 2226 1544 
1923 2072 961 2226 1544 2073 962 2227 1545 
1924 2073 962 2227 1545 2074 963 2228 1546 
1925 2074 963 2228 1546 2075 964 2229 1547 
1926 2075 964 2229 1547 2076 965 2230 1548 
1927 2076 965 2230 1548 2077 966 2231 1549 
1928 2077 966 2231 1549 2078 967 2232 1550 
1929 2078 967 2232 1550 2079 968 2233 1551 
1930 2079 968 2233 1551 2080 969 2234 1552 
1931 2080 969 2234 1552 2081 970 2235 1553 
1932 2081 970 2235 1553 774 673 788 726 
1933 18 234 127 2 361 1994 817 92 
1934 361 1994 817 92 362 1995 818 93 
1935 362 1995 818 93 363 1996 819 94 
1936 363 1996 819 94 364 1997 820 95 
1937 364 1997 820 95 365 1998 821 96 
1938 365 1998 821 96 366 1999 822 97 
1939 366 1999 822 97 367 2000 823 98 
1940 367 2000 823 98 368 2001 824 99 
1941 368 2001 824 99 369 2002 825 100 
1942 369 2002 825 100 370 2003 826 101 
1943 370 2003 826 101 371 2004 827 102 
1944 371 2004 827 102 54 767 660 6 
1945 36 235 128 4 559 2005 828 114 
1946 559 2005 828 114 560 2006 829 115 
1947 560 2006 829 115 561 2007 830 116 
1948 561 2007 830 116 562 2008 831 117 
1949 562 2008 831 117 563 2009 832 118 
1950 563 2009 832 118 564 2010 833 119 
1951 564 2010 833 119 565 2011 834 120 
1952 565 2011 834 120 566 2012 835 121 
1953 566 2012 835 121 567 2013 836 122 
1954 567 2013 836 122 568 2014 837 123 
1955 568 2014 837 123 569 2015 838 124 
1956 569 2015 838 124 72 768 661 8 
1957 19 133 234 18 372 883 1994 361 
1958 372 883 1994 361 373 884 1995 362 
1959 373 884 1995 362 374 885 1996 363 
1960 374 885 1996 363 375 886 1997 364 
1961 375 886 1997 364 376 887 1998 365 
1962 376 887 1998 365 377 888 1999 366 
1963 377 888 1999 366 378 889 2000 367 
1964 378 889 2000 367 379 890 2001 368 
1965 379 890 2001 368 380 891 2002 369 
1966 380 891 2002 369 381 892 2003 370 
1967 381 892 2003 370 382 893 2004 371 
1968 382 893 2004 371 55 666 767 54 
1969 37 135 235 36 570 905 2005 559 
1970 570 905 2005 559 571 906 2006 560 
1971 571 906 2006 560 572 907 2007 561 
1972 572 907 2007 561 573 908 2008 562 
1973 573 908 2008 562 574 909 2009 563 
1974 574 909 2009 563 575 910 2010 564 
1975 575 910 2010 564 576 911 2011 565 
1976 576 911 2011 565 577 912 2012 566 
1977 577 912 2012 566 578 913 2013 567 
1978 578 913 2013 567 579 914 2014 568 
1979 579 914 2014 568 580 915 2015 569 
1980 580 915 2015 569 73 668 768 72 
1981 130 40 41 233 850 603 614 1983 
1982 850 603 614 1983 851 604 615 1984 
1983 851 604 615 1984 852 605 616 1985 
1984 852 605 616 1985 853 606 617 1986 
1985 853 606 617 1986 854 607 618 1987 
1986 854 607 618 1987 855 608 619 1988 
1987 855 608 619 1988 856 609 620 1989 
1988 856 609 620 1989 857 610 621 1990 
1989 857 610 621 1990 858 611 622 1991 
1990 858 611 622 1991 859 612 623 1992 
1991 859 612 623 1992 860 613 624 1993 
1992 860 613 624 1993 663 76 77 766 
1993 29 136 238 28 482 916 2038 471 
1994 482 916 2038 471 483 917 2039 472 
1995 483 917 2039 472 484 918 2040 473 
1996 484 918 2040 473 485 919 2041 474 
1997 485 919 2041 474 486 920 2042 475 
1998 486 920 2042 475 487 921 2043 476 
1999 487 921 2043 476 488 922 2044 477 
2000 488 922 2044 477 489 923 2045 478 
2001 489 923 2045 478 490 924 2046 479 
2002 490 924 2046 479 491 925 2047 480 
2003 491 925 2047 480 492 926 2048 481 
2004 492 926 2048 481 65 669 771 64 
2005 129 13 14 141 839 306 317 971 
2006 839 306 317 971 840 307 318 972 
2007 840 307 318 972 841 308 319 973 
2008 841 308 319 973 842 309 320 974 
2009 842 309 320 974 843 310 321 975 
2010 843 310 321 975 844 311 322 976 
2011 844 311 322 976 845 312 323 977 
2012 845 312 323 977 846 313 324 978 
2013 846 313 324 978 847 314 325 979 
2014 847 314 325 979 848 315 326 980 
2015 848 315 326 980 849 316 327 981 
2016 849 316 327 981 662 49 50 674 
2017 136 29 30 236 916 482 493 2016 
2018 916 482 493 2016 917 483 494 2017 
2019 917 483 494 2017 918 484 495 2018 
2020 918 484 495 2018 919 485 496 2019 
2021 919 485 496 2019 920 486 497 2020 
2022 920 486 497 2020 921 487 498 2021 
2023 921 487 498 2021 922 488 499 2022 
2024 922 488 499 2022 923 489 500 2023 
2025 923 489 500 2023 924 490 501 2024 
2026 924 490 501 2024 925 491 502 2025 
2027 925 491 502 2025 926 492 503 2026 
2028 926 492 503 2026 669 65 66 769 
2029 40 130 237 39 603 850 2027 592 
2030 603 850 2027 592 604 851 2028 593 
2031 604 851 2028 593 605 852 2029 594 
2032 605 852 2029 594 606 853 2030 595 
2033 606 853 2030 595 607 854 2031 596 
2034 607 854 2031 596 608 855 2032 597 
2035 608 855 2032 597 609 856 2033 598 
2036 609 856 2033 598 610 857 2034 599 
2037 610 857 2034 599 611 858 2035 600 
2038 611 858 2035 600 612 859 2036 601 
2039 612 859 2036 601 613 860 2037 602 
2040 613 860 2037 602 76 663 770 75 
2041 31 131 236 30 504 861 2016 493 
2042 504 861 2016 493 505 862 2017 494 
2043 505 862 2017 494 506 863 2018 495 
2044 506 863 2018 495 507 864 2019 496 
2045 507 864 2019 496 508 865 2020 497 
2046 508 865 2020 497 509 866 2021 498 
2047 509 866 2021 498 510 867 2022 499 
2048 510 867 2022 499 511 868 2023 500 
2049 511 868 2023 500 512 869 2024 501 
2050 512 869 2024 501 513 870 2025 502 
2051 513 870 2025 502 514 871 2026 503 
2052 514 871 2026 503 67 664 769 66 
2053 22 132 239 21 405 872 2049 394 
2054 405 872 2049 394 406 873 2050 395 
2055 406 873 2050 395 407 874 2051 396 
2056 407 874 2051 396 408 875 2052 397 
2057 408 875 2052 397 409 876 2053 398 
2058 409 876 2053 398 410 877 2054 399 
2059 410 877 2054 399 411 878 2055 400 
2060 411 878 2055 400 412 879 2056 401 
2061 412 879 2056 401 413 880 2057 402 
2062 413 880 2057 402 414 881 2058 403 
2063 414 881 2058 403 415 882 2059 404 
2064 415 882 2059 404 58 665 772 57 
2065 1 126 242 44 81 806 2082 647 
2066 81 806 2082 647 82 807 2083 648 
2067 82 807 2083 648 83 808 2084 649 
2068 83 808 2084 649 84 809 2085 650 
2069 84 809 2085 650 85 810 2086 651 
2070 85 810 2086 651 86 811 2087 652 
2071 86 811 2087 652 87 812 2088 653 
2072 87 812 2088 653 88 813 2089 654 
2073 88 813 2089 654 89 814 2090 655 
2074 89 814 2090 655 90 815 2091 656 
2075 90 815 2091 656 91 816 2092 657 
2076 91 816 2092 657 5 659 775 80 
2077 43 138 240 42 636 938 2060 625 
2078 636 938 2060 625 637 939 2061 626 
2079 637 939 2061 626 638 940 2062 627 
2080 638 940 2062 627 639 941 2063 628 
2081 639 941 2063 628 640 942 2064 629 
2082 640 942 2064 629 641 943 2065 630 
2083 641 943 2065 630 642 944 2066 631 
2084 642 944 2066 631 643 945 2067 632 
2085 643 945 2067 632 644 946 2068 633 
2086 644 946 2068 633 645 947 2069 634 
2087 645 947 2069 634 646 948 2070 635 
2088 646 948 2070 635 79 671 773 78 
2089 132 22 23 241 872 405 416 2071 
2090 872 405 416 2071 873 406 417 2072 
2091 873 406 417 2072 874 407 418 2073 
2092 874 407 418 2073 875 408 419 2074 
2093 875 408 419 2074 876 409 420 2075 
2094 876 409 420 2075 877 410 421 2076 
2095 877 410 421 2076 878 411 422 2077 
2096 878 411 422 2077 879 412 423 2078 
2097 879 412 423 2078 880 413 424 2079 
2098 880 413 424 2079 881 414 425 2080 
2099 881 414 425 2080 882 415 426 2081 
2100 882 415 426 2081 665 58 59 774 
2101 44 242 138 43 647 2082 938 636 
2102 647 2082 938 636 648 2083 939 637 
2103 648 2083 939 637 649 2084 940 638 
2104 649 2084 940 638 650 2085 941 639 
2105 650 2085 941 639 651 2086 942 640 
2106 651 2086 942 640 652 2087 943 641 
2107 652 2087 943 641 653 2088 944 642 
2108 653 2088 944 642 654 2089 945 643 
2109 654 2089 945 643 655 2090 946 644 
2110 655 2090 946 644 656 2091 947 645 
2111 656 2091 947 645 657 2092 948 646 
2112 657 2092 948 646 80 775 671 79 
2113 24 140 241 23 427 960 2071 416 
2114 427 960 2071 416 428 961 2072 417 
2115 428 961 2072 417 429 962 2073 418 
2116 429 962 2073 418 430 963 2074 419 
2117 430 963 2074 419 431 964 2075 420 
2118 431 964 2075 420 432 965 2076 421 
2119 432 965 2076 421 433 966 2077 422 
2120 433 966 2077 422 434 967 2078 423 
2121 434 967 2078 423 435 968 2079 424 
2122 435 968 2079 424 436 969 2080 425 
2123 436 969 2080 425 437 970 2081 426 
2124 437 970 2081 426 60 673 774 59 
2125 25 243 140 24 438 2093 960 427 
2126 438 2093 960 427 439 2094 961 428 
2127 439 2094 961 428 440 2095 962 429 
2128 440 2095 962 429 441 2096 963 430 
2129 441 2096 963 430 442 2097 964 431 
2130 442 2097 964 431 443 2098 965 432 
2131 443 2098 965 432 444 2099 966 433 
2132 444 2099 966 433 445 2100 967 434 
2133 445 2100 967 434 446 2101 968 435 
2134 446 2101 968 435 447 2102 969 436 
2135 447 2102 969 436 448 2103 970 437 
2136 448 2103 970 437 61 776 673 60 
2137 205 230 250 231 1675 1950 2170 1961 
2138 1675 1950 2170 1961 1676 1951 2171 1962 
2139 1676 1951 2171 1962 1677 1952 2172 1963 
2140 1677 1952 2172 1963 1678 1953 2173 1964 
2141 1678 1953 2173 1964 1679 1954 2174 1965 
2142 1679 1954 2174 1965 1680 1955 2175 1966 
2143 1680 1955 2175 1966 1681 1956 2176 1967 
2144 1681 1956 2176 1967 1682 1957 2177 1968 
2145 1682 1957 2177 1968 1683 1958 2178 1969 
2146 1683 1958 2178 1969 1684 1959 2179 1970 
2147 1684 1959 2179 1970 1685 1960 2180 1971 
2148 1685 1960 2180 1971 738 763 783 764 
2149 217 187 258 224 1807 1477 2258 1884 
2150 1807 1477 2258 1884 1808 1478 2259 1885 
2151 1808 1478 2259 1885 1809 1479 2260 1886 
2152 1809 1479 2260 1886 1810 1480 2261 1887 
2153 1810 1480 2261 1887 1811 1481 2262 1888 
2154 1811 1481 2262 1888 1812 1482 2263 1889 
2155 1812 1482 2263 1889 1813 1483 2264 1890 
2156 1813 1483 2264 1890 1814 1484 2265 1891 
2157 1814 1484 2265 1891 1815 1485 2266 1892 
2158 1815 1485 2266 1892 1816 1486 2267 1893 
2159 1816 1486 2267 1893 1817 1487 2268 1894 
2160 1817 1487 2268 1894 750 720 791 757 
2161 141 252 137 197 971 2192 927 1587 
2162 971 2192 927 1587 972 2193 928 1588 
2163 972 2193 928 1588 973 2194 929 1589 
2164 973 2194 929 1589 974 2195 930 1590 
2165 974 2195 930 1590 975 2196 931 1591 
2166 975 2196 931 1591 976 2197 932 1592 
2167 976 2197 932 1592 977 2198 933 1593 
2168 977 2198 933 1593 978 2199 934 1594 
2169 978 2199 934 1594 979 2200 935 1595 
2170 979 2200 935 1595 980 2201 936 1596 
2171 980 2201 936 1596 981 2202 937 1597 
2172 981 2202 937 1597 674 785 670 730 
2173 245 239 258 188 2115 2049 2258 1488 
2174 2115 2049 2258 1488 2116 2050 2259 1489 
2175 2116 2050 2259 1489 2117 2051 2260 1490 
2176 2117 2051 2260 1490 2118 2052 2261 1491 
2177 2118 2052 2261 1491 2119 2053 2262 1492 
2178 2119 2053 2262 1492 2120 2054 2263 1493 
2179 2120 2054 2263 1493 2121 2055 2264 1494 
2180 2121 2055 2264 1494 2122 2056 2265 1495 
2181 2122 2056 2265 1495 2123 2057 2266 1496 
2182 2123 2057 2266 1496 2124 2058 2267 1497 
2183 2124 2058 2267 1497 2125 2059 2268 1498 
2184 2125 2059 2268 1498 778 772 791 721 
2185 10 134 251 9 273 894 2181 262 
2186 273 894 2181 262 274 895 2182 263 
2187 274 895 2182 263 275 896 2183 264 
2188 275 896 2183 264 276 897 2184 265 
2189 276 897 2184 265 277 898 2185 266 
2190 277 898 2185 266 278 899 2186 267 
2191 278 899 2186 267 279 900 2187 268 
2192 279 900 2187 268 280 901 2188 269 
2193 280 901 2188 269 281 902 2189 270 
2194 281 902 2189 270 282 903 2190 271 
2195 282 903 2190 271 283 904 2191 272 
2196 283 904 2191 272 46 667 784 45 
2197 16 137 252 15 339 927 2192 328 
2198 339 927 2192 328 340 928 2193 329 
2199 340 928 2193 329 341 929 2194 330 
2200 341 929 2194 330 342 930 2195 331 
2201 342 930 2195 331 343 931 2196 332 
2202 343 931 2196 332 344 932 2197 333 
2203 344 932 2197 333 345 933 2198 334 
2204 345 933 2198 334 346 934 2199 335 
2205 346 934 2199 335 347 935 2200 336 
2206 347 935 2200 336 348 936 2201 337 
2207 348 936 2201 337 349 937 2202 338 
2208 349 937 2202 338 52 670 785 51 
2209 143 194 249 227 993 1554 2159 1917 
2210 993 1554 2159 1917 994 1555 2160 1918 
2211 994 1555 2160 1918 995 1556 2161 1919 
2212 995 1556 2161 1919 996 1557 2162 1920 
2213 996 1557 2162 1920 997 1558 2163 1921 
2214 997 1558 2163 1921 998 1559 2164 1922 
2215 998 1559 2164 1922 999 1560 2165 1923 
2216 999 1560 2165 1923 1000 1561 2166 1924 
2217 1000 1561 2166 1924 1001 1562 2167 1925 
2218 1001 1562 2167 1925 1002 1563 2168 1926 
2219 1002 1563 2168 1926 1003 1564 2169 1927 
2220 1003 1564 2169 1927 676 727 782 760 
2221 11 249 134 10 284 2159 894 273 
2222 284 2159 894 273 285 2160 895 274 
2223 285 2160 895 274 286 2161 896 275 
2224 286 2161 896 275 287 2162 897 276 
2225 287 2162 897 276 288 2163 898 277 
2226 288 2163 898 277 289 2164 899 278 
2227 289 2164 899 278 290 2165 900 279 
2228 290 2165 900 279 291 2166 901 280 
2229 291 2166 901 280 292 2167 902 281 
2230 292 2167 902 281 293 2168 903 282 
2231 293 2168 903 282 294 2169 904 283 
2232 294 2169 904 283 47 782 667 46 
2233 2 127 257 17 92 817 2247 350 
2234 92 817 2247 350 93 818 2248 351 
2235 93 818 2248 351 94 819 2249 352 
2236 94 819 2249 352 95 820 2250 353 
2237 95 820 2250 353 96 821 2251 354 
2238 96 821 2251 354 97 822 2252 355 
2239 97 822 2252 355 98 823 2253 356 
2240 98 823 2253 356 99 824 2254 357 
2241 99 824 2254 357 100 825 2255 358 
2242 100 825 2255 358 101 826 2256 359 
2243 101 826 2256 359 102 827 2257 360 
2244 102 827 2257 360 6 660 790 53 
2245 133 19 20 245 883 372 383 2115 
2246 883 372 383 2115 884 373 384 2116 
2247 884 373 384 2116 885 374 385 2117 
2248 885 374 385 2117 886 375 386 2118 
2249 886 375 386 2118 887 376 387 2119 
2250 887 376 387 2119 888 377 388 2120 
2251 888 377 388 2120 889 378 389 2121 
2252 889 378 389 2121 890 379 390 2122 
2253 890 379 390 2122 891 380 391 2123 
2254 891 380 391 2123 892 381 392 2124 
2255 892 381 392 2124 893 382 393 2125 
2256 893 382 393 2125 666 55 56 778 
2257 199 221 251 134 1609 1851 2181 894 
2258 1609 1851 2181 894 1610 1852 2182 895 
2259 1610 1852 2182 895 1611 1853 2183 896 
2260 1611 1853 2183 896 1612 1854 2184 897 
2261 1612 1854 2184 897 1613 1855 2185 898 
2262 1613 1855 2185 898 1614 1856 2186 899 
2263 1614 1856 2186 899 1615 1857 2187 900 
2264 1615 1857 2187 900 1616 1858 2188 901 
2265 1616 1858 2188 901 1617 1859 2189 902 
2266 1617 1859 2189 902 1618 1860 2190 903 
2267 1618 1860 2190 903 1619 1861 2191 904 
2268 1619 1861 2191 904 732 754 784 667 
2269 191 126 251 221 1521 806 2181 1851 
2270 1521 806 2181 1851 1522 807 2182 1852 
2271 1522 807 2182 1852 1523 808 2183 1853 
2272 1523 808 2183 1853 1524 809 2184 1854 
2273 1524 809 2184 1854 1525 810 2185 1855 
2274 1525 810 2185 1855 1526 811 2186 1856 
2275 1526 811 2186 1856 1527 812 2187 1857 
2276 1527 812 2187 1857 1528 813 2188 1858 
2277 1528 813 2188 1858 1529 814 2189 1859 
2278 1529 814 2189 1859 1530 815 2190 1860 
2279 1530 815 2190 1860 1531 816 2191 1861 
2280 1531 816 2191 1861 724 659 784 754 
2281 169 213 246 190 1279 1763 2126 1510 
2282 1279 1763 2126 1510 1280 1764 2127 1511 
2283 1280 1764 2127 1511 1281 1765 2128 1512 
2284 1281 1765 2128 1512 1282 1766 2129 1513 
2285 1282 1766 2129 1513 1283 1767 2130 1514 
2286 1283 1767 2130 1514 1284 1768 2131 1515 
2287 1284 1768 2131 1515 1285 1769 2132 1516 
2288 1285 1769 2132 1516 1286 1770 2133 1517 
2289 1286 1770 2133 1517 1287 1771 2134 1518 
2290 1287 1771 2134 1518 1288 1772 2135 1519 
2291 1288 1772 2135 1519 1289 1773 2136 1520 
2292 1289 1773 2136 1520 702 746 779 723 
2293 125 3 27 248 795 103 460 2148 
2294 795 103 460 2148 796 104 461 2149 
2295 796 104 461 2149 797 105 462 2150 
2296 797 105 462 2150 798 106 463 2151 
2297 798 106 463 2151 799 107 464 2152 
2298 799 107 464 2152 800 108 465 2153 
2299 800 108 465 2153 801 109 466 2154 
2300 801 109 466 2154 802 110 467 2155 
2301 802 110 467 2155 803 111 468 2156 
2302 803 111 468 2156 804 112 469 2157 
2303 804 112 469 2157 805 113 470 2158 
2304 805 113 470 2158 658 7 63 781 
2305 207 228 139 232 1697 1928 949 1972 
2306 1697 1928 949 1972 1698 1929 950 1973 
2307 1698 1929 950 1973 1699 1930 951 1974 
2308 1699 1930 951 1974 1700 1931 952 1975 
2309 1700 1931 952 1975 1701 1932 953 1976 
2310 1701 1932 953 1976 1702 1933 954 1977 
2311 1702 1933 954 1977 1703 1934 955 1978 
2312 1703 1934 955 1978 1704 1935 956 1979 
2313 1704 1935 956 1979 1705 1936 957 1980 
2314 1705 1936 957 1980 1706 1937 958 1981 
2315 1706 1937 958 1981 1707 1938 959 1982 
2316 1707 1938 959 1982 740 761 672 765 
2317 131 31 32 250 861 504 515 2170 
2318 861 504 515 2170 862 505 516 2171 
2319 862 505 516 2171 863 506 517 2172 
2320 863 506 517 2172 864 507 518 2173 
2321 864 507 518 2173 865 508 519 2174 
2322 865 508 519 2174 866 509 520 2175 
2323 866 509 520 2175 867 510 521 2176 
2324 867 510 521 2176 868 511 522 2177 
2325 868 511 522 2177 869 512 523 2178 
2326 869 512 523 2178 870 513 524 2179 
2327 870 513 524 2179 871 514 525 2180 
2328 871 514 525 2180 664 67 68 783 
2329 180 188 258 187 1400 1488 2258 1477 
2330 1400 1488 2258 1477 1401 1489 2259 1478 
2331 1401 1489 2259 1478 1402 1490 2260 1479 
2332 1402 1490 2260 1479 1403 1491 2261 1480 
2333 1403 1491 2261 1480 1404 1492 2262 1481 
2334 1404 1492 2262 1481 1405 1493 2263 1482 
2335 1405 1493 2263 1482 1406 1494 2264 1483 
2336 1406 1494 2264 1483 1407 1495 2265 1484 
2337 1407 1495 2265 1484 1408 1496 2266 1485 
2338 1408 1496 2266 1485 1409 1497 2267 1486 
2339 1409 1497 2267 1486 1410 1498 2268 1487 
2340 1410 1498 2268 1487 713 721 791 720 
2341 237 225 135 254 2027 1895 905 2214 
2342 2027 1895 905 2214 2028 1896 906 2215 
2343 2028 1896 906 2215 2029 1897 907 2216 
2344 2029 1897 907 2216 2030 1898 908 2217 
2345 2030 1898 908 2217 2031 1899 909 2218 
2346 2031 1899 909 2218 2032 1900 910 2219 
2347 2032 1900 910 2219 2033 1901 911 2220 
2348 2033 1901 911 2220 2034 1902 912 2221 
2349 2034 1902 912 2221 2035 1903 913 2222 
2350 2035 1903 913 2222 2036 1904 914 2223 
2351 2036 1904 914 2223 2037 1905 915 2224 
2352 2037 1905 915 2224 770 758 668 787 
2353 126 1 9 251 806 81 262 2181 
2354 806 81 262 2181 807 82 263 2182 
2355 807 82 263 2182 808 83 264 2183 
2356 808 83 264 2183 809 84 265 2184 
2357 809 84 265 2184 810 85 266 2185 
2358 810 85 266 2185 811 86 267 2186 
2359 811 86 267 2186 812 87 268 2187 
2360 812 87 268 2187 813 88 269 2188 
2361 813 88 269 2188 814 89 270 2189 
2362 814 89 270 2189 815 90 271 2190 
2363 815 90 271 2190 816 91 272 2191 
2364 816 91 272 2191 659 5 45 784 
2365 127 226 137 257 817 1906 927 2247 
2366 817 1906 927 2247 818 1907 928 2248 
2367 818 1907 928 2248 819 1908 929 2249 
2368 819 1908 929 2249 820 1909 930 2250 
2369 820 1909 930 2250 821 1910 931 2251 
2370 821 1910 931 2251 822 1911 932 2252 
2371 822 1911 932 2252 823 1912 933 2253 
2372 823 1912 933 2253 824 1913 934 2254 
2373 824 1913 934 2254 825 1914 935 2255 
2374 825 1914 935 2255 826 1915 936 2256 
2375 826 1915 936 2256 827 1916 937 2257 
2376 827 1916 937 2257 660 759 670 790 
2377 244 131 250 230 2104 861 2170 1950 
2378 2104 861 2170 1950 2105 862 2171 1951 
2379 2105 862 2171 1951 2106 863 2172 1952 
2380 2106 863 2172 1952 2107 864 2173 1953 
2381 2107 864 2173 1953 2108 865 2174 1954 
2382 2108 865 2174 1954 2109 866 2175 1955 
2383 2109 866 2175 1955 2110 867 2176 1956 
2384 2110 867 2176 1956 2111 868 2177 1957 
2385 2111 868 2177 1957 2112 869 2178 1958 
2386 2112 869 2178 1958 2113 870 2179 1959 
2387 2113 870 2179 1959 2114 871 2180 1960 
2388 2114 871 2180 1960 777 664 783 763 
2389 12 227 249 11 295 1917 2159 284 
2390 295 1917 2159 284 296 1918 2160 285 
2391 296 1918 2160 285 297 1919 2161 286 
2392 297 1919 2161 286 298 1920 2162 287 
2393 298 1920 2162 287 299 1921 2163 288 
2394 299 1921 2163 288 300 1922 2164 289 
2395 300 1922 2164 289 301 1923 2165 290 
2396 301 1923 2165 290 302 1924 2166 291 
2397 302 1924 2166 291 303 1925 2167 292 
2398 303 1925 2167 292 304 1926 2168 293 
2399 304 1926 2168 293 305 1927 2169 294 
2400 305 1927 2169 294 48 760 782 47 
2401 42 240 233 41 625 2060 1983 614 
2402 625 2060 1983 614 626 2061 1984 615 
2403 626 2061 1984 615 627 2062 1985 616 
2404 627 2062 1985 616 628 2063 1986 617 
2405 628 2063 1986 617 629 2064 1987 618 
2406 629 2064 1987 618 630 2065 1988 619 
2407 630 2065 1988 619 631 2066 1989 620 
2408 631 2066 1989 620 632 2067 1990 621 
2409 632 2067 1990 621 633 2068 1991 622 
2410 633 2068 1991 622 634 2069 1992 623 
2411 634 2069 1992 623 635 2070 1993 624 
2412 635 2070 1993 624 78 773 766 77 
2413 135 37 38 254 905 570 581 2214 
2414 905 570 581 2214 906 571 582 2215 
2415 906 571 582 2215 907 572 583 2216 
2416 907 572 583 2216 908 573 584 2217 
2417 908 573 584 2217 909 574 585 2218 
2418 909 574 585 2218 910 575 586 2219 
2419 910 575 586 2219 911 576 587 2220 
2420 911 576 587 2220 912 577 588 2221 
2421 912 577 588 2221 913 578 589 2222 
2422 913 578 589 2222 914 579 590 2223 
2423 914 579 590 2223 915 580 591 2224 
2424 915 580 591 2224 668 73 74 787 
2425 213 214 261 246 1763 1774 2291 2126 
2426 1763 1774 2291 2126 1764 1775 2292 2127 
2427 1764 1775 2292 2127 1765 1776 2293 2128 
2428 1765 1776 2293 2128 1766 1777 2294 2129 
2429 1766 1777 2294 2129 1767 1778 2295 2130 
2430 1767 1778 2295 2130 1768 1779 2296 2131 
2431 1768 1779 2296 2131 1769 1780 2297 2132 
2432 1769 1780 2297 2132 1770 1781 2298 2133 
2433 1770 1781 2298 2133 1771 1782 2299 2134 
2434 1771 1782 2299 2134 1772 1783 2300 2135 
2435 1772 1783 2300 2135 1773 1784 2301 2136 
2436 1773 1784 2301 2136 746 747 794 779 
2437 178 193 255 184 1378 1543 2225 1444 
2438 1378 1543 2225 1444 1379 1544 2226 1445 
2439 1379 1544 2226 1445 1380 1545 2227 1446 
2440 1380 1545 2227 1446 1381 1546 2228 1447 
2441 1381 1546 2228 1447 1382 1547 2229 1448 
2442 1382 1547 2229 1448 1383 1548 2230 1449 
2443 1383 1548 2230 1449 1384 1549 2231 1450 
2444 1384 1549 2231 1450 1385 1550 2232 1451 
2445 1385 1550 2232 1451 1386 1551 2233 1452 
2446 1386 1551 2233 1452 1387 1552 2234 1453 
2447 1387 1552 2234 1453 1388 1553 2235 1454 
2448 1388 1553 2235 1454 711 726 788 717 
2449 21 239 245 20 394 2049 2115 383 
2450 394 2049 2115 383 395 2050 2116 384 
2451 395 2050 2116 384 396 2051 2117 385 
2452 396 2051 2117 385 397 2052 2118 386 
2453 397 2052 2118 386 398 2053 2119 387 
2454 398 2053 2119 387 399 2054 2120 388 
2455 399 2054 2120 388 400 2055 2121 389 
2456 400 2055 2121 389 401 2056 2122 390 
2457 401 2056 2122 390 402 2057 2123 391 
2458 402 2057 2123 391 403 2058 2124 392 
2459 403 2058 2124 392 404 2059 2125 393 
2460 404 2059 2125 393 57 772 778 56 
2461 176 186 256 185 1356 1466 2236 1455 
2462 1356 1466 2236 1455 1357 1467 2237 1456 
2463 1357 1467 2237 1456 1358 1468 2238 1457 
2464 1358 1468 2238 1457 1359 1469 2239 1458 
2465 1359 1469 2239 1458 1360 1470 2240 1459 
2466 1360 1470 2240 1459 1361 1471 2241 1460 
2467 1361 1471 2241 1460 1362 1472 2242 1461 
2468 1362 1472 2242 1461 1363 1473 2243 1462 
2469 1363 1473 2243 1462 1364 1474 2244 1463 
2470 1364 1474 2244 1463 1365 1475 2245 1464 
2471 1365 1475 2245 1464 1366 1476 2246 1465 
2472 1366 1476 2246 1465 709 719 789 718 
2473 137 16 17 257 927 339 350 2247 
2474 927 339 350 2247 928 340 351 2248 
2475 928 340 351 2248 929 341 352 2249 
2476 929 341 352 2249 930 342 353 2250 
2477 930 342 353 2250 931 343 354 2251 
2478 931 343 354 2251 932 344 355 2252 
2479 932 344 355 2252 933 345 356 2253 
2480 933 345 356 2253 934 346 357 2254 
2481 934 346 357 2254 935 347 358 2255 
2482 935 347 358 2255 936 348 359 2256 
2483 936 348 359 2256 937 349 360 2257 
2484 937 349 360 2257 670 52 53 790 
2485 28 238 248 27 471 2038 2148 460 
2486 471 2038 2148 460 472 2039 2149 461 
2487 472 2039 2149 461 473 2040 2150 462 
2488 473 2040 2150 462 474 2041 2151 463 
2489 474 2041 2151 463 475 2042 2152 464 
2490 475 2042 2152 464 476 2043 2153 465 
2491 476 2043 2153 465 477 2044 2154 466 
2492 477 2044 2154 466 478 2045 2155 467 
2493 478 2045 2155 467 479 2046 2156 468 
2494 479 2046 2156 468 480 2047 2157 469 
2495 480 2047 2157 469 481 2048 2158 470 
2496 481 2048 2158 470 64 771 781 63 
2497 170 189 259 191 1290 1499 2269 1521 
2498 1290 1499 2269 1521 1291 1500 2270 1522 
2499 1291 1500 2270 1522 1292 1501 2271 1523 
2500 1292 1501 2271 1523 1293 1502 2272 1524 
2501 1293 1502 2272 1524 1294 1503 2273 1525 
2502 1294 1503 2273 1525 1295 1504 2274 1526 
2503 1295 1504 2274 1526 1296 1505 2275 1527 
2504 1296 1505 2275 1527 1297 1506 2276 1528 
2505 1297 1506 2276 1528 1298 1507 2277 1529 
2506 1298 1507 2277 1529 1299 1508 2278 1530 
2507 1299 1508 2278 1530 1300 1509 2279 1531 
2508 1300 1509 2279 1531 703 722 792 724 
2509 259 189 190 260 2269 1499 1510 2280 
2510 2269 1499 1510 2280 2270 1500 1511 2281 
2511 2270 1500 1511 2281 2271 1501 1512 2282 
2512 2271 1501 1512 2282 2272 1502 1513 2283 
2513 2272 1502 1513 2283 2273 1503 1514 2284 
2514 2273 1503 1514 2284 2274 1504 1515 2285 
2515 2274 1504 1515 2285 2275 1505 1516 2286 
2516 2275 1505 1516 2286 2276 1506 1517 2287 
2517 2276 1506 1517 2287 2277 1507 1518 2288 
2518 2277 1507 1518 2288 2278 1508 1519 2289 
2519 2278 1508 1519 2289 2279 1509 1520 2290 
2520 2279 1509 1520 2290 792 722 723 793 
2521 256 236 131 244 2236 2016 861 2104 
2522 2236 2016 861 2104 2237 2017 862 2105 
2523 2237 2017 862 2105 2238 2018 863 2106 
2524 2238 2018 863 2106 2239 2019 864 2107 
2525 2239 2019 864 2107 2240 2020 865 2108 
2526 2240 2020 865 2108 2241 2021 866 2109 
2527 2241 2021 866 2109 2242 2022 867 2110 
2528 2242 2022 867 2110 2243 2023 868 2111 
2529 2243 2023 868 2111 2244 2024 869 2112 
2530 2244 2024 869 2112 2245 2025 870 2113 
2531 2245 2025 870 2113 2246 2026 871 2114 
2532 2246 2026 871 2114 789 769 664 777 
2533 15 252 141 14 328 2192 971 317 
2534 328 2192 971 317 329 2193 972 318 
2535 329 2193 972 318 330 2194 973 319 
2536 330 2194 973 319 331 2195 974 320 
2537 331 2195 974 320 332 2196 975 321 
2538 332 2196 975 321 333 2197 976 322 
2539 333 2197 976 322 334 2198 977 323 
2540 334 2198 977 323 335 2199 978 324 
2541 335 2199 978 324 336 2200 979 325 
2542 336 2200 979 325 337 2201 980 326 
2543 337 2201 980 326 338 2202 981 327 
2544 338 2202 981 327 51 785 674 50 
2545 39 237 254 38 592 2027 2214 581 
2546 592 2027 2214 581 593 2028 2215 582 
2547 593 2028 2215 582 594 2029 2216 583 
2548 594 2029 2216 583 595 2030 2217 584 
2549 595 2030 2217 584 596 2031 2218 585 
2550 596 2031 2218 585 597 2032 2219 586 
2551 597 2032 2219 586 598 2033 2220 587 
2552 598 2033 2220 587 599 2034 2221 588 
2553 599 2034 2221 588 600 2035 2222 589 
2554 600 2035 2222 589 601 2036 2223 590 
2555 601 2036 2223 590 602 2037 2224 591 
2556 602 2037 2224 591 75 770 787 74 
2557 225 247 235 135 1895 2137 2005 905 
2558 1895 2137 2005 905 1896 2138 2006 906 
2559 1896 2138 2006 906 1897 2139 2007 907 
2560 1897 2139 2007 907 1898 2140 2008 908 
2561 1898 2140 2008 908 1899 2141 2009 909 
2562 1899 2141 2009 909 1900 2142 2010 910 
2563 1900 2142 2010 910 1901 2143 2011 911 
2564 1901 2143 2011 911 1902 2144 2012 912 
2565 1902 2144 2012 912 1903 2145 2013 913 
2566 1903 2145 2013 913 1904 2146 2014 914 
2567 1904 2146 2014 914 1905 2147 2015 915 
2568 1905 2147 2015 915 758 780 768 668 
2569 211 185 256 244 1741 1455 2236 2104 
2570 1741 1455 2236 2104 1742 1456 2237 2105 
2571 1742 1456 2237 2105 1743 1457 2238 2106 
2572 1743 1457 2238 2106 1744 1458 2239 2107 
2573 1744 1458 2239 2107 1745 1459 2240 2108 
2574 1745 1459 2240 2108 1746 1460 2241 2109 
2575 1746 1460 2241 2109 1747 1461 2242 2110 
2576 1747 1461 2242 2110 1748 1462 2243 2111 
2577 1748 1462 2243 2111 1749 1463 2244 2112 
2578 1749 1463 2244 2112 1750 1464 2245 2113 
2579 1750 1464 2245 2113 1751 1465 2246 2114 
2580 1751 1465 2246 2114 744 718 789 777 
2581 233 240 138 260 1983 2060 938 2280 
2582 1983 2060 938 2280 1984 2061 939 2281 
2583 1984 2061 939 2281 1985 2062 940 2282 
2584 1985 2062 940 2282 1986 2063 941 2283 
2585 1986 2063 941 2283 1987 2064 942 2284 
2586 1987 2064 942 2284 1988 2065 943 2285 
2587 1988 2065 943 2285 1989 2066 944 2286 
2588 1989 2066 944 2286 1990 2067 945 2287 
2589 1990 2067 945 2287 1991 2068 946 2288 
2590 1991 2068 946 2288 1992 2069 947 2289 
2591 1992 2069 947 2289 1993 2070 948 2290 
2592 1993 2070 948 2290 766 773 671 793 
2593 260 138 242 259 2280 938 2082 2269 
2594 2280 938 2082 2269 2281 939 2083 2270 
2595 2281 939 2083 2270 2282 940 2084 2271 
2596 2282 940 2084 2271 2283 941 2085 2272 
2597 2283 941 2085 2272 2284 942 2086 2273 
2598 2284 942 2086 2273 2285 943 2087 2274 
2599 2285 943 2087 2274 2286 944 2088 2275 
2600 2286 944 2088 2275 2287 945 2089 2276 
2601 2287 945 2089 2276 2288 946 2090 2277 
2602 2288 946 2090 2277 2289 947 2091 2278 
2603 2289 947 2091 2278 2290 948 2092 2279 
2604 2290 948 2092 2279 793 671 775 792 
2605 207 253 247 208 1697 2203 2137 1708 
2606 1697 2203 2137 1708 1698 2204 2138 1709 
2607 1698 2204 2138 1709 1699 2205 2139 1710 
2608 1699 2205 2139 1710 1700 2206 2140 1711 
2609 1700 2206 2140 1711 1701 2207 2141 1712 
2610 1701 2207 2141 1712 1702 2208 2142 1713 
2611 1702 2208 2142 1713 1703 2209 2143 1714 
2612 1703 2209 2143 1714 1704 2210 2144 1715 
2613 1704 2210 2144 1715 1705 2211 2145 1716 
2614 1705 2211 2145 1716 1706 2212 2146 1717 
2615 1706 2212 2146 1717 1707 2213 2147 1718 
2616 1707 2213 2147 1718 740 786 780 741 
2617 222 255 140 243 1862 2225 960 2093 
2618 1862 2225 960 2093 1863 2226 961 2094 
2619 1863 2226 961 2094 1864 2227 962 2095 
2620 1864 2227 962 2095 1865 2228 963 2096 
2621 1865 2228 963 2096 1866 2229 964 2097 
2622 1866 2229 964 2097 1867 2230 965 2098 
2623 1867 2230 965 2098 1868 2231 966 2099 
2624 1868 2231 966 2099 1869 2232 967 2100 
2625 1869 2232 967 2100 1870 2233 968 2101 
2626 1870 2233 968 2101 1871 2234 969 2102 
2627 1871 2234 969 2102 1872 2235 970 2103 
2628 1872 2235 970 2103 755 788 673 776 
2629 224 258 239 132 1884 2258 2049 872 
2630 1884 2258 2049 872 1885 2259 2050 873 
2631 1885 2259 2050 873 1886 2260 2051 874 
2632 1886 2260 2051 874 1887 2261 2052 875 
2633 1887 2261 2052 875 1888 2262 2053 876 
2634 1888 2262 2053 876 1889 2263 2054 877 
2635 1889 2263 2054 877 1890 2264 2055 878 
2636 1890 2264 2055 878 1891 2265 2056 879 
2637 1891 2265 2056 879 1892 2266 2057 880 
2638 1892 2266 2057 880 1893 2267 2058 881 
2639 1893 2267 2058 881 1894 2268 2059 882 
2640 1894 2268 2059 882 757 791 772 665 
2641 225 237 130 261 1895 2027 850 2291 
2642 1895 2027 850 2291 1896 2028 851 2292 
2643 1896 2028 851 2292 1897 2029 852 2293 
2644 1897 2029 852 2293 1898 2030 853 2294 
2645 1898 2030 853 2294 1899 2031 854 2295 
2646 1899 2031 854 2295 1900 2032 855 2296 
2647 1900 2032 855 2296 1901 2033 856 2297 
2648 1901 2033 856 2297 1902 2034 857 2298 
2649 1902 2034 857 2298 1903 2035 858 2299 
2650 1903 2035 858 2299 1904 2036 859 2300 
2651 1904 2036 859 2300 1905 2037 860 2301 
2652 1905 2037 860 2301 758 770 663 794 
2653 233 246 261 130 1983 2126 2291 850 
2654 1983 2126 2291 850 1984 2127 2292 851 
2655 1984 2127 2292 851 1985 2128 2293 852 
2656 1985 2128 2293 852 1986 2129 2294 853 
2657 1986 2129 2294 853 1987 2130 2295 854 
2658 1987 2130 2295 854 1988 2131 2296 855 
2659 1988 2131 2296 855 1989 2132 2297 856 
2660 1989 2132 2297 856 1990 2133 2298 857 
2661 1990 2133 2298 857 1991 2134 2299 858 
2662 1991 2134 2299 858 1992 2135 2300 859 
2663 1992 2135 2300 859 1993 2136 2301 860 
2664 1993 2136 2301 860 766 779 794 663 
$EndElements
