$MeshFormat
4.1 0 8
$EndMeshFormat
$PhysicalNames
4
2 1 "Bottom"
2 2 "Top"
2 3 "Lateral"
3 4 "Cylinder"
$EndPhysicalNames
$Entities
10 12 6 1
0 0 0 0 0 
1 25 0 0 0 
2 0 25 0 0 
3 -25 0 0 0 
4 0 -25 0 0 
5 25 0 40 0 
6 0 0 40 0 
7 0 25 40 0 
12 -25 0 40 0 
17 0 -25 40 0 
1 1.77635683940025e-15 0 0 25 25 0 0 2 1 -2 
2 -25 1.77635683940025e-15 0 0 25 0 0 2 2 -3 
3 -25 -25 0 -1.77635683940025e-15 0 0 0 2 3 -4 
4 0 -25 0 25 -1.77635683940025e-15 0 0 2 4 -1 
6 1.77635683940025e-15 0 40 25 25 40 0 2 5 -7 
7 -25 1.77635683940025e-15 40 0 25 40 0 2 7 -12 
8 -25 -25 40 -1.77635683940025e-15 0 40 0 2 12 -17 
9 0 -25 40 25 -1.77635683940025e-15 40 0 2 17 -5 
11 25 0 0 25 0 40 0 2 1 -5 
12 0 25 0 0 25 40 0 2 2 -7 
16 -25 0 0 -25 0 40 0 2 3 -12 
20 0 -25 0 0 -25 40 0 2 4 -17 
1 -25 -25 0 25 25 0 1 1 4 1 2 3 4 
13 0 0 0 25 25 40 1 3 4 1 12 -6 -11 
17 -25 0 0 0 25 40 1 3 4 2 16 -7 -12 
21 -25 -25 0 0 0 40 1 3 4 3 20 -8 -16 
25 0 -25 0 25 0 40 1 3 4 4 11 -9 -20 
26 -25 -25 40 25 25 40 1 2 4 6 7 8 9 
1 -25 -25 0 25 25 40 1 4 6 -1 26 13 17 21 25 
$EndEntities
$Nodes
27 5525 1 5525
0 1 0 1
1
25 0 0
0 2 0 1
2
0 25 0
0 3 0 1
3
-25 0 0
0 4 0 1
4
0 -25 0
0 5 0 1
5
25 0 40
0 7 0 1
6
0 25 40
0 12 0 1
7
-25 0 40
0 17 0 1
8
0 -25 40
1 1 0 13
9
10
11
12
13
14
15
16
17
18
19
20
21
24.84280524667791 2.799111908379615 0
24.37319780156128 5.563023361982998 0
23.59708325058988 8.256976569225005 0
22.52422168433246 10.84709350540721 0
21.16810496014492 13.30080194560794 0
19.5457870323156 15.58724508331614 0
17.6776694885355 17.67766957079188 0
15.58724500699619 19.54578709317874 0
13.30080187601181 21.16810500387507 0
10.8470934444298 22.52422171369764 0
8.256976522373122 23.59708326698406 0
5.563023330259268 24.37319780880201 0
2.799111894029046 24.84280524829483 0
1 2 0 13
22
23
24
25
26
27
28
29
30
31
32
33
34
-2.799111908379615 24.84280524667791 0
-5.563023361982998 24.37319780156128 0
-8.256976569225005 23.59708325058988 0
-10.84709350540721 22.52422168433246 0
-13.30080194560794 21.16810496014492 0
-15.58724508331614 19.5457870323156 0
-17.67766957079188 17.6776694885355 0
-19.54578709317874 15.58724500699619 0
-21.16810500387507 13.30080187601181 0
-22.52422171369764 10.8470934444298 0
-23.59708326698406 8.256976522373122 0
-24.37319780880201 5.563023330259268 0
-24.84280524829483 2.799111894029046 0
1 3 0 13
35
36
37
38
39
40
41
42
43
44
45
46
47
-24.84280524667791 -2.799111908379615 0
-24.37319780156128 -5.563023361982998 0
-23.59708325058988 -8.256976569225005 0
-22.52422168433246 -10.84709350540721 0
-21.16810496014492 -13.30080194560794 0
-19.5457870323156 -15.58724508331614 0
-17.6776694885355 -17.67766957079188 0
-15.58724500699619 -19.54578709317874 0
-13.30080187601181 -21.16810500387507 0
-10.8470934444298 -22.52422171369764 0
-8.256976522373122 -23.59708326698406 0
-5.563023330259268 -24.37319780880201 0
-2.799111894029046 -24.84280524829483 0
1 4 0 13
48
49
50
51
52
53
54
55
56
57
58
59
60
2.799111908379615 -24.84280524667791 0
5.563023361982998 -24.37319780156128 0
8.256976569225005 -23.59708325058988 0
10.84709350540721 -22.52422168433246 0
13.30080194560794 -21.16810496014492 0
15.58724508331614 -19.5457870323156 0
17.67766957079188 -17.6776694885355 0
19.54578709317874 -15.58724500699619 0
21.16810500387507 -13.30080187601181 0
22.52422171369764 -10.8470934444298 0
23.59708326698406 -8.256976522373122 0
24.37319780880201 -5.563023330259268 0
24.84280524829483 -2.799111894029046 0
1 6 0 13
61
62
63
64
65
66
67
68
69
70
71
72
73
24.84280524667791 2.799111908379615 40
24.37319780156128 5.563023361982998 40
23.59708325058988 8.256976569225005 40
22.52422168433246 10.84709350540721 40
21.16810496014492 13.30080194560794 40
19.5457870323156 15.58724508331614 40
17.6776694885355 17.67766957079188 40
15.58724500699619 19.54578709317874 40
13.30080187601181 21.16810500387507 40
10.8470934444298 22.52422171369764 40
8.256976522373122 23.59708326698406 40
5.563023330259268 24.37319780880201 40
2.799111894029046 24.84280524829483 40
1 7 0 13
74
75
76
77
78
79
80
81
82
83
84
85
86
-2.799111908379615 24.84280524667791 40
-5.563023361982998 24.37319780156128 40
-8.256976569225005 23.59708325058988 40
-10.84709350540721 22.52422168433246 40
-13.30080194560794 21.16810496014492 40
-15.58724508331614 19.5457870323156 40
-17.67766957079188 17.6776694885355 40
-19.54578709317874 15.58724500699619 40
-21.16810500387507 13.30080187601181 40
-22.52422171369764 10.8470934444298 40
-23.59708326698406 8.256976522373122 40
-24.37319780880201 5.563023330259268 40
-24.84280524829483 2.799111894029046 40
1 8 0 13
87
88
89
90
91
92
93
94
95
96
97
98
99
-24.84280524667791 -2.799111908379615 40
-24.37319780156128 -5.563023361982998 40
-23.59708325058988 -8.256976569225005 40
-22.52422168433246 -10.84709350540721 40
-21.16810496014492 -13.30080194560794 40
-19.5457870323156 -15.58724508331614 40
-17.6776694885355 -17.67766957079188 40
-15.58724500699619 -19.54578709317874 40
-13.30080187601181 -21.16810500387507 40
-10.8470934444298 -22.52422171369764 40
-8.256976522373122 -23.59708326698406 40
-5.563023330259268 -24.37319780880201 40
-2.799111894029046 -24.84280524829483 40
1 9 0 13
100
101
102
103
104
105
106
107
108
109
110
111
112
2.799111908379615 -24.84280524667791 40
5.563023361982998 -24.37319780156128 40
8.256976569225005 -23.59708325058988 40
10.84709350540721 -22.52422168433246 40
13.30080194560794 -21.16810496014492 40
15.58724508331614 -19.5457870323156 40
17.67766957079188 -17.6776694885355 40
19.54578709317874 -15.58724500699619 40
21.16810500387507 -13.30080187601181 40
22.52422171369764 -10.8470934444298 40
23.59708326698406 -8.256976522373122 40
24.37319780880201 -5.563023330259268 40
24.84280524829483 -2.799111894029046 40
1 11 0 15
113
114
115
116
117
118
119
120
121
122
123
124
125
126
127
25 0 2.5
25 0 5
25 0 7.5
25 0 10
25 0 12.5
25 0 15
25 0 17.5
25 0 20
25 0 22.5
25 0 25
25 0 27.5
25 0 30
25 0 32.5
25 0 35
25 0 37.5
1 12 0 15
128
129
130
131
132
133
134
135
136
137
138
139
140
141
142
0 25 2.5
0 25 5
0 25 7.5
0 25 10
0 25 12.5
0 25 15
0 25 17.5
0 25 20
0 25 22.5
0 25 25
0 25 27.5
0 25 30
0 25 32.5
0 25 35
0 25 37.5
1 16 0 15
143
144
145
146
147
148
149
150
151
152
153
154
155
156
157
-25 0 2.5
-25 0 5
-25 0 7.5
-25 0 10
-25 0 12.5
-25 0 15
-25 0 17.5
-25 0 20
-25 0 22.5
-25 0 25
-25 0 27.5
-25 0 30
-25 0 32.5
-25 0 35
-25 0 37.5
1 20 0 15
158
159
160
161
162
163
164
165
166
167
168
169
170
171
172
0 -25 2.5
0 -25 5
0 -25 7.5
0 -25 10
0 -25 12.5
0 -25 15
0 -25 17.5
0 -25 20
0 -25 22.5
0 -25 25
0 -25 27.5
0 -25 30
0 -25 32.5
0 -25 35
0 -25 37.5
2 1 0 269
173
174
175
176
177
178
179
180
181
182
183
184
185
186
187
188
189
190
191
192
193
194
195
196
197
198
199
200
201
202
203
204
205
206
207
208
209
210
211
212
213
214
215
216
217
218
219
220
221
222
223
224
225
226
227
228
229
230
231
232
233
234
235
236
237
238
239
240
241
242
243
244
245
246
247
248
249
250
251
252
253
254
255
256
257
258
259
260
261
262
263
264
265
266
267
268
269
270
271
272
273
274
275
276
277
278
279
280
281
282
283
284
285
286
287
288
289
290
291
292
293
294
295
296
297
298
299
300
301
302
303
304
305
306
307
308
309
310
311
312
313
314
315
316
317
318
319
320
321
322
323
324
325
326
327
328
329
330
331
332
333
334
335
336
337
338
339
340
341
342
343
344
345
346
347
348
349
350
351
352
353
354
355
356
357
358
359
360
361
362
363
364
365
366
367
368
369
370
371
372
373
374
375
376
377
378
379
380
381
382
383
384
385
386
387
388
389
390
391
392
393
394
395
396
397
398
399
400
401
402
403
404
405
406
407
408
409
410
411
412
413
414
415
416
417
418
419
420
421
422
423
424
425
426
427
428
429
430
431
432
433
434
435
436
437
438
439
440
441
5.52276862761287 21.64303826834902 0
-5.35670305665498 -21.84617408558939 0
-21.89326907844217 6.7328140288402 0
21.84973317868794 -5.724353810802934 0
-19.48127115454595 -11.42746333227361 0
-9.822677317072182 19.96080136578033 0
10.92878763630649 -19.70409566212968 0
19.70635868571627 10.74386312589738 0
-14.43818121338421 -16.83200037024598 0
17.69425640475319 -15.02923812055201 0
-16.14731803690724 15.4878740772914 0
14.39914112319265 17.14880393903997 0
2.639009336961387 -22.25708750939375 0
-22.62081692146213 -1.522675959767897 0
22.19459778415864 1.728673451779235 0
-4.361911592655068 21.48835280034912 0
-10.10816491029443 -19.99086646270695 0
-19.32875866375604 11.45240014505064 0
19.7752267960744 -10.68244351229228 0
10.20811479630835 20.12036656877169 0
-21.33341248615228 -6.710229540702221 0
7.970835030183536 -21.54103491770414 0
0.2621239694228045 22.3418555920316 0
21.30925655225908 6.740828604772444 0
-0.09768280653361058 -22.41078835691624 0
-0.1635060109015588 -19.98195134011407 0
2.620006612288391 -19.71475390451254 0
-0.408398275557041 -17.60378413819409 0
2.391613977563141 -17.18745838226768 0
1.87027277119887 -14.82023678617317 0
-0.8720286112954957 -15.14448513953721 0
1.592210662645129 -12.62196204047819 0
3.449953360727884 -12.50246249179637 0
2.006700570006217 -10.40376525884692 0
-0.560878013481858 -10.02999321768667 0
0.4020133029048765 -7.511015857841039 0
2.922157036461868 -7.963892344265403 0
1.394206371823602 -4.976211304409259 0
-0.8657330934212027 -4.349054392343072 0
-0.144603301514035 -2.577990371811076 0
2.075528676549407 -1.859247751887189 0
0.3415467492555719 0.5559135514748086 0
-1.315452807360425 -1.121595110344137 0
-1.350966731641601 2.777572782285652 0
2.067043325770222 2.274459676708143 0
-2.963709049056862 0.9377221854533179 0
0.4185322354033277 4.447509429790825 0
3.826526240825205 3.680218611236396 0
2.423630704163209 5.892052189454002 0
4.674473403995647 7.011611474977523 0
5.882485067889846 4.621471115173632 0
3.431107335480071 10.12702478337247 0
0.7294892305661094 8.477419254277539 0
6.958506046001228 7.937372988916527 0
8.231662742565483 5.483593391637625 0
-4.459536474911947 -1.10208510447222 0
-6.205725269888515 1.059848052152939 0
-7.674902885568207 -1.072393816759921 0
-9.397565294424529 0.83630910545723 0
-8.118822182376633 2.994849883953959 0
-10.87455520741967 -0.987525711274417 0
-9.301524365169355 -2.986416126210783 0
-11.29851180960617 2.039710173769318 0
-10.28712169302012 4.33506166162373 0
0.8366267853564383 12.77457353328209 0
-1.202936162426932 11.15471976537628 0
-11.09968642454826 -4.580356395808575 0
-9.37062367566128 -6.939755321641506 0
4.689106238435119 12.81765883291169 0
10.61272599809446 6.510678418705703 0
12.00602920972117 4.245642414440146 0
9.522296159137628 2.496071810291544 0
-12.60806656993814 -2.432118602851754 0
13.02344309079609 2.755789836406832 0
12.2008874748807 1.158703055063623 0
-12.70948340376511 5.056375388724653 0
-11.95524065468717 7.601170443406545 0
-3.099617967279152 13.69935096184637 0
-13.09781449629073 -5.892171451914791 0
-11.35362570831754 -8.406013560308837 0
14.51828367870286 0.6990969403703662 0
13.67795533275307 -1.695950934079736 0
11.14882570261369 -1.202052127707975 0
12.60572658615988 -4.212989360232791 0
14.20228257339702 5.241698242118795 0
-7.374607895388018 -9.389896669018398 0
-9.460242220987128 -10.96693881824356 0
10.09571972114291 -3.769427731749341 0
11.50433541223345 -6.766915769569279 0
-6.823706081598431 5.303891514491084 0
13.97336552124381 -7.103540825891658 0
13.01116453028053 -9.514750044714532 0
10.56526884237882 -9.347221607847327 0
12.49910491865434 -11.76668774116493 0
16.27120039547554 -1.953077970393088 0
-14.5551293054845 7.784046855488941 0
-15.13808938524627 5.446761012581044 0
-11.50669217675553 10.27934262779542 0
-11.16284213125632 13.00406136383172 0
-1.09219124702002 15.10701110832367 0
0.7666660880153371 16.63497989584633 0
-4.411223932962239 15.5195800804953 0
-11.49578595000818 -12.50194604485077 0
-9.771975323010208 -14.75056255931642 0
-7.691880861400874 -13.57655707968576 0
10.01949453164739 -11.89901245784024 0
7.588898902198964 -3.258529751461202 0
9.223554201877459 8.902150476632396 0
11.51003610952452 9.908060221541923 0
10.49792680986129 12.22791691888399 0
9.631046447993043 -14.34159043850405 0
12.31849464269321 12.63491085288841 0
13.45197495377063 11.14565685485813 0
16.96491148323267 0.6620531071112553 0
19.28767495531012 -2.205273212629288 0
9.898704723505176 14.71569581588329 0
7.323501957603624 14.45471810708729 0
7.555798027377926 -14.30136371800437 0
6.494179720389602 -5.87825684985118 0
7.980190145347248 -9.019086270618343 0
-8.92490778461265 12.89505782119446 0
14.94994384305465 12.94819538773953 0
17.52587375958656 -5.059131775996005 0
-16.31140546950201 7.810091301423129 0
15.1914382549749 -9.83617938589207 0
-0.5984094164038283 18.13668357647792 0
-17.18331977564191 6.156421614345381 0
-16.04043798206339 2.94874133260264 0
-18.36944402587469 3.700653745584201 0
-16.86517013968471 0.2733892975181417 0
-10.63052799473919 16.1023208096547 0
-8.632160593208962 -16.31207867173713 0
-6.42587573838509 -16.4734388739557 0
-4.634815574926763 -12.12214872023905 0
2.804553300016721 18.72304562115412 0
4.457983362621569 15.97918627423197 0
-13.12993965380769 15.53029937828117 0
12.21475317050882 -14.05550559124833 0
-7.225334391593995 -18.84630802946385 0
-4.760717879123055 -18.04461801410814 0
-13.14315142675211 -14.4400821686679 0
-15.4382002884989 -12.03064932899079 0
11.71761897743029 -16.62707941484353 0
9.28619190506989 17.64975995700486 0
-2.750778445656941 -19.97336922131807 0
-16.45492937963132 -15.04418537823135 0
-11.18872755746684 -16.38986270638461 0
16.71151415258826 10.8387537915062 0
-2.980076222328333 -17.8099485927662 0
4.319064204821554 -13.91412431784375 0
5.773046758117975 -16.2731462427714 0
8.906878673643678 -16.7433231781473 0
8.246621500432733 -19.26582517366555 0
-1.025158466092574 -12.52976526124833 0
-1.965511971345138 -6.623533659155386 0
-4.078266052945471 -5.155642921438232 0
4.34399138272964 -10.8818705464467 0
-5.556364286417927 -7.323094102033473 0
3.939796198565492 -5.362876757683095 0
16.30828385985824 -7.508669816545665 0
5.007539293899354 -2.687821086228295 0
6.034514986456326 -0.1079922509899192 0
6.644615486317701 16.79923482964983 0
6.879328102885317 -12.0824370611303 0
15.13482684406996 -4.571454606871725 0
5.505551540604403 14.36628997806693 0
2.662744428967306 14.54833192095769 0
-14.31530393127639 10.237334163465 0
-14.31640864470489 13.3053298556044 0
3.815965589575524 0.7155394100810873 0
-12.00524559745975 0.3328222404487144 0
-2.718546535383489 -2.962540081247527 0
6.019629518952387 9.764781885796516 0
-13.54819811879792 2.535780373457512 0
14.29932169850889 -11.49706082249566 0
7.510992672472558 11.55579049380334 0
-1.35694032212526 6.930128522443079 0
-3.175460685702826 5.169035860425524 0
-3.317586778661326 9.514858303057034 0
-4.780961932719776 3.146361172664019 0
-5.259153630737659 7.539726771305912 0
-2.925191598486574 17.53902654266058 0
-6.324145081339897 18.26678258519271 0
12.90142992447642 7.616519940917009 0
14.74539607703555 2.974116017640491 0
17.01605650825319 6.258176727086208 0
-14.5139131297258 -3.623372378034494 0
-15.4442514079826 -6.8439860972536 0
-16.65749319124703 -4.548700070758009 0
-18.36388045903684 -7.907681169686198 0
-16.54373675992234 -9.603864611987985 0
-15.36574845685792 -2.077218027641081 0
-17.1154597217867 -2.26516458753987 0
9.018756379019168 -6.356394003486779 0
6.439269927863409 2.302474836282958 0
-13.32202427468903 -10.02087457426806 0
-5.9433918288992 -3.152864412230606 0
8.555110188940064 -0.6008809560884983 0
17.0985473868121 3.224821838525831 0
4.702355745463404 2.232206207398181 0
-14.05870078662056 -0.2868009079090625 0
14.98556240407505 9.011723661066016 0
18.62142067484356 8.818616337471122 0
-9.274149178963661 6.797606391320051 0
-5.274867491142584 12.12314319718852 0
5.435999533288189 -8.474756062510247 0
-8.054038925868262 10.06070758952989 0
-7.209718895462652 15.23434764317985 0
-7.549689252828648 -5.124943945858294 0
-3.155664098201036 -8.974255420110069 0
-3.650522921733371 -15.43327086280361 0
5.837972237036433 19.14626932041534 0
7.639877963833618 19.36985449362611 0
-19.87863140616829 0.397041385535301 0
-21.96514803197251 2.481091159126271 0
11.58506214238804 17.19152649311241 0
-8.957675561852861 18.16755328224411 0
-7.530909163521598 21.21741839403325 0
17.32539348241611 -10.31906475396053 0
-18.91090989725896 7.464685437997959 0
-14.17275337765292 17.19797408544889 0
20.48455467395729 -3.806493367424063 0
22.29974589400296 -0.8969439604318625 0
18.09466456983291 13.1048352641591 0
2.852415083991568 21.9672812635133 0
-16.54581243873955 12.27382888083123 0
-18.97167060590047 -5.506826644883562 0
14.64916259939848 -16.44690230296958 0
-12.04604517417829 18.69509311168501 0
-18.1950968517624 -13.33599007121448 0
5.406903306171341 -21.89760629301821 0
-21.96637777898045 -4.112619466741244 0
-20.43863113317948 -9.222431075044772 0
21.90693862988319 4.346120851878415 0
21.16747819296444 9.657365639560503 0
-7.756737294241668 -21.07356511572974 0
20.95592846496537 -8.154925087220969 0
18.57190443876924 -7.894588982769925 0
-1.566395062311965 22.46876109299207 0
16.27665379267378 15.20937718692008 0
12.65794052643598 14.94266407327386 0
5.488256230944176 -19.35836534076449 0
18.50792619538782 -13.12609270785732 0
-12.27293949473998 -18.58587001297426 0
19.51840624166201 0.9878700728960685 0
-20.64660130683024 9.102506006559985 0
19.65037311329454 -5.536816715056241 0
13.88847523595851 -18.54406875428919 0
-2.282806194596027 20.56131119120175 0
-17.06244579003294 9.877844475321147 0
-2.760333957496734 -22.27292787301079 0
7.91690596747222 21.09540202558804 0
-17.80701723882294 13.63378705667329 0
-20.24826112495649 5.100333831504575 0
19.32049712108008 5.455669738234832 0
22.28136972718534 -3.328424438778737 0
12.31277433095859 18.82530046514393 0
-17.26431636928315 -11.85795174894831 0
9.90466199414945 -21.29193653607518 0
-19.49119230883313 -2.940598761889228 0
-5.814170837161744 22.31218962195522 0
-0.04610410168855941 19.86691868524104 0
-22.79637548072613 5.068273374683558 0
-9.241932341642748 -17.82537717417071 0
-17.8270336769914 -10.12404956109357 0
-23.20057415801281 0.2604457928283007 0
15.39219959310157 -13.00667119425901 0
19.47692317480957 3.590210998470978 0
-5.034911470118109 -19.59618325898455 0
2 13 0 195
442
443
444
445
446
447
448
449
450
451
452
453
454
455
456
457
458
459
460
461
462
463
464
465
466
467
468
469
470
471
472
473
474
475
476
477
478
479
480
481
482
483
484
485
486
487
488
489
490
491
492
493
494
495
496
497
498
499
500
501
502
503
504
505
506
507
508
509
510
511
512
513
514
515
516
517
518
519
520
521
522
523
524
525
526
527
528
529
530
531
532
533
534
535
536
537
538
539
540
541
542
543
544
545
546
547
548
549
550
551
552
553
554
555
556
557
558
559
560
561
562
563
564
565
566
567
568
569
570
571
572
573
574
575
576
577
578
579
580
581
582
583
584
585
586
587
588
589
590
591
592
593
594
595
596
597
598
599
600
601
602
603
604
605
606
607
608
609
610
611
612
613
614
615
616
617
618
619
620
621
622
623
624
625
626
627
628
629
630
631
632
633
634
635
636
24.84280524667791 2.799111908379615 2.5
24.84280524667791 2.799111908379615 5
24.84280524667791 2.799111908379615 7.5
24.84280524667791 2.799111908379615 10
24.84280524667791 2.799111908379615 12.5
24.84280524667791 2.799111908379615 15
24.84280524667791 2.799111908379615 17.5
24.84280524667791 2.799111908379615 20
24.84280524667791 2.799111908379615 22.5
24.84280524667791 2.799111908379615 25
24.84280524667791 2.799111908379615 27.5
24.84280524667791 2.799111908379615 30
24.84280524667791 2.799111908379615 32.5
24.84280524667791 2.799111908379615 35
24.84280524667791 2.799111908379615 37.5
24.37319780156128 5.563023361982998 2.5
24.37319780156128 5.563023361982998 5
24.37319780156128 5.563023361982998 7.5
24.37319780156128 5.563023361982998 10
24.37319780156128 5.563023361982998 12.5
24.37319780156128 5.563023361982998 15
24.37319780156128 5.563023361982998 17.5
24.37319780156128 5.563023361982998 20
24.37319780156128 5.563023361982998 22.5
24.37319780156128 5.563023361982998 25
24.37319780156128 5.563023361982998 27.5
24.37319780156128 5.563023361982998 30
24.37319780156128 5.563023361982998 32.5
24.37319780156128 5.563023361982998 35
24.37319780156128 5.563023361982998 37.5
23.59708325058988 8.256976569225005 2.5
23.59708325058988 8.256976569225005 5
23.59708325058988 8.256976569225005 7.5
23.59708325058988 8.256976569225005 10
23.59708325058988 8.256976569225005 12.5
23.59708325058988 8.256976569225005 15
23.59708325058988 8.256976569225005 17.5
23.59708325058988 8.256976569225005 20
23.59708325058988 8.256976569225005 22.5
23.59708325058988 8.256976569225005 25
23.59708325058988 8.256976569225005 27.5
23.59708325058988 8.256976569225005 30
23.59708325058988 8.256976569225005 32.5
23.59708325058988 8.256976569225005 35
23.59708325058988 8.256976569225005 37.5
22.52422168433246 10.84709350540721 2.5
22.52422168433246 10.84709350540721 5
22.52422168433246 10.84709350540721 7.5
22.52422168433246 10.84709350540721 10
22.52422168433246 10.84709350540721 12.5
22.52422168433246 10.84709350540721 15
22.52422168433246 10.84709350540721 17.5
22.52422168433246 10.84709350540721 20
22.52422168433246 10.84709350540721 22.5
22.52422168433246 10.84709350540721 25
22.52422168433246 10.84709350540721 27.5
22.52422168433246 10.84709350540721 30
22.52422168433246 10.84709350540721 32.5
22.52422168433246 10.84709350540721 35
22.52422168433246 10.84709350540721 37.5
21.16810496014492 13.30080194560794 2.5
21.16810496014492 13.30080194560794 5
21.16810496014492 13.30080194560794 7.5
21.16810496014492 13.30080194560794 10
21.16810496014492 13.30080194560794 12.5
21.16810496014492 13.30080194560794 15
21.16810496014492 13.30080194560794 17.5
21.16810496014492 13.30080194560794 20
21.16810496014492 13.30080194560794 22.5
21.16810496014492 13.30080194560794 25
21.16810496014492 13.30080194560794 27.5
21.16810496014492 13.30080194560794 30
21.16810496014492 13.30080194560794 32.5
21.16810496014492 13.30080194560794 35
21.16810496014492 13.30080194560794 37.5
19.5457870323156 15.58724508331614 2.5
19.5457870323156 15.58724508331614 5
19.5457870323156 15.58724508331614 7.5
19.5457870323156 15.58724508331614 10
19.5457870323156 15.58724508331614 12.5
19.5457870323156 15.58724508331614 15
19.5457870323156 15.58724508331614 17.5
19.5457870323156 15.58724508331614 20
19.5457870323156 15.58724508331614 22.5
19.5457870323156 15.58724508331614 25
19.5457870323156 15.58724508331614 27.5
19.5457870323156 15.58724508331614 30
19.5457870323156 15.58724508331614 32.5
19.5457870323156 15.58724508331614 35
19.5457870323156 15.58724508331614 37.5
17.6776694885355 17.67766957079188 2.5
17.6776694885355 17.67766957079188 5
17.6776694885355 17.67766957079188 7.5
17.6776694885355 17.67766957079188 10
17.6776694885355 17.67766957079188 12.5
17.6776694885355 17.67766957079188 15
17.6776694885355 17.67766957079188 17.5
17.6776694885355 17.67766957079188 20
17.6776694885355 17.67766957079188 22.5
17.6776694885355 17.67766957079188 25
17.6776694885355 17.67766957079188 27.5
17.6776694885355 17.67766957079188 30
17.6776694885355 17.67766957079188 32.5
17.6776694885355 17.67766957079188 35
17.6776694885355 17.67766957079188 37.5
15.58724500699619 19.54578709317874 2.5
15.58724500699619 19.54578709317874 5
15.58724500699619 19.54578709317874 7.5
15.58724500699619 19.54578709317874 10
15.58724500699619 19.54578709317874 12.5
15.58724500699619 19.54578709317874 15
15.58724500699619 19.54578709317874 17.5
15.58724500699619 19.54578709317874 20
15.58724500699619 19.54578709317874 22.5
15.58724500699619 19.54578709317874 25
15.58724500699619 19.54578709317874 27.5
15.58724500699619 19.54578709317874 30
15.58724500699619 19.54578709317874 32.5
15.58724500699619 19.54578709317874 35
15.58724500699619 19.54578709317874 37.5
13.30080187601181 21.16810500387507 2.5
13.30080187601181 21.16810500387507 5
13.30080187601181 21.16810500387507 7.5
13.30080187601181 21.16810500387507 10
13.30080187601181 21.16810500387507 12.5
13.30080187601181 21.16810500387507 15
13.30080187601181 21.16810500387507 17.5
13.30080187601181 21.16810500387507 20
13.30080187601181 21.16810500387507 22.5
13.30080187601181 21.16810500387507 25
13.30080187601181 21.16810500387507 27.5
13.30080187601181 21.16810500387507 30
13.30080187601181 21.16810500387507 32.5
13.30080187601181 21.16810500387507 35
13.30080187601181 21.16810500387507 37.5
10.8470934444298 22.52422171369764 2.5
10.8470934444298 22.52422171369764 5
10.8470934444298 22.52422171369764 7.5
10.8470934444298 22.52422171369764 10
10.8470934444298 22.52422171369764 12.5
10.8470934444298 22.52422171369764 15
10.8470934444298 22.52422171369764 17.5
10.8470934444298 22.52422171369764 20
10.8470934444298 22.52422171369764 22.5
10.8470934444298 22.52422171369764 25
10.8470934444298 22.52422171369764 27.5
10.8470934444298 22.52422171369764 30
10.8470934444298 22.52422171369764 32.5
10.8470934444298 22.52422171369764 35
10.8470934444298 22.52422171369764 37.5
8.256976522373122 23.59708326698406 2.5
8.256976522373122 23.59708326698406 5
8.256976522373122 23.59708326698406 7.5
8.256976522373122 23.59708326698406 10
8.256976522373122 23.59708326698406 12.5
8.256976522373122 23.59708326698406 15
8.256976522373122 23.59708326698406 17.5
8.256976522373122 23.59708326698406 20
8.256976522373122 23.59708326698406 22.5
8.256976522373122 23.59708326698406 25
8.256976522373122 23.59708326698406 27.5
8.256976522373122 23.59708326698406 30
8.256976522373122 23.59708326698406 32.5
8.256976522373122 23.59708326698406 35
8.256976522373122 23.59708326698406 37.5
5.563023330259268 24.37319780880201 2.5
5.563023330259268 24.37319780880201 5
5.563023330259268 24.37319780880201 7.5
5.563023330259268 24.37319780880201 10
5.563023330259268 24.37319780880201 12.5
5.563023330259268 24.37319780880201 15
5.563023330259268 24.37319780880201 17.5
5.563023330259268 24.37319780880201 20
5.563023330259268 24.37319780880201 22.5
5.563023330259268 24.37319780880201 25
5.563023330259268 24.37319780880201 27.5
5.563023330259268 24.37319780880201 30
5.563023330259268 24.37319780880201 32.5
5.563023330259268 24.37319780880201 35
5.563023330259268 24.37319780880201 37.5
2.799111894029046 24.84280524829483 2.5
2.799111894029046 24.84280524829483 5
2.799111894029046 24.84280524829483 7.5
2.799111894029046 24.84280524829483 10
2.799111894029046 24.84280524829483 12.5
2.799111894029046 24.84280524829483 15
2.799111894029046 24.84280524829483 17.5
2.799111894029046 24.84280524829483 20
2.799111894029046 24.84280524829483 22.5
2.799111894029046 24.84280524829483 25
2.799111894029046 24.84280524829483 27.5
2.799111894029046 24.84280524829483 30
2.799111894029046 24.84280524829483 32.5
2.799111894029046 24.84280524829483 35
2.799111894029046 24.84280524829483 37.5
2 17 0 195
637
638
639
640
641
642
643
644
645
646
647
648
649
650
651
652
653
654
655
656
657
658
659
660
661
662
663
664
665
666
667
668
669
670
671
672
673
674
675
676
677
678
679
680
681
682
683
684
685
686
687
688
689
690
691
692
693
694
695
696
697
698
699
700
701
702
703
704
705
706
707
708
709
710
711
712
713
714
715
716
717
718
719
720
721
722
723
724
725
726
727
728
729
730
731
732
733
734
735
736
737
738
739
740
741
742
743
744
745
746
747
748
749
750
751
752
753
754
755
756
757
758
759
760
761
762
763
764
765
766
767
768
769
770
771
772
773
774
775
776
777
778
779
780
781
782
783
784
785
786
787
788
789
790
791
792
793
794
795
796
797
798
799
800
801
802
803
804
805
806
807
808
809
810
811
812
813
814
815
816
817
818
819
820
821
822
823
824
825
826
827
828
829
830
831
-2.799111908379615 24.84280524667791 2.5
-2.799111908379615 24.84280524667791 5
-2.799111908379615 24.84280524667791 7.5
-2.799111908379615 24.84280524667791 10
-2.799111908379615 24.84280524667791 12.5
-2.799111908379615 24.84280524667791 15
-2.799111908379615 24.84280524667791 17.5
-2.799111908379615 24.84280524667791 20
-2.799111908379615 24.84280524667791 22.5
-2.799111908379615 24.84280524667791 25
-2.799111908379615 24.84280524667791 27.5
-2.799111908379615 24.84280524667791 30
-2.799111908379615 24.84280524667791 32.5
-2.799111908379615 24.84280524667791 35
-2.799111908379615 24.84280524667791 37.5
-5.563023361982998 24.37319780156128 2.5
-5.563023361982998 24.37319780156128 5
-5.563023361982998 24.37319780156128 7.5
-5.563023361982998 24.37319780156128 10
-5.563023361982998 24.37319780156128 12.5
-5.563023361982998 24.37319780156128 15
-5.563023361982998 24.37319780156128 17.5
-5.563023361982998 24.37319780156128 20
-5.563023361982998 24.37319780156128 22.5
-5.563023361982998 24.37319780156128 25
-5.563023361982998 24.37319780156128 27.5
-5.563023361982998 24.37319780156128 30
-5.563023361982998 24.37319780156128 32.5
-5.563023361982998 24.37319780156128 35
-5.563023361982998 24.37319780156128 37.5
-8.256976569225005 23.59708325058988 2.5
-8.256976569225005 23.59708325058988 5
-8.256976569225005 23.59708325058988 7.5
-8.256976569225005 23.59708325058988 10
-8.256976569225005 23.59708325058988 12.5
-8.256976569225005 23.59708325058988 15
-8.256976569225005 23.59708325058988 17.5
-8.256976569225005 23.59708325058988 20
-8.256976569225005 23.59708325058988 22.5
-8.256976569225005 23.59708325058988 25
-8.256976569225005 23.59708325058988 27.5
-8.256976569225005 23.59708325058988 30
-8.256976569225005 23.59708325058988 32.5
-8.256976569225005 23.59708325058988 35
-8.256976569225005 23.59708325058988 37.5
-10.84709350540721 22.52422168433246 2.5
-10.84709350540721 22.52422168433246 5
-10.84709350540721 22.52422168433246 7.5
-10.84709350540721 22.52422168433246 10
-10.84709350540721 22.52422168433246 12.5
-10.84709350540721 22.52422168433246 15
-10.84709350540721 22.52422168433246 17.5
-10.84709350540721 22.52422168433246 20
-10.84709350540721 22.52422168433246 22.5
-10.84709350540721 22.52422168433246 25
-10.84709350540721 22.52422168433246 27.5
-10.84709350540721 22.52422168433246 30
-10.84709350540721 22.52422168433246 32.5
-10.84709350540721 22.52422168433246 35
-10.84709350540721 22.52422168433246 37.5
-13.30080194560794 21.16810496014492 2.5
-13.30080194560794 21.16810496014492 5
-13.30080194560794 21.16810496014492 7.5
-13.30080194560794 21.16810496014492 10
-13.30080194560794 21.16810496014492 12.5
-13.30080194560794 21.16810496014492 15
-13.30080194560794 21.16810496014492 17.5
-13.30080194560794 21.16810496014492 20
-13.30080194560794 21.16810496014492 22.5
-13.30080194560794 21.16810496014492 25
-13.30080194560794 21.16810496014492 27.5
-13.30080194560794 21.16810496014492 30
-13.30080194560794 21.16810496014492 32.5
-13.30080194560794 21.16810496014492 35
-13.30080194560794 21.16810496014492 37.5
-15.58724508331614 19.5457870323156 2.5
-15.58724508331614 19.5457870323156 5
-15.58724508331614 19.5457870323156 7.5
-15.58724508331614 19.5457870323156 10
-15.58724508331614 19.5457870323156 12.5
-15.58724508331614 19.5457870323156 15
-15.58724508331614 19.5457870323156 17.5
-15.58724508331614 19.5457870323156 20
-15.58724508331614 19.5457870323156 22.5
-15.58724508331614 19.5457870323156 25
-15.58724508331614 19.5457870323156 27.5
-15.58724508331614 19.5457870323156 30
-15.58724508331614 19.5457870323156 32.5
-15.58724508331614 19.5457870323156 35
-15.58724508331614 19.5457870323156 37.5
-17.67766957079188 17.6776694885355 2.5
-17.67766957079188 17.6776694885355 5
-17.67766957079188 17.6776694885355 7.5
-17.67766957079188 17.6776694885355 10
-17.67766957079188 17.6776694885355 12.5
-17.67766957079188 17.6776694885355 15
-17.67766957079188 17.6776694885355 17.5
-17.67766957079188 17.6776694885355 20
-17.67766957079188 17.6776694885355 22.5
-17.67766957079188 17.6776694885355 25
-17.67766957079188 17.6776694885355 27.5
-17.67766957079188 17.6776694885355 30
-17.67766957079188 17.6776694885355 32.5
-17.67766957079188 17.6776694885355 35
-17.67766957079188 17.6776694885355 37.5
-19.54578709317874 15.58724500699619 2.5
-19.54578709317874 15.58724500699619 5
-19.54578709317874 15.58724500699619 7.5
-19.54578709317874 15.58724500699619 10
-19.54578709317874 15.58724500699619 12.5
-19.54578709317874 15.58724500699619 15
-19.54578709317874 15.58724500699619 17.5
-19.54578709317874 15.58724500699619 20
-19.54578709317874 15.58724500699619 22.5
-19.54578709317874 15.58724500699619 25
-19.54578709317874 15.58724500699619 27.5
-19.54578709317874 15.58724500699619 30
-19.54578709317874 15.58724500699619 32.5
-19.54578709317874 15.58724500699619 35
-19.54578709317874 15.58724500699619 37.5
-21.16810500387507 13.30080187601181 2.5
-21.16810500387507 13.30080187601181 5
-21.16810500387507 13.30080187601181 7.5
-21.16810500387507 13.30080187601181 10
-21.16810500387507 13.30080187601181 12.5
-21.16810500387507 13.30080187601181 15
-21.16810500387507 13.30080187601181 17.5
-21.16810500387507 13.30080187601181 20
-21.16810500387507 13.30080187601181 22.5
-21.16810500387507 13.30080187601181 25
-21.16810500387507 13.30080187601181 27.5
-21.16810500387507 13.30080187601181 30
-21.16810500387507 13.30080187601181 32.5
-21.16810500387507 13.30080187601181 35
-21.16810500387507 13.30080187601181 37.5
-22.52422171369764 10.8470934444298 2.5
-22.52422171369764 10.8470934444298 5
-22.52422171369764 10.8470934444298 7.5
-22.52422171369764 10.8470934444298 10
-22.52422171369764 10.8470934444298 12.5
-22.52422171369764 10.8470934444298 15
-22.52422171369764 10.8470934444298 17.5
-22.52422171369764 10.8470934444298 20
-22.52422171369764 10.8470934444298 22.5
-22.52422171369764 10.8470934444298 25
-22.52422171369764 10.8470934444298 27.5
-22.52422171369764 10.8470934444298 30
-22.52422171369764 10.8470934444298 32.5
-22.52422171369764 10.8470934444298 35
-22.52422171369764 10.8470934444298 37.5
-23.59708326698406 8.256976522373122 2.5
-23.59708326698406 8.256976522373122 5
-23.59708326698406 8.256976522373122 7.5
-23.59708326698406 8.256976522373122 10
-23.59708326698406 8.256976522373122 12.5
-23.59708326698406 8.256976522373122 15
-23.59708326698406 8.256976522373122 17.5
-23.59708326698406 8.256976522373122 20
-23.59708326698406 8.256976522373122 22.5
-23.59708326698406 8.256976522373122 25
-23.59708326698406 8.256976522373122 27.5
-23.59708326698406 8.256976522373122 30
-23.59708326698406 8.256976522373122 32.5
-23.59708326698406 8.256976522373122 35
-23.59708326698406 8.256976522373122 37.5
-24.37319780880201 5.563023330259268 2.5
-24.37319780880201 5.563023330259268 5
-24.37319780880201 5.563023330259268 7.5
-24.37319780880201 5.563023330259268 10
-24.37319780880201 5.563023330259268 12.5
-24.37319780880201 5.563023330259268 15
-24.37319780880201 5.563023330259268 17.5
-24.37319780880201 5.563023330259268 20
-24.37319780880201 5.563023330259268 22.5
-24.37319780880201 5.563023330259268 25
-24.37319780880201 5.563023330259268 27.5
-24.37319780880201 5.563023330259268 30
-24.37319780880201 5.563023330259268 32.5
-24.37319780880201 5.563023330259268 35
-24.37319780880201 5.563023330259268 37.5
-24.84280524829483 2.799111894029046 2.5
-24.84280524829483 2.799111894029046 5
-24.84280524829483 2.799111894029046 7.5
-24.84280524829483 2.799111894029046 10
-24.84280524829483 2.799111894029046 12.5
-24.84280524829483 2.799111894029046 15
-24.84280524829483 2.799111894029046 17.5
-24.84280524829483 2.799111894029046 20
-24.84280524829483 2.799111894029046 22.5
-24.84280524829483 2.799111894029046 25
-24.84280524829483 2.799111894029046 27.5
-24.84280524829483 2.799111894029046 30
-24.84280524829483 2.799111894029046 32.5
-24.84280524829483 2.799111894029046 35
-24.84280524829483 2.799111894029046 37.5
2 21 0 195
832
833
834
835
836
837
838
839
840
841
842
843
844
845
846
847
848
849
850
851
852
853
854
855
856
857
858
859
860
861
862
863
864
865
866
867
868
869
870
871
872
873
874
875
876
877
878
879
880
881
882
883
884
885
886
887
888
889
890
891
892
893
894
895
896
897
898
899
900
901
902
903
904
905
906
907
908
909
910
911
912
913
914
915
916
917
918
919
920
921
922
923
924
925
926
927
928
929
930
931
932
933
934
935
936
937
938
939
940
941
942
943
944
945
946
947
948
949
950
951
952
953
954
955
956
957
958
959
960
961
962
963
964
965
966
967
968
969
970
971
972
973
974
975
976
977
978
979
980
981
982
983
984
985
986
987
988
989
990
991
992
993
994
995
996
997
998
999
1000
1001
1002
1003
1004
1005
1006
1007
1008
1009
1010
1011
1012
1013
1014
1015
1016
1017
1018
1019
1020
1021
1022
1023
1024
1025
1026
-24.84280524667791 -2.799111908379615 2.5
-24.84280524667791 -2.799111908379615 5
-24.84280524667791 -2.799111908379615 7.5
-24.84280524667791 -2.799111908379615 10
-24.84280524667791 -2.799111908379615 12.5
-24.84280524667791 -2.799111908379615 15
-24.84280524667791 -2.799111908379615 17.5
-24.84280524667791 -2.799111908379615 20
-24.84280524667791 -2.799111908379615 22.5
-24.84280524667791 -2.799111908379615 25
-24.84280524667791 -2.799111908379615 27.5
-24.84280524667791 -2.799111908379615 30
-24.84280524667791 -2.799111908379615 32.5
-24.84280524667791 -2.799111908379615 35
-24.84280524667791 -2.799111908379615 37.5
-24.37319780156128 -5.563023361982998 2.5
-24.37319780156128 -5.563023361982998 5
-24.37319780156128 -5.563023361982998 7.5
-24.37319780156128 -5.563023361982998 10
-24.37319780156128 -5.563023361982998 12.5
-24.37319780156128 -5.563023361982998 15
-24.37319780156128 -5.563023361982998 17.5
-24.37319780156128 -5.563023361982998 20
-24.37319780156128 -5.563023361982998 22.5
-24.37319780156128 -5.563023361982998 25
-24.37319780156128 -5.563023361982998 27.5
-24.37319780156128 -5.563023361982998 30
-24.37319780156128 -5.563023361982998 32.5
-24.37319780156128 -5.563023361982998 35
-24.37319780156128 -5.563023361982998 37.5
-23.59708325058988 -8.256976569225005 2.5
-23.59708325058988 -8.256976569225005 5
-23.59708325058988 -8.256976569225005 7.5
-23.59708325058988 -8.256976569225005 10
-23.59708325058988 -8.256976569225005 12.5
-23.59708325058988 -8.256976569225005 15
-23.59708325058988 -8.256976569225005 17.5
-23.59708325058988 -8.256976569225005 20
-23.59708325058988 -8.256976569225005 22.5
-23.59708325058988 -8.256976569225005 25
-23.59708325058988 -8.256976569225005 27.5
-23.59708325058988 -8.256976569225005 30
-23.59708325058988 -8.256976569225005 32.5
-23.59708325058988 -8.256976569225005 35
-23.59708325058988 -8.256976569225005 37.5
-22.52422168433246 -10.84709350540721 2.5
-22.52422168433246 -10.84709350540721 5
-22.52422168433246 -10.84709350540721 7.5
-22.52422168433246 -10.84709350540721 10
-22.52422168433246 -10.84709350540721 12.5
-22.52422168433246 -10.84709350540721 15
-22.52422168433246 -10.84709350540721 17.5
-22.52422168433246 -10.84709350540721 20
-22.52422168433246 -10.84709350540721 22.5
-22.52422168433246 -10.84709350540721 25
-22.52422168433246 -10.84709350540721 27.5
-22.52422168433246 -10.84709350540721 30
-22.52422168433246 -10.84709350540721 32.5
-22.52422168433246 -10.84709350540721 35
-22.52422168433246 -10.84709350540721 37.5
-21.16810496014492 -13.30080194560794 2.5
-21.16810496014492 -13.30080194560794 5
-21.16810496014492 -13.30080194560794 7.5
-21.16810496014492 -13.30080194560794 10
-21.16810496014492 -13.30080194560794 12.5
-21.16810496014492 -13.30080194560794 15
-21.16810496014492 -13.30080194560794 17.5
-21.16810496014492 -13.30080194560794 20
-21.16810496014492 -13.30080194560794 22.5
-21.16810496014492 -13.30080194560794 25
-21.16810496014492 -13.30080194560794 27.5
-21.16810496014492 -13.30080194560794 30
-21.16810496014492 -13.30080194560794 32.5
-21.16810496014492 -13.30080194560794 35
-21.16810496014492 -13.30080194560794 37.5
-19.5457870323156 -15.58724508331614 2.5
-19.5457870323156 -15.58724508331614 5
-19.5457870323156 -15.58724508331614 7.5
-19.5457870323156 -15.58724508331614 10
-19.5457870323156 -15.58724508331614 12.5
-19.5457870323156 -15.58724508331614 15
-19.5457870323156 -15.58724508331614 17.5
-19.5457870323156 -15.58724508331614 20
-19.5457870323156 -15.58724508331614 22.5
-19.5457870323156 -15.58724508331614 25
-19.5457870323156 -15.58724508331614 27.5
-19.5457870323156 -15.58724508331614 30
-19.5457870323156 -15.58724508331614 32.5
-19.5457870323156 -15.58724508331614 35
-19.5457870323156 -15.58724508331614 37.5
-17.6776694885355 -17.67766957079188 2.5
-17.6776694885355 -17.67766957079188 5
-17.6776694885355 -17.67766957079188 7.5
-17.6776694885355 -17.67766957079188 10
-17.6776694885355 -17.67766957079188 12.5
-17.6776694885355 -17.67766957079188 15
-17.6776694885355 -17.67766957079188 17.5
-17.6776694885355 -17.67766957079188 20
-17.6776694885355 -17.67766957079188 22.5
-17.6776694885355 -17.67766957079188 25
-17.6776694885355 -17.67766957079188 27.5
-17.6776694885355 -17.67766957079188 30
-17.6776694885355 -17.67766957079188 32.5
-17.6776694885355 -17.67766957079188 35
-17.6776694885355 -17.67766957079188 37.5
-15.58724500699619 -19.54578709317874 2.5
-15.58724500699619 -19.54578709317874 5
-15.58724500699619 -19.54578709317874 7.5
-15.58724500699619 -19.54578709317874 10
-15.58724500699619 -19.54578709317874 12.5
-15.58724500699619 -19.54578709317874 15
-15.58724500699619 -19.54578709317874 17.5
-15.58724500699619 -19.54578709317874 20
-15.58724500699619 -19.54578709317874 22.5
-15.58724500699619 -19.54578709317874 25
-15.58724500699619 -19.54578709317874 27.5
-15.58724500699619 -19.54578709317874 30
-15.58724500699619 -19.54578709317874 32.5
-15.58724500699619 -19.54578709317874 35
-15.58724500699619 -19.54578709317874 37.5
-13.30080187601181 -21.16810500387507 2.5
-13.30080187601181 -21.16810500387507 5
-13.30080187601181 -21.16810500387507 7.5
-13.30080187601181 -21.16810500387507 10
-13.30080187601181 -21.16810500387507 12.5
-13.30080187601181 -21.16810500387507 15
-13.30080187601181 -21.16810500387507 17.5
-13.30080187601181 -21.16810500387507 20
-13.30080187601181 -21.16810500387507 22.5
-13.30080187601181 -21.16810500387507 25
-13.30080187601181 -21.16810500387507 27.5
-13.30080187601181 -21.16810500387507 30
-13.30080187601181 -21.16810500387507 32.5
-13.30080187601181 -21.16810500387507 35
-13.30080187601181 -21.16810500387507 37.5
-10.8470934444298 -22.52422171369764 2.5
-10.8470934444298 -22.52422171369764 5
-10.8470934444298 -22.52422171369764 7.5
-10.8470934444298 -22.52422171369764 10
-10.8470934444298 -22.52422171369764 12.5
-10.8470934444298 -22.52422171369764 15
-10.8470934444298 -22.52422171369764 17.5
-10.8470934444298 -22.52422171369764 20
-10.8470934444298 -22.52422171369764 22.5
-10.8470934444298 -22.52422171369764 25
-10.8470934444298 -22.52422171369764 27.5
-10.8470934444298 -22.52422171369764 30
-10.8470934444298 -22.52422171369764 32.5
-10.8470934444298 -22.52422171369764 35
-10.8470934444298 -22.52422171369764 37.5
-8.256976522373122 -23.59708326698406 2.5
-8.256976522373122 -23.59708326698406 5
-8.256976522373122 -23.59708326698406 7.5
-8.256976522373122 -23.59708326698406 10
-8.256976522373122 -23.59708326698406 12.5
-8.256976522373122 -23.59708326698406 15
-8.256976522373122 -23.59708326698406 17.5
-8.256976522373122 -23.59708326698406 20
-8.256976522373122 -23.59708326698406 22.5
-8.256976522373122 -23.59708326698406 25
-8.256976522373122 -23.59708326698406 27.5
-8.256976522373122 -23.59708326698406 30
-8.256976522373122 -23.59708326698406 32.5
-8.256976522373122 -23.59708326698406 35
-8.256976522373122 -23.59708326698406 37.5
-5.563023330259268 -24.37319780880201 2.5
-5.563023330259268 -24.37319780880201 5
-5.563023330259268 -24.37319780880201 7.5
-5.563023330259268 -24.37319780880201 10
-5.563023330259268 -24.37319780880201 12.5
-5.563023330259268 -24.37319780880201 15
-5.563023330259268 -24.37319780880201 17.5
-5.563023330259268 -24.37319780880201 20
-5.563023330259268 -24.37319780880201 22.5
-5.563023330259268 -24.37319780880201 25
-5.563023330259268 -24.37319780880201 27.5
-5.563023330259268 -24.37319780880201 30
-5.563023330259268 -24.37319780880201 32.5
-5.563023330259268 -24.37319780880201 35
-5.563023330259268 -24.37319780880201 37.5
-2.799111894029046 -24.84280524829483 2.5
-2.799111894029046 -24.84280524829483 5
-2.799111894029046 -24.84280524829483 7.5
-2.799111894029046 -24.84280524829483 10
-2.799111894029046 -24.84280524829483 12.5
-2.799111894029046 -24.84280524829483 15
-2.799111894029046 -24.84280524829483 17.5
-2.799111894029046 -24.84280524829483 20
-2.799111894029046 -24.84280524829483 22.5
-2.799111894029046 -24.84280524829483 25
-2.799111894029046 -24.84280524829483 27.5
-2.799111894029046 -24.84280524829483 30
-2.799111894029046 -24.84280524829483 32.5
-2.799111894029046 -24.84280524829483 35
-2.799111894029046 -24.84280524829483 37.5
2 25 0 195
1027
1028
1029
1030
1031
1032
1033
1034
1035
1036
1037
1038
1039
1040
1041
1042
1043
1044
1045
1046
1047
1048
1049
1050
1051
1052
1053
1054
1055
1056
1057
1058
1059
1060
1061
1062
1063
1064
1065
1066
1067
1068
1069
1070
1071
1072
1073
1074
1075
1076
1077
1078
1079
1080
1081
1082
1083
1084
1085
1086
1087
1088
1089
1090
1091
1092
1093
1094
1095
1096
1097
1098
1099
1100
1101
1102
1103
1104
1105
1106
1107
1108
1109
1110
1111
1112
1113
1114
1115
1116
1117
1118
1119
1120
1121
1122
1123
1124
1125
1126
1127
1128
1129
1130
1131
1132
1133
1134
1135
1136
1137
1138
1139
1140
1141
1142
1143
1144
1145
1146
1147
1148
1149
1150
1151
1152
1153
1154
1155
1156
1157
1158
1159
1160
1161
1162
1163
1164
1165
1166
1167
1168
1169
1170
1171
1172
1173
1174
1175
1176
1177
1178
1179
1180
1181
1182
1183
1184
1185
1186
1187
1188
1189
1190
1191
1192
1193
1194
1195
1196
1197
1198
1199
1200
1201
1202
1203
1204
1205
1206
1207
1208
1209
1210
1211
1212
1213
1214
1215
1216
1217
1218
1219
1220
1221
2.799111908379615 -24.84280524667791 2.5
2.799111908379615 -24.84280524667791 5
2.799111908379615 -24.84280524667791 7.5
2.799111908379615 -24.84280524667791 10
2.799111908379615 -24.84280524667791 12.5
2.799111908379615 -24.84280524667791 15
2.799111908379615 -24.84280524667791 17.5
2.799111908379615 -24.84280524667791 20
2.799111908379615 -24.84280524667791 22.5
2.799111908379615 -24.84280524667791 25
2.799111908379615 -24.84280524667791 27.5
2.799111908379615 -24.84280524667791 30
2.799111908379615 -24.84280524667791 32.5
2.799111908379615 -24.84280524667791 35
2.799111908379615 -24.84280524667791 37.5
5.563023361982998 -24.37319780156128 2.5
5.563023361982998 -24.37319780156128 5
5.563023361982998 -24.37319780156128 7.5
5.563023361982998 -24.37319780156128 10
5.563023361982998 -24.37319780156128 12.5
5.563023361982998 -24.37319780156128 15
5.563023361982998 -24.37319780156128 17.5
5.563023361982998 -24.37319780156128 20
5.563023361982998 -24.37319780156128 22.5
5.563023361982998 -24.37319780156128 25
5.563023361982998 -24.37319780156128 27.5
5.563023361982998 -24.37319780156128 30
5.563023361982998 -24.37319780156128 32.5
5.563023361982998 -24.37319780156128 35
5.563023361982998 -24.37319780156128 37.5
8.256976569225005 -23.59708325058988 2.5
8.256976569225005 -23.59708325058988 5
8.256976569225005 -23.59708325058988 7.5
8.256976569225005 -23.59708325058988 10
8.256976569225005 -23.59708325058988 12.5
8.256976569225005 -23.59708325058988 15
8.256976569225005 -23.59708325058988 17.5
8.256976569225005 -23.59708325058988 20
8.256976569225005 -23.59708325058988 22.5
8.256976569225005 -23.59708325058988 25
8.256976569225005 -23.59708325058988 27.5
8.256976569225005 -23.59708325058988 30
8.256976569225005 -23.59708325058988 32.5
8.256976569225005 -23.59708325058988 35
8.256976569225005 -23.59708325058988 37.5
10.84709350540721 -22.52422168433246 2.5
10.84709350540721 -22.52422168433246 5
10.84709350540721 -22.52422168433246 7.5
10.84709350540721 -22.52422168433246 10
10.84709350540721 -22.52422168433246 12.5
10.84709350540721 -22.52422168433246 15
10.84709350540721 -22.52422168433246 17.5
10.84709350540721 -22.52422168433246 20
10.84709350540721 -22.52422168433246 22.5
10.84709350540721 -22.52422168433246 25
10.84709350540721 -22.52422168433246 27.5
10.84709350540721 -22.52422168433246 30
10.84709350540721 -22.52422168433246 32.5
10.84709350540721 -22.52422168433246 35
10.84709350540721 -22.52422168433246 37.5
13.30080194560794 -21.16810496014492 2.5
13.30080194560794 -21.16810496014492 5
13.30080194560794 -21.16810496014492 7.5
13.30080194560794 -21.16810496014492 10
13.30080194560794 -21.16810496014492 12.5
13.30080194560794 -21.16810496014492 15
13.30080194560794 -21.16810496014492 17.5
13.30080194560794 -21.16810496014492 20
13.30080194560794 -21.16810496014492 22.5
13.30080194560794 -21.16810496014492 25
13.30080194560794 -21.16810496014492 27.5
13.30080194560794 -21.16810496014492 30
13.30080194560794 -21.16810496014492 32.5
13.30080194560794 -21.16810496014492 35
13.30080194560794 -21.16810496014492 37.5
15.58724508331614 -19.5457870323156 2.5
15.58724508331614 -19.5457870323156 5
15.58724508331614 -19.5457870323156 7.5
15.58724508331614 -19.5457870323156 10
15.58724508331614 -19.5457870323156 12.5
15.58724508331614 -19.5457870323156 15
15.58724508331614 -19.5457870323156 17.5
15.58724508331614 -19.5457870323156 20
15.58724508331614 -19.5457870323156 22.5
15.58724508331614 -19.5457870323156 25
15.58724508331614 -19.5457870323156 27.5
15.58724508331614 -19.5457870323156 30
15.58724508331614 -19.5457870323156 32.5
15.58724508331614 -19.5457870323156 35
15.58724508331614 -19.5457870323156 37.5
17.67766957079188 -17.6776694885355 2.5
17.67766957079188 -17.6776694885355 5
17.67766957079188 -17.6776694885355 7.5
17.67766957079188 -17.6776694885355 10
17.67766957079188 -17.6776694885355 12.5
17.67766957079188 -17.6776694885355 15
17.67766957079188 -17.6776694885355 17.5
17.67766957079188 -17.6776694885355 20
17.67766957079188 -17.6776694885355 22.5
17.67766957079188 -17.6776694885355 25
17.67766957079188 -17.6776694885355 27.5
17.67766957079188 -17.6776694885355 30
17.67766957079188 -17.6776694885355 32.5
17.67766957079188 -17.6776694885355 35
17.67766957079188 -17.6776694885355 37.5
19.54578709317874 -15.58724500699619 2.5
19.54578709317874 -15.58724500699619 5
19.54578709317874 -15.58724500699619 7.5
19.54578709317874 -15.58724500699619 10
19.54578709317874 -15.58724500699619 12.5
19.54578709317874 -15.58724500699619 15
19.54578709317874 -15.58724500699619 17.5
19.54578709317874 -15.58724500699619 20
19.54578709317874 -15.58724500699619 22.5
19.54578709317874 -15.58724500699619 25
19.54578709317874 -15.58724500699619 27.5
19.54578709317874 -15.58724500699619 30
19.54578709317874 -15.58724500699619 32.5
19.54578709317874 -15.58724500699619 35
19.54578709317874 -15.58724500699619 37.5
21.16810500387507 -13.30080187601181 2.5
21.16810500387507 -13.30080187601181 5
21.16810500387507 -13.30080187601181 7.5
21.16810500387507 -13.30080187601181 10
21.16810500387507 -13.30080187601181 12.5
21.16810500387507 -13.30080187601181 15
21.16810500387507 -13.30080187601181 17.5
21.16810500387507 -13.30080187601181 20
21.16810500387507 -13.30080187601181 22.5
21.16810500387507 -13.30080187601181 25
21.16810500387507 -13.30080187601181 27.5
21.16810500387507 -13.30080187601181 30
21.16810500387507 -13.30080187601181 32.5
21.16810500387507 -13.30080187601181 35
21.16810500387507 -13.30080187601181 37.5
22.52422171369764 -10.8470934444298 2.5
22.52422171369764 -10.8470934444298 5
22.52422171369764 -10.8470934444298 7.5
22.52422171369764 -10.8470934444298 10
22.52422171369764 -10.8470934444298 12.5
22.52422171369764 -10.8470934444298 15
22.52422171369764 -10.8470934444298 17.5
22.52422171369764 -10.8470934444298 20
22.52422171369764 -10.8470934444298 22.5
22.52422171369764 -10.8470934444298 25
22.52422171369764 -10.8470934444298 27.5
22.52422171369764 -10.8470934444298 30
22.52422171369764 -10.8470934444298 32.5
22.52422171369764 -10.8470934444298 35
22.52422171369764 -10.8470934444298 37.5
23.59708326698406 -8.256976522373122 2.5
23.59708326698406 -8.256976522373122 5
23.59708326698406 -8.256976522373122 7.5
23.59708326698406 -8.256976522373122 10
23.59708326698406 -8.256976522373122 12.5
23.59708326698406 -8.256976522373122 15
23.59708326698406 -8.256976522373122 17.5
23.59708326698406 -8.256976522373122 20
23.59708326698406 -8.256976522373122 22.5
23.59708326698406 -8.256976522373122 25
23.59708326698406 -8.256976522373122 27.5
23.59708326698406 -8.256976522373122 30
23.59708326698406 -8.256976522373122 32.5
23.59708326698406 -8.256976522373122 35
23.59708326698406 -8.256976522373122 37.5
24.37319780880201 -5.563023330259268 2.5
24.37319780880201 -5.563023330259268 5
24.37319780880201 -5.563023330259268 7.5
24.37319780880201 -5.563023330259268 10
24.37319780880201 -5.563023330259268 12.5
24.37319780880201 -5.563023330259268 15
24.37319780880201 -5.563023330259268 17.5
24.37319780880201 -5.563023330259268 20
24.37319780880201 -5.563023330259268 22.5
24.37319780880201 -5.563023330259268 25
24.37319780880201 -5.563023330259268 27.5
24.37319780880201 -5.563023330259268 30
24.37319780880201 -5.563023330259268 32.5
24.37319780880201 -5.563023330259268 35
24.37319780880201 -5.563023330259268 37.5
24.84280524829483 -2.799111894029046 2.5
24.84280524829483 -2.799111894029046 5
24.84280524829483 -2.799111894029046 7.5
24.84280524829483 -2.799111894029046 10
24.84280524829483 -2.799111894029046 12.5
24.84280524829483 -2.799111894029046 15
24.84280524829483 -2.799111894029046 17.5
24.84280524829483 -2.799111894029046 20
24.84280524829483 -2.799111894029046 22.5
24.84280524829483 -2.799111894029046 25
24.84280524829483 -2.799111894029046 27.5
24.84280524829483 -2.799111894029046 30
24.84280524829483 -2.799111894029046 32.5
24.84280524829483 -2.799111894029046 35
24.84280524829483 -2.799111894029046 37.5
2 26 0 269
1222
1223
1224
1225
1226
1227
1228
1229
1230
1231
1232
1233
1234
1235
1236
1237
1238
1239
1240
1241
1242
1243
1244
1245
1246
1247
1248
1249
1250
1251
1252
1253
1254
1255
1256
1257
1258
1259
1260
1261
1262
1263
1264
1265
1266
1267
1268
1269
1270
1271
1272
1273
1274
1275
1276
1277
1278
1279
1280
1281
1282
1283
1284
1285
1286
1287
1288
1289
1290
1291
1292
1293
1294
1295
1296
1297
1298
1299
1300
1301
1302
1303
1304
1305
1306
1307
1308
1309
1310
1311
1312
1313
1314
1315
1316
1317
1318
1319
1320
1321
1322
1323
1324
1325
1326
1327
1328
1329
1330
1331
1332
1333
1334
1335
1336
1337
1338
1339
1340
1341
1342
1343
1344
1345
1346
1347
1348
1349
1350
1351
1352
1353
1354
1355
1356
1357
1358
1359
1360
1361
1362
1363
1364
1365
1366
1367
1368
1369
1370
1371
1372
1373
1374
1375
1376
1377
1378
1379
1380
1381
1382
1383
1384
1385
1386
1387
1388
1389
1390
1391
1392
1393
1394
1395
1396
1397
1398
1399
1400
1401
1402
1403
1404
1405
1406
1407
1408
1409
1410
1411
1412
1413
1414
1415
1416
1417
1418
1419
1420
1421
1422
1423
1424
1425
1426
1427
1428
1429
1430
1431
1432
1433
1434
1435
1436
1437
1438
1439
1440
1441
1442
1443
1444
1445
1446
1447
1448
1449
1450
1451
1452
1453
1454
1455
1456
1457
1458
1459
1460
1461
1462
1463
1464
1465
1466
1467
1468
1469
1470
1471
1472
1473
1474
1475
1476
1477
1478
1479
1480
1481
1482
1483
1484
1485
1486
1487
1488
1489
1490
5.52276862761287 21.64303826834902 40
-5.35670305665498 -21.84617408558939 40
-21.89326907844217 6.7328140288402 40
21.84973317868794 -5.724353810802934 40
-19.48127115454595 -11.42746333227361 40
-9.822677317072182 19.96080136578033 40
10.92878763630649 -19.70409566212968 40
19.70635868571627 10.74386312589738 40
-14.43818121338421 -16.83200037024598 40
17.69425640475319 -15.02923812055201 40
-16.14731803690724 15.4878740772914 40
14.39914112319265 17.14880393903997 40
2.639009336961387 -22.25708750939375 40
-22.62081692146213 -1.522675959767897 40
22.19459778415864 1.728673451779235 40
-4.361911592655068 21.48835280034912 40
-10.10816491029443 -19.99086646270695 40
-19.32875866375604 11.45240014505064 40
19.7752267960744 -10.68244351229228 40
10.20811479630835 20.12036656877169 40
-21.33341248615228 -6.710229540702221 40
7.970835030183536 -21.54103491770414 40
0.2621239694228045 22.3418555920316 40
21.30925655225908 6.740828604772444 40
-0.09768280653361058 -22.41078835691624 40
-0.1635060109015588 -19.98195134011407 40
2.620006612288391 -19.71475390451254 40
-0.408398275557041 -17.60378413819409 40
2.391613977563141 -17.18745838226768 40
1.87027277119887 -14.82023678617317 40
-0.8720286112954957 -15.14448513953721 40
1.592210662645129 -12.62196204047819 40
3.449953360727884 -12.50246249179637 40
2.006700570006217 -10.40376525884692 40
-0.560878013481858 -10.02999321768667 40
0.4020133029048765 -7.511015857841039 40
2.922157036461868 -7.963892344265403 40
1.394206371823602 -4.976211304409259 40
-0.8657330934212027 -4.349054392343072 40
-0.144603301514035 -2.577990371811076 40
2.075528676549407 -1.859247751887189 40
0.3415467492555719 0.5559135514748086 40
-1.315452807360425 -1.121595110344137 40
-1.350966731641601 2.777572782285652 40
2.067043325770222 2.274459676708143 40
-2.963709049056862 0.9377221854533179 40
0.4185322354033277 4.447509429790825 40
3.826526240825205 3.680218611236396 40
2.423630704163209 5.892052189454002 40
4.674473403995647 7.011611474977523 40
5.882485067889846 4.621471115173632 40
3.431107335480071 10.12702478337247 40
0.7294892305661094 8.477419254277539 40
6.958506046001228 7.937372988916527 40
8.231662742565483 5.483593391637625 40
-4.459536474911947 -1.10208510447222 40
-6.205725269888515 1.059848052152939 40
-7.674902885568207 -1.072393816759921 40
-9.397565294424529 0.83630910545723 40
-8.118822182376633 2.994849883953959 40
-10.87455520741967 -0.987525711274417 40
-9.301524365169355 -2.986416126210783 40
-11.29851180960617 2.039710173769318 40
-10.28712169302012 4.33506166162373 40
0.8366267853564383 12.77457353328209 40
-1.202936162426932 11.15471976537628 40
-11.09968642454826 -4.580356395808575 40
-9.37062367566128 -6.939755321641506 40
4.689106238435119 12.81765883291169 40
10.61272599809446 6.510678418705703 40
12.00602920972117 4.245642414440146 40
9.522296159137628 2.496071810291544 40
-12.60806656993814 -2.432118602851754 40
13.02344309079609 2.755789836406832 40
12.2008874748807 1.158703055063623 40
-12.70948340376511 5.056375388724653 40
-11.95524065468717 7.601170443406545 40
-3.099617967279152 13.69935096184637 40
-13.09781449629073 -5.892171451914791 40
-11.35362570831754 -8.406013560308837 40
14.51828367870286 0.6990969403703662 40
13.67795533275307 -1.695950934079736 40
11.14882570261369 -1.202052127707975 40
12.60572658615988 -4.212989360232791 40
14.20228257339702 5.241698242118795 40
-7.374607895388018 -9.389896669018398 40
-9.460242220987128 -10.96693881824356 40
10.09571972114291 -3.769427731749341 40
11.50433541223345 -6.766915769569279 40
-6.823706081598431 5.303891514491084 40
13.97336552124381 -7.103540825891658 40
13.01116453028053 -9.514750044714532 40
10.56526884237882 -9.347221607847327 40
12.49910491865434 -11.76668774116493 40
16.27120039547554 -1.953077970393088 40
-14.5551293054845 7.784046855488941 40
-15.13808938524627 5.446761012581044 40
-11.50669217675553 10.27934262779542 40
-11.16284213125632 13.00406136383172 40
-1.09219124702002 15.10701110832367 40
0.7666660880153371 16.63497989584633 40
-4.411223932962239 15.5195800804953 40
-11.49578595000818 -12.50194604485077 40
-9.771975323010208 -14.75056255931642 40
-7.691880861400874 -13.57655707968576 40
10.01949453164739 -11.89901245784024 40
7.588898902198964 -3.258529751461202 40
9.223554201877459 8.902150476632396 40
11.51003610952452 9.908060221541923 40
10.49792680986129 12.22791691888399 40
9.631046447993043 -14.34159043850405 40
12.31849464269321 12.63491085288841 40
13.45197495377063 11.14565685485813 40
16.96491148323267 0.6620531071112553 40
19.28767495531012 -2.205273212629288 40
9.898704723505176 14.71569581588329 40
7.323501957603624 14.45471810708729 40
7.555798027377926 -14.30136371800437 40
6.494179720389602 -5.87825684985118 40
7.980190145347248 -9.019086270618343 40
-8.92490778461265 12.89505782119446 40
14.94994384305465 12.94819538773953 40
17.52587375958656 -5.059131775996005 40
-16.31140546950201 7.810091301423129 40
15.1914382549749 -9.83617938589207 40
-0.5984094164038283 18.13668357647792 40
-17.18331977564191 6.156421614345381 40
-16.04043798206339 2.94874133260264 40
-18.36944402587469 3.700653745584201 40
-16.86517013968471 0.2733892975181417 40
-10.63052799473919 16.1023208096547 40
-8.632160593208962 -16.31207867173713 40
-6.42587573838509 -16.4734388739557 40
-4.634815574926763 -12.12214872023905 40
2.804553300016721 18.72304562115412 40
4.457983362621569 15.97918627423197 40
-13.12993965380769 15.53029937828117 40
12.21475317050882 -14.05550559124833 40
-7.225334391593995 -18.84630802946385 40
-4.760717879123055 -18.04461801410814 40
-13.14315142675211 -14.4400821686679 40
-15.4382002884989 -12.03064932899079 40
11.71761897743029 -16.62707941484353 40
9.28619190506989 17.64975995700486 40
-2.750778445656941 -19.97336922131807 40
-16.45492937963132 -15.04418537823135 40
-11.18872755746684 -16.38986270638461 40
16.71151415258826 10.8387537915062 40
-2.980076222328333 -17.8099485927662 40
4.319064204821554 -13.91412431784375 40
5.773046758117975 -16.2731462427714 40
8.906878673643678 -16.7433231781473 40
8.246621500432733 -19.26582517366555 40
-1.025158466092574 -12.52976526124833 40
-1.965511971345138 -6.623533659155386 40
-4.078266052945471 -5.155642921438232 40
4.34399138272964 -10.8818705464467 40
-5.556364286417927 -7.323094102033473 40
3.939796198565492 -5.362876757683095 40
16.30828385985824 -7.508669816545665 40
5.007539293899354 -2.687821086228295 40
6.034514986456326 -0.1079922509899192 40
6.644615486317701 16.79923482964983 40
6.879328102885317 -12.0824370611303 40
15.13482684406996 -4.571454606871725 40
5.505551540604403 14.36628997806693 40
2.662744428967306 14.54833192095769 40
-14.31530393127639 10.237334163465 40
-14.31640864470489 13.3053298556044 40
3.815965589575524 0.7155394100810873 40
-12.00524559745975 0.3328222404487144 40
-2.718546535383489 -2.962540081247527 40
6.019629518952387 9.764781885796516 40
-13.54819811879792 2.535780373457512 40
14.29932169850889 -11.49706082249566 40
7.510992672472558 11.55579049380334 40
-1.35694032212526 6.930128522443079 40
-3.175460685702826 5.169035860425524 40
-3.317586778661326 9.514858303057034 40
-4.780961932719776 3.146361172664019 40
-5.259153630737659 7.539726771305912 40
-2.925191598486574 17.53902654266058 40
-6.324145081339897 18.26678258519271 40
12.90142992447642 7.616519940917009 40
14.74539607703555 2.974116017640491 40
17.01605650825319 6.258176727086208 40
-14.5139131297258 -3.623372378034494 40
-15.4442514079826 -6.8439860972536 40
-16.65749319124703 -4.548700070758009 40
-18.36388045903684 -7.907681169686198 40
-16.54373675992234 -9.603864611987985 40
-15.36574845685792 -2.077218027641081 40
-17.1154597217867 -2.26516458753987 40
9.018756379019168 -6.356394003486779 40
6.439269927863409 2.302474836282958 40
-13.32202427468903 -10.02087457426806 40
-5.9433918288992 -3.152864412230606 40
8.555110188940064 -0.6008809560884983 40
17.0985473868121 3.224821838525831 40
4.702355745463404 2.232206207398181 40
-14.05870078662056 -0.2868009079090625 40
14.98556240407505 9.011723661066016 40
18.62142067484356 8.818616337471122 40
-9.274149178963661 6.797606391320051 40
-5.274867491142584 12.12314319718852 40
5.435999533288189 -8.474756062510247 40
-8.054038925868262 10.06070758952989 40
-7.209718895462652 15.23434764317985 40
-7.549689252828648 -5.124943945858294 40
-3.155664098201036 -8.974255420110069 40
-3.650522921733371 -15.43327086280361 40
5.837972237036433 19.14626932041534 40
7.639877963833618 19.36985449362611 40
-19.87863140616829 0.397041385535301 40
-21.96514803197251 2.481091159126271 40
11.58506214238804 17.19152649311241 40
-8.957675561852861 18.16755328224411 40
-7.530909163521598 21.21741839403325 40
17.32539348241611 -10.31906475396053 40
-18.91090989725896 7.464685437997959 40
-14.17275337765292 17.19797408544889 40
20.48455467395729 -3.806493367424063 40
22.29974589400296 -0.8969439604318625 40
18.09466456983291 13.1048352641591 40
2.852415083991568 21.9672812635133 40
-16.54581243873955 12.27382888083123 40
-18.97167060590047 -5.506826644883562 40
14.64916259939848 -16.44690230296958 40
-12.04604517417829 18.69509311168501 40
-18.1950968517624 -13.33599007121448 40
5.406903306171341 -21.89760629301821 40
-21.96637777898045 -4.112619466741244 40
-20.43863113317948 -9.222431075044772 40
21.90693862988319 4.346120851878415 40
21.16747819296444 9.657365639560503 40
-7.756737294241668 -21.07356511572974 40
20.95592846496537 -8.154925087220969 40
18.57190443876924 -7.894588982769925 40
-1.566395062311965 22.46876109299207 40
16.27665379267378 15.20937718692008 40
12.65794052643598 14.94266407327386 40
5.488256230944176 -19.35836534076449 40
18.50792619538782 -13.12609270785732 40
-12.27293949473998 -18.58587001297426 40
19.51840624166201 0.9878700728960685 40
-20.64660130683024 9.102506006559985 40
19.65037311329454 -5.536816715056241 40
13.88847523595851 -18.54406875428919 40
-2.282806194596027 20.56131119120175 40
-17.06244579003294 9.877844475321147 40
-2.760333957496734 -22.27292787301079 40
7.91690596747222 21.09540202558804 40
-17.80701723882294 13.63378705667329 40
-20.24826112495649 5.100333831504575 40
19.32049712108008 5.455669738234832 40
22.28136972718534 -3.328424438778737 40
12.31277433095859 18.82530046514393 40
-17.26431636928315 -11.85795174894831 40
9.90466199414945 -21.29193653607518 40
-19.49119230883313 -2.940598761889228 40
-5.814170837161744 22.31218962195522 40
-0.04610410168855941 19.86691868524104 40
-22.79637548072613 5.068273374683558 40
-9.241932341642748 -17.82537717417071 40
-17.8270336769914 -10.12404956109357 40
-23.20057415801281 0.2604457928283007 40
15.39219959310157 -13.00667119425901 40
19.47692317480957 3.590210998470978 40
-5.034911470118109 -19.59618325898455 40
3 1 0 4035
1491
1492
1493
1494
1495
1496
1497
1498
1499
1500
1501
1502
1503
1504
1505
1506
1507
1508
1509
1510
1511
1512
1513
1514
1515
1516
1517
1518
1519
1520
1521
1522
1523
1524
1525
1526
1527
1528
1529
1530
1531
1532
1533
1534
1535
1536
1537
1538
1539
1540
1541
1542
1543
1544
1545
1546
1547
1548
1549
1550
1551
1552
1553
1554
1555
1556
1557
1558
1559
1560
1561
1562
1563
1564
1565
1566
1567
1568
1569
1570
1571
1572
1573
1574
1575
1576
1577
1578
1579
1580
1581
1582
1583
1584
1585
1586
1587
1588
1589
1590
1591
1592
1593
1594
1595
1596
1597
1598
1599
1600
1601
1602
1603
1604
1605
1606
1607
1608
1609
1610
1611
1612
1613
1614
1615
1616
1617
1618
1619
1620
1621
1622
1623
1624
1625
1626
1627
1628
1629
1630
1631
1632
1633
1634
1635
1636
1637
1638
1639
1640
1641
1642
1643
1644
1645
1646
1647
1648
1649
1650
1651
1652
1653
1654
1655
1656
1657
1658
1659
1660
1661
1662
1663
1664
1665
1666
1667
1668
1669
1670
1671
1672
1673
1674
1675
1676
1677
1678
1679
1680
1681
1682
1683
1684
1685
1686
1687
1688
1689
1690
1691
1692
1693
1694
1695
1696
1697
1698
1699
1700
1701
1702
1703
1704
1705
1706
1707
1708
1709
1710
1711
1712
1713
1714
1715
1716
1717
1718
1719
1720
1721
1722
1723
1724
1725
1726
1727
1728
1729
1730
1731
1732
1733
1734
1735
1736
1737
1738
1739
1740
1741
1742
1743
1744
1745
1746
1747
1748
1749
1750
1751
1752
1753
1754
1755
1756
1757
1758
1759
1760
1761
1762
1763
1764
1765
1766
1767
1768
1769
1770
1771
1772
1773
1774
1775
1776
1777
1778
1779
1780
1781
1782
1783
1784
1785
1786
1787
1788
1789
1790
1791
1792
1793
1794
1795
1796
1797
1798
1799
1800
1801
1802
1803
1804
1805
1806
1807
1808
1809
1810
1811
1812
1813
1814
1815
1816
1817
1818
1819
1820
1821
1822
1823
1824
1825
1826
1827
1828
1829
1830
1831
1832
1833
1834
1835
1836
1837
1838
1839
1840
1841
1842
1843
1844
1845
1846
1847
1848
1849
1850
1851
1852
1853
1854
1855
1856
1857
1858
1859
1860
1861
1862
1863
1864
1865
1866
1867
1868
1869
1870
1871
1872
1873
1874
1875
1876
1877
1878
1879
1880
1881
1882
1883
1884
1885
1886
1887
1888
1889
1890
1891
1892
1893
1894
1895
1896
1897
1898
1899
1900
1901
1902
1903
1904
1905
1906
1907
1908
1909
1910
1911
1912
1913
1914
1915
1916
1917
1918
1919
1920
1921
1922
1923
1924
1925
1926
1927
1928
1929
1930
1931
1932
1933
1934
1935
1936
1937
1938
1939
1940
1941
1942
1943
1944
1945
1946
1947
1948
1949
1950
1951
1952
1953
1954
1955
1956
1957
1958
1959
1960
1961
1962
1963
1964
1965
1966
1967
1968
1969
1970
1971
1972
1973
1974
1975
1976
1977
1978
1979
1980
1981
1982
1983
1984
1985
1986
1987
1988
1989
1990
1991
1992
1993
1994
1995
1996
1997
1998
1999
2000
2001
2002
2003
2004
2005
2006
2007
2008
2009
2010
2011
2012
2013
2014
2015
2016
2017
2018
2019
2020
2021
2022
2023
2024
2025
2026
2027
2028
2029
2030
2031
2032
2033
2034
2035
2036
2037
2038
2039
2040
2041
2042
2043
2044
2045
2046
2047
2048
2049
2050
2051
2052
2053
2054
2055
2056
2057
2058
2059
2060
2061
2062
2063
2064
2065
2066
2067
2068
2069
2070
2071
2072
2073
2074
2075
2076
2077
2078
2079
2080
2081
2082
2083
2084
2085
2086
2087
2088
2089
2090
2091
2092
2093
2094
2095
2096
2097
2098
2099
2100
2101
2102
2103
2104
2105
2106
2107
2108
2109
2110
2111
2112
2113
2114
2115
2116
2117
2118
2119
2120
2121
2122
2123
2124
2125
2126
2127
2128
2129
2130
2131
2132
2133
2134
2135
2136
2137
2138
2139
2140
2141
2142
2143
2144
2145
2146
2147
2148
2149
2150
2151
2152
2153
2154
2155
2156
2157
2158
2159
2160
2161
2162
2163
2164
2165
2166
2167
2168
2169
2170
2171
2172
2173
2174
2175
2176
2177
2178
2179
2180
2181
2182
2183
2184
2185
2186
2187
2188
2189
2190
2191
2192
2193
2194
2195
2196
2197
2198
2199
2200
2201
2202
2203
2204
2205
2206
2207
2208
2209
2210
2211
2212
2213
2214
2215
2216
2217
2218
2219
2220
2221
2222
2223
2224
2225
2226
2227
2228
2229
2230
2231
2232
2233
2234
2235
2236
2237
2238
2239
2240
2241
2242
2243
2244
2245
2246
2247
2248
2249
2250
2251
2252
2253
2254
2255
2256
2257
2258
2259
2260
2261
2262
2263
2264
2265
2266
2267
2268
2269
2270
2271
2272
2273
2274
2275
2276
2277
2278
2279
2280
2281
2282
2283
2284
2285
2286
2287
2288
2289
2290
2291
2292
2293
2294
2295
2296
2297
2298
2299
2300
2301
2302
2303
2304
2305
2306
2307
2308
2309
2310
2311
2312
2313
2314
2315
2316
2317
2318
2319
2320
2321
2322
2323
2324
2325
2326
2327
2328
2329
2330
2331
2332
2333
2334
2335
2336
2337
2338
2339
2340
2341
2342
2343
2344
2345
2346
2347
2348
2349
2350
2351
2352
2353
2354
2355
2356
2357
2358
2359
2360
2361
2362
2363
2364
2365
2366
2367
2368
2369
2370
2371
2372
2373
2374
2375
2376
2377
2378
2379
2380
2381
2382
2383
2384
2385
2386
2387
2388
2389
2390
2391
2392
2393
2394
2395
2396
2397
2398
2399
2400
2401
2402
2403
2404
2405
2406
2407
2408
2409
2410
2411
2412
2413
2414
2415
2416
2417
2418
2419
2420
2421
2422
2423
2424
2425
2426
2427
2428
2429
2430
2431
2432
2433
2434
2435
2436
2437
2438
2439
2440
2441
2442
2443
2444
2445
2446
2447
2448
2449
2450
2451
2452
2453
2454
2455
2456
2457
2458
2459
2460
2461
2462
2463
2464
2465
2466
2467
2468
2469
2470
2471
2472
2473
2474
2475
2476
2477
2478
2479
2480
2481
2482
2483
2484
2485
2486
2487
2488
2489
2490
2491
2492
2493
2494
2495
2496
2497
2498
2499
2500
2501
2502
2503
2504
2505
2506
2507
2508
2509
2510
2511
2512
2513
2514
2515
2516
2517
2518
2519
2520
2521
2522
2523
2524
2525
2526
2527
2528
2529
2530
2531
2532
2533
2534
2535
2536
2537
2538
2539
2540
2541
2542
2543
2544
2545
2546
2547
2548
2549
2550
2551
2552
2553
2554
2555
2556
2557
2558
2559
2560
2561
2562
2563
2564
2565
2566
2567
2568
2569
2570
2571
2572
2573
2574
2575
2576
2577
2578
2579
2580
2581
2582
2583
2584
2585
2586
2587
2588
2589
2590
2591
2592
2593
2594
2595
2596
2597
2598
2599
2600
2601
2602
2603
2604
2605
2606
2607
2608
2609
2610
2611
2612
2613
2614
2615
2616
2617
2618
2619
2620
2621
2622
2623
2624
2625
2626
2627
2628
2629
2630
2631
2632
2633
2634
2635
2636
2637
2638
2639
2640
2641
2642
2643
2644
2645
2646
2647
2648
2649
2650
2651
2652
2653
2654
2655
2656
2657
2658
2659
2660
2661
2662
2663
2664
2665
2666
2667
2668
2669
2670
2671
2672
2673
2674
2675
2676
2677
2678
2679
2680
2681
2682
2683
2684
2685
2686
2687
2688
2689
2690
2691
2692
2693
2694
2695
2696
2697
2698
2699
2700
2701
2702
2703
2704
2705
2706
2707
2708
2709
2710
2711
2712
2713
2714
2715
2716
2717
2718
2719
2720
2721
2722
2723
2724
2725
2726
2727
2728
2729
2730
2731
2732
2733
2734
2735
2736
2737
2738
2739
2740
2741
2742
2743
2744
2745
2746
2747
2748
2749
2750
2751
2752
2753
2754
2755
2756
2757
2758
2759
2760
2761
2762
2763
2764
2765
2766
2767
2768
2769
2770
2771
2772
2773
2774
2775
2776
2777
2778
2779
2780
2781
2782
2783
2784
2785
2786
2787
2788
2789
2790
2791
2792
2793
2794
2795
2796
2797
2798
2799
2800
2801
2802
2803
2804
2805
2806
2807
2808
2809
2810
2811
2812
2813
2814
2815
2816
2817
2818
2819
2820
2821
2822
2823
2824
2825
2826
2827
2828
2829
2830
2831
2832
2833
2834
2835
2836
2837
2838
2839
2840
2841
2842
2843
2844
2845
2846
2847
2848
2849
2850
2851
2852
2853
2854
2855
2856
2857
2858
2859
2860
2861
2862
2863
2864
2865
2866
2867
2868
2869
2870
2871
2872
2873
2874
2875
2876
2877
2878
2879
2880
2881
2882
2883
2884
2885
2886
2887
2888
2889
2890
2891
2892
2893
2894
2895
2896
2897
2898
2899
2900
2901
2902
2903
2904
2905
2906
2907
2908
2909
2910
2911
2912
2913
2914
2915
2916
2917
2918
2919
2920
2921
2922
2923
2924
2925
2926
2927
2928
2929
2930
2931
2932
2933
2934
2935
2936
2937
2938
2939
2940
2941
2942
2943
2944
2945
2946
2947
2948
2949
2950
2951
2952
2953
2954
2955
2956
2957
2958
2959
2960
2961
2962
2963
2964
2965
2966
2967
2968
2969
2970
2971
2972
2973
2974
2975
2976
2977
2978
2979
2980
2981
2982
2983
2984
2985
2986
2987
2988
2989
2990
2991
2992
2993
2994
2995
2996
2997
2998
2999
3000
3001
3002
3003
3004
3005
3006
3007
3008
3009
3010
3011
3012
3013
3014
3015
3016
3017
3018
3019
3020
3021
3022
3023
3024
3025
3026
3027
3028
3029
3030
3031
3032
3033
3034
3035
3036
3037
3038
3039
3040
3041
3042
3043
3044
3045
3046
3047
3048
3049
3050
3051
3052
3053
3054
3055
3056
3057
3058
3059
3060
3061
3062
3063
3064
3065
3066
3067
3068
3069
3070
3071
3072
3073
3074
3075
3076
3077
3078
3079
3080
3081
3082
3083
3084
3085
3086
3087
3088
3089
3090
3091
3092
3093
3094
3095
3096
3097
3098
3099
3100
3101
3102
3103
3104
3105
3106
3107
3108
3109
3110
3111
3112
3113
3114
3115
3116
3117
3118
3119
3120
3121
3122
3123
3124
3125
3126
3127
3128
3129
3130
3131
3132
3133
3134
3135
3136
3137
3138
3139
3140
3141
3142
3143
3144
3145
3146
3147
3148
3149
3150
3151
3152
3153
3154
3155
3156
3157
3158
3159
3160
3161
3162
3163
3164
3165
3166
3167
3168
3169
3170
3171
3172
3173
3174
3175
3176
3177
3178
3179
3180
3181
3182
3183
3184
3185
3186
3187
3188
3189
3190
3191
3192
3193
3194
3195
3196
3197
3198
3199
3200
3201
3202
3203
3204
3205
3206
3207
3208
3209
3210
3211
3212
3213
3214
3215
3216
3217
3218
3219
3220
3221
3222
3223
3224
3225
3226
3227
3228
3229
3230
3231
3232
3233
3234
3235
3236
3237
3238
3239
3240
3241
3242
3243
3244
3245
3246
3247
3248
3249
3250
3251
3252
3253
3254
3255
3256
3257
3258
3259
3260
3261
3262
3263
3264
3265
3266
3267
3268
3269
3270
3271
3272
3273
3274
3275
3276
3277
3278
3279
3280
3281
3282
3283
3284
3285
3286
3287
3288
3289
3290
3291
3292
3293
3294
3295
3296
3297
3298
3299
3300
3301
3302
3303
3304
3305
3306
3307
3308
3309
3310
3311
3312
3313
3314
3315
3316
3317
3318
3319
3320
3321
3322
3323
3324
3325
3326
3327
3328
3329
3330
3331
3332
3333
3334
3335
3336
3337
3338
3339
3340
3341
3342
3343
3344
3345
3346
3347
3348
3349
3350
3351
3352
3353
3354
3355
3356
3357
3358
3359
3360
3361
3362
3363
3364
3365
3366
3367
3368
3369
3370
3371
3372
3373
3374
3375
3376
3377
3378
3379
3380
3381
3382
3383
3384
3385
3386
3387
3388
3389
3390
3391
3392
3393
3394
3395
3396
3397
3398
3399
3400
3401
3402
3403
3404
3405
3406
3407
3408
3409
3410
3411
3412
3413
3414
3415
3416
3417
3418
3419
3420
3421
3422
3423
3424
3425
3426
3427
3428
3429
3430
3431
3432
3433
3434
3435
3436
3437
3438
3439
3440
3441
3442
3443
3444
3445
3446
3447
3448
3449
3450
3451
3452
3453
3454
3455
3456
3457
3458
3459
3460
3461
3462
3463
3464
3465
3466
3467
3468
3469
3470
3471
3472
3473
3474
3475
3476
3477
3478
3479
3480
3481
3482
3483
3484
3485
3486
3487
3488
3489
3490
3491
3492
3493
3494
3495
3496
3497
3498
3499
3500
3501
3502
3503
3504
3505
3506
3507
3508
3509
3510
3511
3512
3513
3514
3515
3516
3517
3518
3519
3520
3521
3522
3523
3524
3525
3526
3527
3528
3529
3530
3531
3532
3533
3534
3535
3536
3537
3538
3539
3540
3541
3542
3543
3544
3545
3546
3547
3548
3549
3550
3551
3552
3553
3554
3555
3556
3557
3558
3559
3560
3561
3562
3563
3564
3565
3566
3567
3568
3569
3570
3571
3572
3573
3574
3575
3576
3577
3578
3579
3580
3581
3582
3583
3584
3585
3586
3587
3588
3589
3590
3591
3592
3593
3594
3595
3596
3597
3598
3599
3600
3601
3602
3603
3604
3605
3606
3607
3608
3609
3610
3611
3612
3613
3614
3615
3616
3617
3618
3619
3620
3621
3622
3623
3624
3625
3626
3627
3628
3629
3630
3631
3632
3633
3634
3635
3636
3637
3638
3639
3640
3641
3642
3643
3644
3645
3646
3647
3648
3649
3650
3651
3652
3653
3654
3655
3656
3657
3658
3659
3660
3661
3662
3663
3664
3665
3666
3667
3668
3669
3670
3671
3672
3673
3674
3675
3676
3677
3678
3679
3680
3681
3682
3683
3684
3685
3686
3687
3688
3689
3690
3691
3692
3693
3694
3695
3696
3697
3698
3699
3700
3701
3702
3703
3704
3705
3706
3707
3708
3709
3710
3711
3712
3713
3714
3715
3716
3717
3718
3719
3720
3721
3722
3723
3724
3725
3726
3727
3728
3729
3730
3731
3732
3733
3734
3735
3736
3737
3738
3739
3740
3741
3742
3743
3744
3745
3746
3747
3748
3749
3750
3751
3752
3753
3754
3755
3756
3757
3758
3759
3760
3761
3762
3763
3764
3765
3766
3767
3768
3769
3770
3771
3772
3773
3774
3775
3776
3777
3778
3779
3780
3781
3782
3783
3784
3785
3786
3787
3788
3789
3790
3791
3792
3793
3794
3795
3796
3797
3798
3799
3800
3801
3802
3803
3804
3805
3806
3807
3808
3809
3810
3811
3812
3813
3814
3815
3816
3817
3818
3819
3820
3821
3822
3823
3824
3825
3826
3827
3828
3829
3830
3831
3832
3833
3834
3835
3836
3837
3838
3839
3840
3841
3842
3843
3844
3845
3846
3847
3848
3849
3850
3851
3852
3853
3854
3855
3856
3857
3858
3859
3860
3861
3862
3863
3864
3865
3866
3867
3868
3869
3870
3871
3872
3873
3874
3875
3876
3877
3878
3879
3880
3881
3882
3883
3884
3885
3886
3887
3888
3889
3890
3891
3892
3893
3894
3895
3896
3897
3898
3899
3900
3901
3902
3903
3904
3905
3906
3907
3908
3909
3910
3911
3912
3913
3914
3915
3916
3917
3918
3919
3920
3921
3922
3923
3924
3925
3926
3927
3928
3929
3930
3931
3932
3933
3934
3935
3936
3937
3938
3939
3940
3941
3942
3943
3944
3945
3946
3947
3948
3949
3950
3951
3952
3953
3954
3955
3956
3957
3958
3959
3960
3961
3962
3963
3964
3965
3966
3967
3968
3969
3970
3971
3972
3973
3974
3975
3976
3977
3978
3979
3980
3981
3982
3983
3984
3985
3986
3987
3988
3989
3990
3991
3992
3993
3994
3995
3996
3997
3998
3999
4000
4001
4002
4003
4004
4005
4006
4007
4008
4009
4010
4011
4012
4013
4014
4015
4016
4017
4018
4019
4020
4021
4022
4023
4024
4025
4026
4027
4028
4029
4030
4031
4032
4033
4034
4035
4036
4037
4038
4039
4040
4041
4042
4043
4044
4045
4046
4047
4048
4049
4050
4051
4052
4053
4054
4055
4056
4057
4058
4059
4060
4061
4062
4063
4064
4065
4066
4067
4068
4069
4070
4071
4072
4073
4074
4075
4076
4077
4078
4079
4080
4081
4082
4083
4084
4085
4086
4087
4088
4089
4090
4091
4092
4093
4094
4095
4096
4097
4098
4099
4100
4101
4102
4103
4104
4105
4106
4107
4108
4109
4110
4111
4112
4113
4114
4115
4116
4117
4118
4119
4120
4121
4122
4123
4124
4125
4126
4127
4128
4129
4130
4131
4132
4133
4134
4135
4136
4137
4138
4139
4140
4141
4142
4143
4144
4145
4146
4147
4148
4149
4150
4151
4152
4153
4154
4155
4156
4157
4158
4159
4160
4161
4162
4163
4164
4165
4166
4167
4168
4169
4170
4171
4172
4173
4174
4175
4176
4177
4178
4179
4180
4181
4182
4183
4184
4185
4186
4187
4188
4189
4190
4191
4192
4193
4194
4195
4196
4197
4198
4199
4200
4201
4202
4203
4204
4205
4206
4207
4208
4209
4210
4211
4212
4213
4214
4215
4216
4217
4218
4219
4220
4221
4222
4223
4224
4225
4226
4227
4228
4229
4230
4231
4232
4233
4234
4235
4236
4237
4238
4239
4240
4241
4242
4243
4244
4245
4246
4247
4248
4249
4250
4251
4252
4253
4254
4255
4256
4257
4258
4259
4260
4261
4262
4263
4264
4265
4266
4267
4268
4269
4270
4271
4272
4273
4274
4275
4276
4277
4278
4279
4280
4281
4282
4283
4284
4285
4286
4287
4288
4289
4290
4291
4292
4293
4294
4295
4296
4297
4298
4299
4300
4301
4302
4303
4304
4305
4306
4307
4308
4309
4310
4311
4312
4313
4314
4315
4316
4317
4318
4319
4320
4321
4322
4323
4324
4325
4326
4327
4328
4329
4330
4331
4332
4333
4334
4335
4336
4337
4338
4339
4340
4341
4342
4343
4344
4345
4346
4347
4348
4349
4350
4351
4352
4353
4354
4355
4356
4357
4358
4359
4360
4361
4362
4363
4364
4365
4366
4367
4368
4369
4370
4371
4372
4373
4374
4375
4376
4377
4378
4379
4380
4381
4382
4383
4384
4385
4386
4387
4388
4389
4390
4391
4392
4393
4394
4395
4396
4397
4398
4399
4400
4401
4402
4403
4404
4405
4406
4407
4408
4409
4410
4411
4412
4413
4414
4415
4416
4417
4418
4419
4420
4421
4422
4423
4424
4425
4426
4427
4428
4429
4430
4431
4432
4433
4434
4435
4436
4437
4438
4439
4440
4441
4442
4443
4444
4445
4446
4447
4448
4449
4450
4451
4452
4453
4454
4455
4456
4457
4458
4459
4460
4461
4462
4463
4464
4465
4466
4467
4468
4469
4470
4471
4472
4473
4474
4475
4476
4477
4478
4479
4480
4481
4482
4483
4484
4485
4486
4487
4488
4489
4490
4491
4492
4493
4494
4495
4496
4497
4498
4499
4500
4501
4502
4503
4504
4505
4506
4507
4508
4509
4510
4511
4512
4513
4514
4515
4516
4517
4518
4519
4520
4521
4522
4523
4524
4525
4526
4527
4528
4529
4530
4531
4532
4533
4534
4535
4536
4537
4538
4539
4540
4541
4542
4543
4544
4545
4546
4547
4548
4549
4550
4551
4552
4553
4554
4555
4556
4557
4558
4559
4560
4561
4562
4563
4564
4565
4566
4567
4568
4569
4570
4571
4572
4573
4574
4575
4576
4577
4578
4579
4580
4581
4582
4583
4584
4585
4586
4587
4588
4589
4590
4591
4592
4593
4594
4595
4596
4597
4598
4599
4600
4601
4602
4603
4604
4605
4606
4607
4608
4609
4610
4611
4612
4613
4614
4615
4616
4617
4618
4619
4620
4621
4622
4623
4624
4625
4626
4627
4628
4629
4630
4631
4632
4633
4634
4635
4636
4637
4638
4639
4640
4641
4642
4643
4644
4645
4646
4647
4648
4649
4650
4651
4652
4653
4654
4655
4656
4657
4658
4659
4660
4661
4662
4663
4664
4665
4666
4667
4668
4669
4670
4671
4672
4673
4674
4675
4676
4677
4678
4679
4680
4681
4682
4683
4684
4685
4686
4687
4688
4689
4690
4691
4692
4693
4694
4695
4696
4697
4698
4699
4700
4701
4702
4703
4704
4705
4706
4707
4708
4709
4710
4711
4712
4713
4714
4715
4716
4717
4718
4719
4720
4721
4722
4723
4724
4725
4726
4727
4728
4729
4730
4731
4732
4733
4734
4735
4736
4737
4738
4739
4740
4741
4742
4743
4744
4745
4746
4747
4748
4749
4750
4751
4752
4753
4754
4755
4756
4757
4758
4759
4760
4761
4762
4763
4764
4765
4766
4767
4768
4769
4770
4771
4772
4773
4774
4775
4776
4777
4778
4779
4780
4781
4782
4783
4784
4785
4786
4787
4788
4789
4790
4791
4792
4793
4794
4795
4796
4797
4798
4799
4800
4801
4802
4803
4804
4805
4806
4807
4808
4809
4810
4811
4812
4813
4814
4815
4816
4817
4818
4819
4820
4821
4822
4823
4824
4825
4826
4827
4828
4829
4830
4831
4832
4833
4834
4835
4836
4837
4838
4839
4840
4841
4842
4843
4844
4845
4846
4847
4848
4849
4850
4851
4852
4853
4854
4855
4856
4857
4858
4859
4860
4861
4862
4863
4864
4865
4866
4867
4868
4869
4870
4871
4872
4873
4874
4875
4876
4877
4878
4879
4880
4881
4882
4883
4884
4885
4886
4887
4888
4889
4890
4891
4892
4893
4894
4895
4896
4897
4898
4899
4900
4901
4902
4903
4904
4905
4906
4907
4908
4909
4910
4911
4912
4913
4914
4915
4916
4917
4918
4919
4920
4921
4922
4923
4924
4925
4926
4927
4928
4929
4930
4931
4932
4933
4934
4935
4936
4937
4938
4939
4940
4941
4942
4943
4944
4945
4946
4947
4948
4949
4950
4951
4952
4953
4954
4955
4956
4957
4958
4959
4960
4961
4962
4963
4964
4965
4966
4967
4968
4969
4970
4971
4972
4973
4974
4975
4976
4977
4978
4979
4980
4981
4982
4983
4984
4985
4986
4987
4988
4989
4990
4991
4992
4993
4994
4995
4996
4997
4998
4999
5000
5001
5002
5003
5004
5005
5006
5007
5008
5009
5010
5011
5012
5013
5014
5015
5016
5017
5018
5019
5020
5021
5022
5023
5024
5025
5026
5027
5028
5029
5030
5031
5032
5033
5034
5035
5036
5037
5038
5039
5040
5041
5042
5043
5044
5045
5046
5047
5048
5049
5050
5051
5052
5053
5054
5055
5056
5057
5058
5059
5060
5061
5062
5063
5064
5065
5066
5067
5068
5069
5070
5071
5072
5073
5074
5075
5076
5077
5078
5079
5080
5081
5082
5083
5084
5085
5086
5087
5088
5089
5090
5091
5092
5093
5094
5095
5096
5097
5098
5099
5100
5101
5102
5103
5104
5105
5106
5107
5108
5109
5110
5111
5112
5113
5114
5115
5116
5117
5118
5119
5120
5121
5122
5123
5124
5125
5126
5127
5128
5129
5130
5131
5132
5133
5134
5135
5136
5137
5138
5139
5140
5141
5142
5143
5144
5145
5146
5147
5148
5149
5150
5151
5152
5153
5154
5155
5156
5157
5158
5159
5160
5161
5162
5163
5164
5165
5166
5167
5168
5169
5170
5171
5172
5173
5174
5175
5176
5177
5178
5179
5180
5181
5182
5183
5184
5185
5186
5187
5188
5189
5190
5191
5192
5193
5194
5195
5196
5197
5198
5199
5200
5201
5202
5203
5204
5205
5206
5207
5208
5209
5210
5211
5212
5213
5214
5215
5216
5217
5218
5219
5220
5221
5222
5223
5224
5225
5226
5227
5228
5229
5230
5231
5232
5233
5234
5235
5236
5237
5238
5239
5240
5241
5242
5243
5244
5245
5246
5247
5248
5249
5250
5251
5252
5253
5254
5255
5256
5257
5258
5259
5260
5261
5262
5263
5264
5265
5266
5267
5268
5269
5270
5271
5272
5273
5274
5275
5276
5277
5278
5279
5280
5281
5282
5283
5284
5285
5286
5287
5288
5289
5290
5291
5292
5293
5294
5295
5296
5297
5298
5299
5300
5301
5302
5303
5304
5305
5306
5307
5308
5309
5310
5311
5312
5313
5314
5315
5316
5317
5318
5319
5320
5321
5322
5323
5324
5325
5326
5327
5328
5329
5330
5331
5332
5333
5334
5335
5336
5337
5338
5339
5340
5341
5342
5343
5344
5345
5346
5347
5348
5349
5350
5351
5352
5353
5354
5355
5356
5357
5358
5359
5360
5361
5362
5363
5364
5365
5366
5367
5368
5369
5370
5371
5372
5373
5374
5375
5376
5377
5378
5379
5380
5381
5382
5383
5384
5385
5386
5387
5388
5389
5390
5391
5392
5393
5394
5395
5396
5397
5398
5399
5400
5401
5402
5403
5404
5405
5406
5407
5408
5409
5410
5411
5412
5413
5414
5415
5416
5417
5418
5419
5420
5421
5422
5423
5424
5425
5426
5427
5428
5429
5430
5431
5432
5433
5434
5435
5436
5437
5438
5439
5440
5441
5442
5443
5444
5445
5446
5447
5448
5449
5450
5451
5452
5453
5454
5455
5456
5457
5458
5459
5460
5461
5462
5463
5464
5465
5466
5467
5468
5469
5470
5471
5472
5473
5474
5475
5476
5477
5478
5479
5480
5481
5482
5483
5484
5485
5486
5487
5488
5489
5490
5491
5492
5493
5494
5495
5496
5497
5498
5499
5500
5501
5502
5503
5504
5505
5506
5507
5508
5509
5510
5511
5512
5513
5514
5515
5516
5517
5518
5519
5520
5521
5522
5523
5524
5525
5.52276862761287 21.64303826834902 2.5
5.52276862761287 21.64303826834902 5
5.52276862761287 21.64303826834902 7.5
5.52276862761287 21.64303826834902 10
5.52276862761287 21.64303826834902 12.5
5.52276862761287 21.64303826834902 15
5.52276862761287 21.64303826834902 17.5
5.52276862761287 21.64303826834902 20
5.52276862761287 21.64303826834902 22.5
5.52276862761287 21.64303826834902 25
5.52276862761287 21.64303826834902 27.5
5.52276862761287 21.64303826834902 30
5.52276862761287 21.64303826834902 32.5
5.52276862761287 21.64303826834902 35
5.52276862761287 21.64303826834902 37.5
-5.35670305665498 -21.84617408558939 2.5
-5.35670305665498 -21.84617408558939 5
-5.35670305665498 -21.84617408558939 7.5
-5.35670305665498 -21.84617408558939 10
-5.35670305665498 -21.84617408558939 12.5
-5.35670305665498 -21.84617408558939 15
-5.35670305665498 -21.84617408558939 17.5
-5.35670305665498 -21.84617408558939 20
-5.35670305665498 -21.84617408558939 22.5
-5.35670305665498 -21.84617408558939 25
-5.35670305665498 -21.84617408558939 27.5
-5.35670305665498 -21.84617408558939 30
-5.35670305665498 -21.84617408558939 32.5
-5.35670305665498 -21.84617408558939 35
-5.35670305665498 -21.84617408558939 37.5
-21.89326907844217 6.7328140288402 2.5
-21.89326907844217 6.7328140288402 5
-21.89326907844217 6.7328140288402 7.5
-21.89326907844217 6.7328140288402 10
-21.89326907844217 6.7328140288402 12.5
-21.89326907844217 6.7328140288402 15
-21.89326907844217 6.7328140288402 17.5
-21.89326907844217 6.7328140288402 20
-21.89326907844217 6.7328140288402 22.5
-21.89326907844217 6.7328140288402 25
-21.89326907844217 6.7328140288402 27.5
-21.89326907844217 6.7328140288402 30
-21.89326907844217 6.7328140288402 32.5
-21.89326907844217 6.7328140288402 35
-21.89326907844217 6.7328140288402 37.5
21.84973317868794 -5.724353810802934 2.5
21.84973317868794 -5.724353810802934 5
21.84973317868794 -5.724353810802934 7.5
21.84973317868794 -5.724353810802934 10
21.84973317868794 -5.724353810802934 12.5
21.84973317868794 -5.724353810802934 15
21.84973317868794 -5.724353810802934 17.5
21.84973317868794 -5.724353810802934 20
21.84973317868794 -5.724353810802934 22.5
21.84973317868794 -5.724353810802934 25
21.84973317868794 -5.724353810802934 27.5
21.84973317868794 -5.724353810802934 30
21.84973317868794 -5.724353810802934 32.5
21.84973317868794 -5.724353810802934 35
21.84973317868794 -5.724353810802934 37.5
-19.48127115454595 -11.42746333227361 2.5
-19.48127115454595 -11.42746333227361 5
-19.48127115454595 -11.42746333227361 7.5
-19.48127115454595 -11.42746333227361 10
-19.48127115454595 -11.42746333227361 12.5
-19.48127115454595 -11.42746333227361 15
-19.48127115454595 -11.42746333227361 17.5
-19.48127115454595 -11.42746333227361 20
-19.48127115454595 -11.42746333227361 22.5
-19.48127115454595 -11.42746333227361 25
-19.48127115454595 -11.42746333227361 27.5
-19.48127115454595 -11.42746333227361 30
-19.48127115454595 -11.42746333227361 32.5
-19.48127115454595 -11.42746333227361 35
-19.48127115454595 -11.42746333227361 37.5
-9.822677317072182 19.96080136578033 2.5
-9.822677317072182 19.96080136578033 5
-9.822677317072182 19.96080136578033 7.5
-9.822677317072182 19.96080136578033 10
-9.822677317072182 19.96080136578033 12.5
-9.822677317072182 19.96080136578033 15
-9.822677317072182 19.96080136578033 17.5
-9.822677317072182 19.96080136578033 20
-9.822677317072182 19.96080136578033 22.5
-9.822677317072182 19.96080136578033 25
-9.822677317072182 19.96080136578033 27.5
-9.822677317072182 19.96080136578033 30
-9.822677317072182 19.96080136578033 32.5
-9.822677317072182 19.96080136578033 35
-9.822677317072182 19.96080136578033 37.5
10.92878763630649 -19.70409566212968 2.5
10.92878763630649 -19.70409566212968 5
10.92878763630649 -19.70409566212968 7.5
10.92878763630649 -19.70409566212968 10
10.92878763630649 -19.70409566212968 12.5
10.92878763630649 -19.70409566212968 15
10.92878763630649 -19.70409566212968 17.5
10.92878763630649 -19.70409566212968 20
10.92878763630649 -19.70409566212968 22.5
10.92878763630649 -19.70409566212968 25
10.92878763630649 -19.70409566212968 27.5
10.92878763630649 -19.70409566212968 30
10.92878763630649 -19.70409566212968 32.5
10.92878763630649 -19.70409566212968 35
10.92878763630649 -19.70409566212968 37.5
19.70635868571627 10.74386312589738 2.5
19.70635868571627 10.74386312589738 5
19.70635868571627 10.74386312589738 7.5
19.70635868571627 10.74386312589738 10
19.70635868571627 10.74386312589738 12.5
19.70635868571627 10.74386312589738 15
19.70635868571627 10.74386312589738 17.5
19.70635868571627 10.74386312589738 20
19.70635868571627 10.74386312589738 22.5
19.70635868571627 10.74386312589738 25
19.70635868571627 10.74386312589738 27.5
19.70635868571627 10.74386312589738 30
19.70635868571627 10.74386312589738 32.5
19.70635868571627 10.74386312589738 35
19.70635868571627 10.74386312589738 37.5
-14.43818121338421 -16.83200037024598 2.5
-14.43818121338421 -16.83200037024598 5
-14.43818121338421 -16.83200037024598 7.5
-14.43818121338421 -16.83200037024598 10
-14.43818121338421 -16.83200037024598 12.5
-14.43818121338421 -16.83200037024598 15
-14.43818121338421 -16.83200037024598 17.5
-14.43818121338421 -16.83200037024598 20
-14.43818121338421 -16.83200037024598 22.5
-14.43818121338421 -16.83200037024598 25
-14.43818121338421 -16.83200037024598 27.5
-14.43818121338421 -16.83200037024598 30
-14.43818121338421 -16.83200037024598 32.5
-14.43818121338421 -16.83200037024598 35
-14.43818121338421 -16.83200037024598 37.5
17.69425640475319 -15.02923812055201 2.5
17.69425640475319 -15.02923812055201 5
17.69425640475319 -15.02923812055201 7.5
17.69425640475319 -15.02923812055201 10
17.69425640475319 -15.02923812055201 12.5
17.69425640475319 -15.02923812055201 15
17.69425640475319 -15.02923812055201 17.5
17.69425640475319 -15.02923812055201 20
17.69425640475319 -15.02923812055201 22.5
17.69425640475319 -15.02923812055201 25
17.69425640475319 -15.02923812055201 27.5
17.69425640475319 -15.02923812055201 30
17.69425640475319 -15.02923812055201 32.5
17.69425640475319 -15.02923812055201 35
17.69425640475319 -15.02923812055201 37.5
-16.14731803690724 15.4878740772914 2.5
-16.14731803690724 15.4878740772914 5
-16.14731803690724 15.4878740772914 7.5
-16.14731803690724 15.4878740772914 10
-16.14731803690724 15.4878740772914 12.5
-16.14731803690724 15.4878740772914 15
-16.14731803690724 15.4878740772914 17.5
-16.14731803690724 15.4878740772914 20
-16.14731803690724 15.4878740772914 22.5
-16.14731803690724 15.4878740772914 25
-16.14731803690724 15.4878740772914 27.5
-16.14731803690724 15.4878740772914 30
-16.14731803690724 15.4878740772914 32.5
-16.14731803690724 15.4878740772914 35
-16.14731803690724 15.4878740772914 37.5
14.39914112319265 17.14880393903997 2.5
14.39914112319265 17.14880393903997 5
14.39914112319265 17.14880393903997 7.5
14.39914112319265 17.14880393903997 10
14.39914112319265 17.14880393903997 12.5
14.39914112319265 17.14880393903997 15
14.39914112319265 17.14880393903997 17.5
14.39914112319265 17.14880393903997 20
14.39914112319265 17.14880393903997 22.5
14.39914112319265 17.14880393903997 25
14.39914112319265 17.14880393903997 27.5
14.39914112319265 17.14880393903997 30
14.39914112319265 17.14880393903997 32.5
14.39914112319265 17.14880393903997 35
14.39914112319265 17.14880393903997 37.5
2.639009336961387 -22.25708750939375 2.5
2.639009336961387 -22.25708750939375 5
2.639009336961387 -22.25708750939375 7.5
2.639009336961387 -22.25708750939375 10
2.639009336961387 -22.25708750939375 12.5
2.639009336961387 -22.25708750939375 15
2.639009336961387 -22.25708750939375 17.5
2.639009336961387 -22.25708750939375 20
2.639009336961387 -22.25708750939375 22.5
2.639009336961387 -22.25708750939375 25
2.639009336961387 -22.25708750939375 27.5
2.639009336961387 -22.25708750939375 30
2.639009336961387 -22.25708750939375 32.5
2.639009336961387 -22.25708750939375 35
2.639009336961387 -22.25708750939375 37.5
-22.62081692146213 -1.522675959767897 2.5
-22.62081692146213 -1.522675959767897 5
-22.62081692146213 -1.522675959767897 7.5
-22.62081692146213 -1.522675959767897 10
-22.62081692146213 -1.522675959767897 12.5
-22.62081692146213 -1.522675959767897 15
-22.62081692146213 -1.522675959767897 17.5
-22.62081692146213 -1.522675959767897 20
-22.62081692146213 -1.522675959767897 22.5
-22.62081692146213 -1.522675959767897 25
-22.62081692146213 -1.522675959767897 27.5
-22.62081692146213 -1.522675959767897 30
-22.62081692146213 -1.522675959767897 32.5
-22.62081692146213 -1.522675959767897 35
-22.62081692146213 -1.522675959767897 37.5
22.19459778415864 1.728673451779235 2.5
22.19459778415864 1.728673451779235 5
22.19459778415864 1.728673451779235 7.5
22.19459778415864 1.728673451779235 10
22.19459778415864 1.728673451779235 12.5
22.19459778415864 1.728673451779235 15
22.19459778415864 1.728673451779235 17.5
22.19459778415864 1.728673451779235 20
22.19459778415864 1.728673451779235 22.5
22.19459778415864 1.728673451779235 25
22.19459778415864 1.728673451779235 27.5
22.19459778415864 1.728673451779235 30
22.19459778415864 1.728673451779235 32.5
22.19459778415864 1.728673451779235 35
22.19459778415864 1.728673451779235 37.5
-4.361911592655068 21.48835280034912 2.5
-4.361911592655068 21.48835280034912 5
-4.361911592655068 21.48835280034912 7.5
-4.361911592655068 21.48835280034912 10
-4.361911592655068 21.48835280034912 12.5
-4.361911592655068 21.48835280034912 15
-4.361911592655068 21.48835280034912 17.5
-4.361911592655068 21.48835280034912 20
-4.361911592655068 21.48835280034912 22.5
-4.361911592655068 21.48835280034912 25
-4.361911592655068 21.48835280034912 27.5
-4.361911592655068 21.48835280034912 30
-4.361911592655068 21.48835280034912 32.5
-4.361911592655068 21.48835280034912 35
-4.361911592655068 21.48835280034912 37.5
-10.10816491029443 -19.99086646270695 2.5
-10.10816491029443 -19.99086646270695 5
-10.10816491029443 -19.99086646270695 7.5
-10.10816491029443 -19.99086646270695 10
-10.10816491029443 -19.99086646270695 12.5
-10.10816491029443 -19.99086646270695 15
-10.10816491029443 -19.99086646270695 17.5
-10.10816491029443 -19.99086646270695 20
-10.10816491029443 -19.99086646270695 22.5
-10.10816491029443 -19.99086646270695 25
-10.10816491029443 -19.99086646270695 27.5
-10.10816491029443 -19.99086646270695 30
-10.10816491029443 -19.99086646270695 32.5
-10.10816491029443 -19.99086646270695 35
-10.10816491029443 -19.99086646270695 37.5
-19.32875866375604 11.45240014505064 2.5
-19.32875866375604 11.45240014505064 5
-19.32875866375604 11.45240014505064 7.5
-19.32875866375604 11.45240014505064 10
-19.32875866375604 11.45240014505064 12.5
-19.32875866375604 11.45240014505064 15
-19.32875866375604 11.45240014505064 17.5
-19.32875866375604 11.45240014505064 20
-19.32875866375604 11.45240014505064 22.5
-19.32875866375604 11.45240014505064 25
-19.32875866375604 11.45240014505064 27.5
-19.32875866375604 11.45240014505064 30
-19.32875866375604 11.45240014505064 32.5
-19.32875866375604 11.45240014505064 35
-19.32875866375604 11.45240014505064 37.5
19.7752267960744 -10.68244351229228 2.5
19.7752267960744 -10.68244351229228 5
19.7752267960744 -10.68244351229228 7.5
19.7752267960744 -10.68244351229228 10
19.7752267960744 -10.68244351229228 12.5
19.7752267960744 -10.68244351229228 15
19.7752267960744 -10.68244351229228 17.5
19.7752267960744 -10.68244351229228 20
19.7752267960744 -10.68244351229228 22.5
19.7752267960744 -10.68244351229228 25
19.7752267960744 -10.68244351229228 27.5
19.7752267960744 -10.68244351229228 30
19.7752267960744 -10.68244351229228 32.5
19.7752267960744 -10.68244351229228 35
19.7752267960744 -10.68244351229228 37.5
10.20811479630835 20.12036656877169 2.5
10.20811479630835 20.12036656877169 5
10.20811479630835 20.12036656877169 7.5
10.20811479630835 20.12036656877169 10
10.20811479630835 20.12036656877169 12.5
10.20811479630835 20.12036656877169 15
10.20811479630835 20.12036656877169 17.5
10.20811479630835 20.12036656877169 20
10.20811479630835 20.12036656877169 22.5
10.20811479630835 20.12036656877169 25
10.20811479630835 20.12036656877169 27.5
10.20811479630835 20.12036656877169 30
10.20811479630835 20.12036656877169 32.5
10.20811479630835 20.12036656877169 35
10.20811479630835 20.12036656877169 37.5
-21.33341248615228 -6.710229540702221 2.5
-21.33341248615228 -6.710229540702221 5
-21.33341248615228 -6.710229540702221 7.5
-21.33341248615228 -6.710229540702221 10
-21.33341248615228 -6.710229540702221 12.5
-21.33341248615228 -6.710229540702221 15
-21.33341248615228 -6.710229540702221 17.5
-21.33341248615228 -6.710229540702221 20
-21.33341248615228 -6.710229540702221 22.5
-21.33341248615228 -6.710229540702221 25
-21.33341248615228 -6.710229540702221 27.5
-21.33341248615228 -6.710229540702221 30
-21.33341248615228 -6.710229540702221 32.5
-21.33341248615228 -6.710229540702221 35
-21.33341248615228 -6.710229540702221 37.5
7.970835030183536 -21.54103491770414 2.5
7.970835030183536 -21.54103491770414 5
7.970835030183536 -21.54103491770414 7.5
7.970835030183536 -21.54103491770414 10
7.970835030183536 -21.54103491770414 12.5
7.970835030183536 -21.54103491770414 15
7.970835030183536 -21.54103491770414 17.5
7.970835030183536 -21.54103491770414 20
7.970835030183536 -21.54103491770414 22.5
7.970835030183536 -21.54103491770414 25
7.970835030183536 -21.54103491770414 27.5
7.970835030183536 -21.54103491770414 30
7.970835030183536 -21.54103491770414 32.5
7.970835030183536 -21.54103491770414 35
7.970835030183536 -21.54103491770414 37.5
0.2621239694228045 22.3418555920316 2.5
0.2621239694228045 22.3418555920316 5
0.2621239694228045 22.3418555920316 7.5
0.2621239694228045 22.3418555920316 10
0.2621239694228045 22.3418555920316 12.5
0.2621239694228045 22.3418555920316 15
0.2621239694228045 22.3418555920316 17.5
0.2621239694228045 22.3418555920316 20
0.2621239694228045 22.3418555920316 22.5
0.2621239694228045 22.3418555920316 25
0.2621239694228045 22.3418555920316 27.5
0.2621239694228045 22.3418555920316 30
0.2621239694228045 22.3418555920316 32.5
0.2621239694228045 22.3418555920316 35
0.2621239694228045 22.3418555920316 37.5
21.30925655225908 6.740828604772444 2.5
21.30925655225908 6.740828604772444 5
21.30925655225908 6.740828604772444 7.5
21.30925655225908 6.740828604772444 10
21.30925655225908 6.740828604772444 12.5
21.30925655225908 6.740828604772444 15
21.30925655225908 6.740828604772444 17.5
21.30925655225908 6.740828604772444 20
21.30925655225908 6.740828604772444 22.5
21.30925655225908 6.740828604772444 25
21.30925655225908 6.740828604772444 27.5
21.30925655225908 6.740828604772444 30
21.30925655225908 6.740828604772444 32.5
21.30925655225908 6.740828604772444 35
21.30925655225908 6.740828604772444 37.5
-0.09768280653361058 -22.41078835691624 2.5
-0.09768280653361058 -22.41078835691624 5
-0.09768280653361058 -22.41078835691624 7.5
-0.09768280653361058 -22.41078835691624 10
-0.09768280653361058 -22.41078835691624 12.5
-0.09768280653361058 -22.41078835691624 15
-0.09768280653361058 -22.41078835691624 17.5
-0.09768280653361058 -22.41078835691624 20
-0.09768280653361058 -22.41078835691624 22.5
-0.09768280653361058 -22.41078835691624 25
-0.09768280653361058 -22.41078835691624 27.5
-0.09768280653361058 -22.41078835691624 30
-0.09768280653361058 -22.41078835691624 32.5
-0.09768280653361058 -22.41078835691624 35
-0.09768280653361058 -22.41078835691624 37.5
-0.1635060109015588 -19.98195134011407 2.5
-0.1635060109015588 -19.98195134011407 5
-0.1635060109015588 -19.98195134011407 7.5
-0.1635060109015588 -19.98195134011407 10
-0.1635060109015588 -19.98195134011407 12.5
-0.1635060109015588 -19.98195134011407 15
-0.1635060109015588 -19.98195134011407 17.5
-0.1635060109015588 -19.98195134011407 20
-0.1635060109015588 -19.98195134011407 22.5
-0.1635060109015588 -19.98195134011407 25
-0.1635060109015588 -19.98195134011407 27.5
-0.1635060109015588 -19.98195134011407 30
-0.1635060109015588 -19.98195134011407 32.5
-0.1635060109015588 -19.98195134011407 35
-0.1635060109015588 -19.98195134011407 37.5
2.620006612288391 -19.71475390451254 2.5
2.620006612288391 -19.71475390451254 5
2.620006612288391 -19.71475390451254 7.5
2.620006612288391 -19.71475390451254 10
2.620006612288391 -19.71475390451254 12.5
2.620006612288391 -19.71475390451254 15
2.620006612288391 -19.71475390451254 17.5
2.620006612288391 -19.71475390451254 20
2.620006612288391 -19.71475390451254 22.5
2.620006612288391 -19.71475390451254 25
2.620006612288391 -19.71475390451254 27.5
2.620006612288391 -19.71475390451254 30
2.620006612288391 -19.71475390451254 32.5
2.620006612288391 -19.71475390451254 35
2.620006612288391 -19.71475390451254 37.5
-0.408398275557041 -17.60378413819409 2.5
-0.408398275557041 -17.60378413819409 5
-0.408398275557041 -17.60378413819409 7.5
-0.408398275557041 -17.60378413819409 10
-0.408398275557041 -17.60378413819409 12.5
-0.408398275557041 -17.60378413819409 15
-0.408398275557041 -17.60378413819409 17.5
-0.408398275557041 -17.60378413819409 20
-0.408398275557041 -17.60378413819409 22.5
-0.408398275557041 -17.60378413819409 25
-0.408398275557041 -17.60378413819409 27.5
-0.408398275557041 -17.60378413819409 30
-0.408398275557041 -17.60378413819409 32.5
-0.408398275557041 -17.60378413819409 35
-0.408398275557041 -17.60378413819409 37.5
2.391613977563141 -17.18745838226768 2.5
2.391613977563141 -17.18745838226768 5
2.391613977563141 -17.18745838226768 7.5
2.391613977563141 -17.18745838226768 10
2.391613977563141 -17.18745838226768 12.5
2.391613977563141 -17.18745838226768 15
2.391613977563141 -17.18745838226768 17.5
2.391613977563141 -17.18745838226768 20
2.391613977563141 -17.18745838226768 22.5
2.391613977563141 -17.18745838226768 25
2.391613977563141 -17.18745838226768 27.5
2.391613977563141 -17.18745838226768 30
2.391613977563141 -17.18745838226768 32.5
2.391613977563141 -17.18745838226768 35
2.391613977563141 -17.18745838226768 37.5
1.87027277119887 -14.82023678617317 2.5
1.87027277119887 -14.82023678617317 5
1.87027277119887 -14.82023678617317 7.5
1.87027277119887 -14.82023678617317 10
1.87027277119887 -14.82023678617317 12.5
1.87027277119887 -14.82023678617317 15
1.87027277119887 -14.82023678617317 17.5
1.87027277119887 -14.82023678617317 20
1.87027277119887 -14.82023678617317 22.5
1.87027277119887 -14.82023678617317 25
1.87027277119887 -14.82023678617317 27.5
1.87027277119887 -14.82023678617317 30
1.87027277119887 -14.82023678617317 32.5
1.87027277119887 -14.82023678617317 35
1.87027277119887 -14.82023678617317 37.5
-0.8720286112954957 -15.14448513953721 2.5
-0.8720286112954957 -15.14448513953721 5
-0.8720286112954957 -15.14448513953721 7.5
-0.8720286112954957 -15.14448513953721 10
-0.8720286112954957 -15.14448513953721 12.5
-0.8720286112954957 -15.14448513953721 15
-0.8720286112954957 -15.14448513953721 17.5
-0.8720286112954957 -15.14448513953721 20
-0.8720286112954957 -15.14448513953721 22.5
-0.8720286112954957 -15.14448513953721 25
-0.8720286112954957 -15.14448513953721 27.5
-0.8720286112954957 -15.14448513953721 30
-0.8720286112954957 -15.14448513953721 32.5
-0.8720286112954957 -15.14448513953721 35
-0.8720286112954957 -15.14448513953721 37.5
1.592210662645129 -12.62196204047819 2.5
1.592210662645129 -12.62196204047819 5
1.592210662645129 -12.62196204047819 7.5
1.592210662645129 -12.62196204047819 10
1.592210662645129 -12.62196204047819 12.5
1.592210662645129 -12.62196204047819 15
1.592210662645129 -12.62196204047819 17.5
1.592210662645129 -12.62196204047819 20
1.592210662645129 -12.62196204047819 22.5
1.592210662645129 -12.62196204047819 25
1.592210662645129 -12.62196204047819 27.5
1.592210662645129 -12.62196204047819 30
1.592210662645129 -12.62196204047819 32.5
1.592210662645129 -12.62196204047819 35
1.592210662645129 -12.62196204047819 37.5
3.449953360727884 -12.50246249179637 2.5
3.449953360727884 -12.50246249179637 5
3.449953360727884 -12.50246249179637 7.5
3.449953360727884 -12.50246249179637 10
3.449953360727884 -12.50246249179637 12.5
3.449953360727884 -12.50246249179637 15
3.449953360727884 -12.50246249179637 17.5
3.449953360727884 -12.50246249179637 20
3.449953360727884 -12.50246249179637 22.5
3.449953360727884 -12.50246249179637 25
3.449953360727884 -12.50246249179637 27.5
3.449953360727884 -12.50246249179637 30
3.449953360727884 -12.50246249179637 32.5
3.449953360727884 -12.50246249179637 35
3.449953360727884 -12.50246249179637 37.5
2.006700570006217 -10.40376525884692 2.5
2.006700570006217 -10.40376525884692 5
2.006700570006217 -10.40376525884692 7.5
2.006700570006217 -10.40376525884692 10
2.006700570006217 -10.40376525884692 12.5
2.006700570006217 -10.40376525884692 15
2.006700570006217 -10.40376525884692 17.5
2.006700570006217 -10.40376525884692 20
2.006700570006217 -10.40376525884692 22.5
2.006700570006217 -10.40376525884692 25
2.006700570006217 -10.40376525884692 27.5
2.006700570006217 -10.40376525884692 30
2.006700570006217 -10.40376525884692 32.5
2.006700570006217 -10.40376525884692 35
2.006700570006217 -10.40376525884692 37.5
-0.560878013481858 -10.02999321768667 2.5
-0.560878013481858 -10.02999321768667 5
-0.560878013481858 -10.02999321768667 7.5
-0.560878013481858 -10.02999321768667 10
-0.560878013481858 -10.02999321768667 12.5
-0.560878013481858 -10.02999321768667 15
-0.560878013481858 -10.02999321768667 17.5
-0.560878013481858 -10.02999321768667 20
-0.560878013481858 -10.02999321768667 22.5
-0.560878013481858 -10.02999321768667 25
-0.560878013481858 -10.02999321768667 27.5
-0.560878013481858 -10.02999321768667 30
-0.560878013481858 -10.02999321768667 32.5
-0.560878013481858 -10.02999321768667 35
-0.560878013481858 -10.02999321768667 37.5
0.4020133029048765 -7.511015857841039 2.5
0.4020133029048765 -7.511015857841039 5
0.4020133029048765 -7.511015857841039 7.5
0.4020133029048765 -7.511015857841039 10
0.4020133029048765 -7.511015857841039 12.5
0.4020133029048765 -7.511015857841039 15
0.4020133029048765 -7.511015857841039 17.5
0.4020133029048765 -7.511015857841039 20
0.4020133029048765 -7.511015857841039 22.5
0.4020133029048765 -7.511015857841039 25
0.4020133029048765 -7.511015857841039 27.5
0.4020133029048765 -7.511015857841039 30
0.4020133029048765 -7.511015857841039 32.5
0.4020133029048765 -7.511015857841039 35
0.4020133029048765 -7.511015857841039 37.5
2.922157036461868 -7.963892344265403 2.5
2.922157036461868 -7.963892344265403 5
2.922157036461868 -7.963892344265403 7.5
2.922157036461868 -7.963892344265403 10
2.922157036461868 -7.963892344265403 12.5
2.922157036461868 -7.963892344265403 15
2.922157036461868 -7.963892344265403 17.5
2.922157036461868 -7.963892344265403 20
2.922157036461868 -7.963892344265403 22.5
2.922157036461868 -7.963892344265403 25
2.922157036461868 -7.963892344265403 27.5
2.922157036461868 -7.963892344265403 30
2.922157036461868 -7.963892344265403 32.5
2.922157036461868 -7.963892344265403 35
2.922157036461868 -7.963892344265403 37.5
1.394206371823602 -4.976211304409259 2.5
1.394206371823602 -4.976211304409259 5
1.394206371823602 -4.976211304409259 7.5
1.394206371823602 -4.976211304409259 10
1.394206371823602 -4.976211304409259 12.5
1.394206371823602 -4.976211304409259 15
1.394206371823602 -4.976211304409259 17.5
1.394206371823602 -4.976211304409259 20
1.394206371823602 -4.976211304409259 22.5
1.394206371823602 -4.976211304409259 25
1.394206371823602 -4.976211304409259 27.5
1.394206371823602 -4.976211304409259 30
1.394206371823602 -4.976211304409259 32.5
1.394206371823602 -4.976211304409259 35
1.394206371823602 -4.976211304409259 37.5
-0.8657330934212027 -4.349054392343072 2.5
-0.8657330934212027 -4.349054392343072 5
-0.8657330934212027 -4.349054392343072 7.5
-0.8657330934212027 -4.349054392343072 10
-0.8657330934212027 -4.349054392343072 12.5
-0.8657330934212027 -4.349054392343072 15
-0.8657330934212027 -4.349054392343072 17.5
-0.8657330934212027 -4.349054392343072 20
-0.8657330934212027 -4.349054392343072 22.5
-0.8657330934212027 -4.349054392343072 25
-0.8657330934212027 -4.349054392343072 27.5
-0.8657330934212027 -4.349054392343072 30
-0.8657330934212027 -4.349054392343072 32.5
-0.8657330934212027 -4.349054392343072 35
-0.8657330934212027 -4.349054392343072 37.5
-0.144603301514035 -2.577990371811076 2.5
-0.144603301514035 -2.577990371811076 5
-0.144603301514035 -2.577990371811076 7.5
-0.144603301514035 -2.577990371811076 10
-0.144603301514035 -2.577990371811076 12.5
-0.144603301514035 -2.577990371811076 15
-0.144603301514035 -2.577990371811076 17.5
-0.144603301514035 -2.577990371811076 20
-0.144603301514035 -2.577990371811076 22.5
-0.144603301514035 -2.577990371811076 25
-0.144603301514035 -2.577990371811076 27.5
-0.144603301514035 -2.577990371811076 30
-0.144603301514035 -2.577990371811076 32.5
-0.144603301514035 -2.577990371811076 35
-0.144603301514035 -2.577990371811076 37.5
2.075528676549407 -1.859247751887189 2.5
2.075528676549407 -1.859247751887189 5
2.075528676549407 -1.859247751887189 7.5
2.075528676549407 -1.859247751887189 10
2.075528676549407 -1.859247751887189 12.5
2.075528676549407 -1.859247751887189 15
2.075528676549407 -1.859247751887189 17.5
2.075528676549407 -1.859247751887189 20
2.075528676549407 -1.859247751887189 22.5
2.075528676549407 -1.859247751887189 25
2.075528676549407 -1.859247751887189 27.5
2.075528676549407 -1.859247751887189 30
2.075528676549407 -1.859247751887189 32.5
2.075528676549407 -1.859247751887189 35
2.075528676549407 -1.859247751887189 37.5
0.3415467492555719 0.5559135514748086 2.5
0.3415467492555719 0.5559135514748086 5
0.3415467492555719 0.5559135514748086 7.5
0.3415467492555719 0.5559135514748086 10
0.3415467492555719 0.5559135514748086 12.5
0.3415467492555719 0.5559135514748086 15
0.3415467492555719 0.5559135514748086 17.5
0.3415467492555719 0.5559135514748086 20
0.3415467492555719 0.5559135514748086 22.5
0.3415467492555719 0.5559135514748086 25
0.3415467492555719 0.5559135514748086 27.5
0.3415467492555719 0.5559135514748086 30
0.3415467492555719 0.5559135514748086 32.5
0.3415467492555719 0.5559135514748086 35
0.3415467492555719 0.5559135514748086 37.5
-1.315452807360425 -1.121595110344137 2.5
-1.315452807360425 -1.121595110344137 5
-1.315452807360425 -1.121595110344137 7.5
-1.315452807360425 -1.121595110344137 10
-1.315452807360425 -1.121595110344137 12.5
-1.315452807360425 -1.121595110344137 15
-1.315452807360425 -1.121595110344137 17.5
-1.315452807360425 -1.121595110344137 20
-1.315452807360425 -1.121595110344137 22.5
-1.315452807360425 -1.121595110344137 25
-1.315452807360425 -1.121595110344137 27.5
-1.315452807360425 -1.121595110344137 30
-1.315452807360425 -1.121595110344137 32.5
-1.315452807360425 -1.121595110344137 35
-1.315452807360425 -1.121595110344137 37.5
-1.350966731641601 2.777572782285652 2.5
-1.350966731641601 2.777572782285652 5
-1.350966731641601 2.777572782285652 7.5
-1.350966731641601 2.777572782285652 10
-1.350966731641601 2.777572782285652 12.5
-1.350966731641601 2.777572782285652 15
-1.350966731641601 2.777572782285652 17.5
-1.350966731641601 2.777572782285652 20
-1.350966731641601 2.777572782285652 22.5
-1.350966731641601 2.777572782285652 25
-1.350966731641601 2.777572782285652 27.5
-1.350966731641601 2.777572782285652 30
-1.350966731641601 2.777572782285652 32.5
-1.350966731641601 2.777572782285652 35
-1.350966731641601 2.777572782285652 37.5
2.067043325770222 2.274459676708143 2.5
2.067043325770222 2.274459676708143 5
2.067043325770222 2.274459676708143 7.5
2.067043325770222 2.274459676708143 10
2.067043325770222 2.274459676708143 12.5
2.067043325770222 2.274459676708143 15
2.067043325770222 2.274459676708143 17.5
2.067043325770222 2.274459676708143 20
2.067043325770222 2.274459676708143 22.5
2.067043325770222 2.274459676708143 25
2.067043325770222 2.274459676708143 27.5
2.067043325770222 2.274459676708143 30
2.067043325770222 2.274459676708143 32.5
2.067043325770222 2.274459676708143 35
2.067043325770222 2.274459676708143 37.5
-2.963709049056862 0.9377221854533179 2.5
-2.963709049056862 0.9377221854533179 5
-2.963709049056862 0.9377221854533179 7.5
-2.963709049056862 0.9377221854533179 10
-2.963709049056862 0.9377221854533179 12.5
-2.963709049056862 0.9377221854533179 15
-2.963709049056862 0.9377221854533179 17.5
-2.963709049056862 0.9377221854533179 20
-2.963709049056862 0.9377221854533179 22.5
-2.963709049056862 0.9377221854533179 25
-2.963709049056862 0.9377221854533179 27.5
-2.963709049056862 0.9377221854533179 30
-2.963709049056862 0.9377221854533179 32.5
-2.963709049056862 0.9377221854533179 35
-2.963709049056862 0.9377221854533179 37.5
0.4185322354033277 4.447509429790825 2.5
0.4185322354033277 4.447509429790825 5
0.4185322354033277 4.447509429790825 7.5
0.4185322354033277 4.447509429790825 10
0.4185322354033277 4.447509429790825 12.5
0.4185322354033277 4.447509429790825 15
0.4185322354033277 4.447509429790825 17.5
0.4185322354033277 4.447509429790825 20
0.4185322354033277 4.447509429790825 22.5
0.4185322354033277 4.447509429790825 25
0.4185322354033277 4.447509429790825 27.5
0.4185322354033277 4.447509429790825 30
0.4185322354033277 4.447509429790825 32.5
0.4185322354033277 4.447509429790825 35
0.4185322354033277 4.447509429790825 37.5
3.826526240825205 3.680218611236396 2.5
3.826526240825205 3.680218611236396 5
3.826526240825205 3.680218611236396 7.5
3.826526240825205 3.680218611236396 10
3.826526240825205 3.680218611236396 12.5
3.826526240825205 3.680218611236396 15
3.826526240825205 3.680218611236396 17.5
3.826526240825205 3.680218611236396 20
3.826526240825205 3.680218611236396 22.5
3.826526240825205 3.680218611236396 25
3.826526240825205 3.680218611236396 27.5
3.826526240825205 3.680218611236396 30
3.826526240825205 3.680218611236396 32.5
3.826526240825205 3.680218611236396 35
3.826526240825205 3.680218611236396 37.5
2.423630704163209 5.892052189454002 2.5
2.423630704163209 5.892052189454002 5
2.423630704163209 5.892052189454002 7.5
2.423630704163209 5.892052189454002 10
2.423630704163209 5.892052189454002 12.5
2.423630704163209 5.892052189454002 15
2.423630704163209 5.892052189454002 17.5
2.423630704163209 5.892052189454002 20
2.423630704163209 5.892052189454002 22.5
2.423630704163209 5.892052189454002 25
2.423630704163209 5.892052189454002 27.5
2.423630704163209 5.892052189454002 30
2.423630704163209 5.892052189454002 32.5
2.423630704163209 5.892052189454002 35
2.423630704163209 5.892052189454002 37.5
4.674473403995647 7.011611474977523 2.5
4.674473403995647 7.011611474977523 5
4.674473403995647 7.011611474977523 7.5
4.674473403995647 7.011611474977523 10
4.674473403995647 7.011611474977523 12.5
4.674473403995647 7.011611474977523 15
4.674473403995647 7.011611474977523 17.5
4.674473403995647 7.011611474977523 20
4.674473403995647 7.011611474977523 22.5
4.674473403995647 7.011611474977523 25
4.674473403995647 7.011611474977523 27.5
4.674473403995647 7.011611474977523 30
4.674473403995647 7.011611474977523 32.5
4.674473403995647 7.011611474977523 35
4.674473403995647 7.011611474977523 37.5
5.882485067889846 4.621471115173632 2.5
5.882485067889846 4.621471115173632 5
5.882485067889846 4.621471115173632 7.5
5.882485067889846 4.621471115173632 10
5.882485067889846 4.621471115173632 12.5
5.882485067889846 4.621471115173632 15
5.882485067889846 4.621471115173632 17.5
5.882485067889846 4.621471115173632 20
5.882485067889846 4.621471115173632 22.5
5.882485067889846 4.621471115173632 25
5.882485067889846 4.621471115173632 27.5
5.882485067889846 4.621471115173632 30
5.882485067889846 4.621471115173632 32.5
5.882485067889846 4.621471115173632 35
5.882485067889846 4.621471115173632 37.5
3.431107335480071 10.12702478337247 2.5
3.431107335480071 10.12702478337247 5
3.431107335480071 10.12702478337247 7.5
3.431107335480071 10.12702478337247 10
3.431107335480071 10.12702478337247 12.5
3.431107335480071 10.12702478337247 15
3.431107335480071 10.12702478337247 17.5
3.431107335480071 10.12702478337247 20
3.431107335480071 10.12702478337247 22.5
3.431107335480071 10.12702478337247 25
3.431107335480071 10.12702478337247 27.5
3.431107335480071 10.12702478337247 30
3.431107335480071 10.12702478337247 32.5
3.431107335480071 10.12702478337247 35
3.431107335480071 10.12702478337247 37.5
0.7294892305661094 8.477419254277539 2.5
0.7294892305661094 8.477419254277539 5
0.7294892305661094 8.477419254277539 7.5
0.7294892305661094 8.477419254277539 10
0.7294892305661094 8.477419254277539 12.5
0.7294892305661094 8.477419254277539 15
0.7294892305661094 8.477419254277539 17.5
0.7294892305661094 8.477419254277539 20
0.7294892305661094 8.477419254277539 22.5
0.7294892305661094 8.477419254277539 25
0.7294892305661094 8.477419254277539 27.5
0.7294892305661094 8.477419254277539 30
0.7294892305661094 8.477419254277539 32.5
0.7294892305661094 8.477419254277539 35
0.7294892305661094 8.477419254277539 37.5
6.958506046001228 7.937372988916527 2.5
6.958506046001228 7.937372988916527 5
6.958506046001228 7.937372988916527 7.5
6.958506046001228 7.937372988916527 10
6.958506046001228 7.937372988916527 12.5
6.958506046001228 7.937372988916527 15
6.958506046001228 7.937372988916527 17.5
6.958506046001228 7.937372988916527 20
6.958506046001228 7.937372988916527 22.5
6.958506046001228 7.937372988916527 25
6.958506046001228 7.937372988916527 27.5
6.958506046001228 7.937372988916527 30
6.958506046001228 7.937372988916527 32.5
6.958506046001228 7.937372988916527 35
6.958506046001228 7.937372988916527 37.5
8.231662742565483 5.483593391637625 2.5
8.231662742565483 5.483593391637625 5
8.231662742565483 5.483593391637625 7.5
8.231662742565483 5.483593391637625 10
8.231662742565483 5.483593391637625 12.5
8.231662742565483 5.483593391637625 15
8.231662742565483 5.483593391637625 17.5
8.231662742565483 5.483593391637625 20
8.231662742565483 5.483593391637625 22.5
8.231662742565483 5.483593391637625 25
8.231662742565483 5.483593391637625 27.5
8.231662742565483 5.483593391637625 30
8.231662742565483 5.483593391637625 32.5
8.231662742565483 5.483593391637625 35
8.231662742565483 5.483593391637625 37.5
-4.459536474911947 -1.10208510447222 2.5
-4.459536474911947 -1.10208510447222 5
-4.459536474911947 -1.10208510447222 7.5
-4.459536474911947 -1.10208510447222 10
-4.459536474911947 -1.10208510447222 12.5
-4.459536474911947 -1.10208510447222 15
-4.459536474911947 -1.10208510447222 17.5
-4.459536474911947 -1.10208510447222 20
-4.459536474911947 -1.10208510447222 22.5
-4.459536474911947 -1.10208510447222 25
-4.459536474911947 -1.10208510447222 27.5
-4.459536474911947 -1.10208510447222 30
-4.459536474911947 -1.10208510447222 32.5
-4.459536474911947 -1.10208510447222 35
-4.459536474911947 -1.10208510447222 37.5
-6.205725269888515 1.059848052152939 2.5
-6.205725269888515 1.059848052152939 5
-6.205725269888515 1.059848052152939 7.5
-6.205725269888515 1.059848052152939 10
-6.205725269888515 1.059848052152939 12.5
-6.205725269888515 1.059848052152939 15
-6.205725269888515 1.059848052152939 17.5
-6.205725269888515 1.059848052152939 20
-6.205725269888515 1.059848052152939 22.5
-6.205725269888515 1.059848052152939 25
-6.205725269888515 1.059848052152939 27.5
-6.205725269888515 1.059848052152939 30
-6.205725269888515 1.059848052152939 32.5
-6.205725269888515 1.059848052152939 35
-6.205725269888515 1.059848052152939 37.5
-7.674902885568207 -1.072393816759921 2.5
-7.674902885568207 -1.072393816759921 5
-7.674902885568207 -1.072393816759921 7.5
-7.674902885568207 -1.072393816759921 10
-7.674902885568207 -1.072393816759921 12.5
-7.674902885568207 -1.072393816759921 15
-7.674902885568207 -1.072393816759921 17.5
-7.674902885568207 -1.072393816759921 20
-7.674902885568207 -1.072393816759921 22.5
-7.674902885568207 -1.072393816759921 25
-7.674902885568207 -1.072393816759921 27.5
-7.674902885568207 -1.072393816759921 30
-7.674902885568207 -1.072393816759921 32.5
-7.674902885568207 -1.072393816759921 35
-7.674902885568207 -1.072393816759921 37.5
-9.397565294424529 0.83630910545723 2.5
-9.397565294424529 0.83630910545723 5
-9.397565294424529 0.83630910545723 7.5
-9.397565294424529 0.83630910545723 10
-9.397565294424529 0.83630910545723 12.5
-9.397565294424529 0.83630910545723 15
-9.397565294424529 0.83630910545723 17.5
-9.397565294424529 0.83630910545723 20
-9.397565294424529 0.83630910545723 22.5
-9.397565294424529 0.83630910545723 25
-9.397565294424529 0.83630910545723 27.5
-9.397565294424529 0.83630910545723 30
-9.397565294424529 0.83630910545723 32.5
-9.397565294424529 0.83630910545723 35
-9.397565294424529 0.83630910545723 37.5
-8.118822182376633 2.994849883953959 2.5
-8.118822182376633 2.994849883953959 5
-8.118822182376633 2.994849883953959 7.5
-8.118822182376633 2.994849883953959 10
-8.118822182376633 2.994849883953959 12.5
-8.118822182376633 2.994849883953959 15
-8.118822182376633 2.994849883953959 17.5
-8.118822182376633 2.994849883953959 20
-8.118822182376633 2.994849883953959 22.5
-8.118822182376633 2.994849883953959 25
-8.118822182376633 2.994849883953959 27.5
-8.118822182376633 2.994849883953959 30
-8.118822182376633 2.994849883953959 32.5
-8.118822182376633 2.994849883953959 35
-8.118822182376633 2.994849883953959 37.5
-10.87455520741967 -0.987525711274417 2.5
-10.87455520741967 -0.987525711274417 5
-10.87455520741967 -0.987525711274417 7.5
-10.87455520741967 -0.987525711274417 10
-10.87455520741967 -0.987525711274417 12.5
-10.87455520741967 -0.987525711274417 15
-10.87455520741967 -0.987525711274417 17.5
-10.87455520741967 -0.987525711274417 20
-10.87455520741967 -0.987525711274417 22.5
-10.87455520741967 -0.987525711274417 25
-10.87455520741967 -0.987525711274417 27.5
-10.87455520741967 -0.987525711274417 30
-10.87455520741967 -0.987525711274417 32.5
-10.87455520741967 -0.987525711274417 35
-10.87455520741967 -0.987525711274417 37.5
-9.301524365169355 -2.986416126210783 2.5
-9.301524365169355 -2.986416126210783 5
-9.301524365169355 -2.986416126210783 7.5
-9.301524365169355 -2.986416126210783 10
-9.301524365169355 -2.986416126210783 12.5
-9.301524365169355 -2.986416126210783 15
-9.301524365169355 -2.986416126210783 17.5
-9.301524365169355 -2.986416126210783 20
-9.301524365169355 -2.986416126210783 22.5
-9.301524365169355 -2.986416126210783 25
-9.301524365169355 -2.986416126210783 27.5
-9.301524365169355 -2.986416126210783 30
-9.301524365169355 -2.986416126210783 32.5
-9.301524365169355 -2.986416126210783 35
-9.301524365169355 -2.986416126210783 37.5
-11.29851180960617 2.039710173769318 2.5
-11.29851180960617 2.039710173769318 5
-11.29851180960617 2.039710173769318 7.5
-11.29851180960617 2.039710173769318 10
-11.29851180960617 2.039710173769318 12.5
-11.29851180960617 2.039710173769318 15
-11.29851180960617 2.039710173769318 17.5
-11.29851180960617 2.039710173769318 20
-11.29851180960617 2.039710173769318 22.5
-11.29851180960617 2.039710173769318 25
-11.29851180960617 2.039710173769318 27.5
-11.29851180960617 2.039710173769318 30
-11.29851180960617 2.039710173769318 32.5
-11.29851180960617 2.039710173769318 35
-11.29851180960617 2.039710173769318 37.5
-10.28712169302012 4.33506166162373 2.5
-10.28712169302012 4.33506166162373 5
-10.28712169302012 4.33506166162373 7.5
-10.28712169302012 4.33506166162373 10
-10.28712169302012 4.33506166162373 12.5
-10.28712169302012 4.33506166162373 15
-10.28712169302012 4.33506166162373 17.5
-10.28712169302012 4.33506166162373 20
-10.28712169302012 4.33506166162373 22.5
-10.28712169302012 4.33506166162373 25
-10.28712169302012 4.33506166162373 27.5
-10.28712169302012 4.33506166162373 30
-10.28712169302012 4.33506166162373 32.5
-10.28712169302012 4.33506166162373 35
-10.28712169302012 4.33506166162373 37.5
0.8366267853564383 12.77457353328209 2.5
0.8366267853564383 12.77457353328209 5
0.8366267853564383 12.77457353328209 7.5
0.8366267853564383 12.77457353328209 10
0.8366267853564383 12.77457353328209 12.5
0.8366267853564383 12.77457353328209 15
0.8366267853564383 12.77457353328209 17.5
0.8366267853564383 12.77457353328209 20
0.8366267853564383 12.77457353328209 22.5
0.8366267853564383 12.77457353328209 25
0.8366267853564383 12.77457353328209 27.5
0.8366267853564383 12.77457353328209 30
0.8366267853564383 12.77457353328209 32.5
0.8366267853564383 12.77457353328209 35
0.8366267853564383 12.77457353328209 37.5
-1.202936162426932 11.15471976537628 2.5
-1.202936162426932 11.15471976537628 5
-1.202936162426932 11.15471976537628 7.5
-1.202936162426932 11.15471976537628 10
-1.202936162426932 11.15471976537628 12.5
-1.202936162426932 11.15471976537628 15
-1.202936162426932 11.15471976537628 17.5
-1.202936162426932 11.15471976537628 20
-1.202936162426932 11.15471976537628 22.5
-1.202936162426932 11.15471976537628 25
-1.202936162426932 11.15471976537628 27.5
-1.202936162426932 11.15471976537628 30
-1.202936162426932 11.15471976537628 32.5
-1.202936162426932 11.15471976537628 35
-1.202936162426932 11.15471976537628 37.5
-11.09968642454826 -4.580356395808575 2.5
-11.09968642454826 -4.580356395808575 5
-11.09968642454826 -4.580356395808575 7.5
-11.09968642454826 -4.580356395808575 10
-11.09968642454826 -4.580356395808575 12.5
-11.09968642454826 -4.580356395808575 15
-11.09968642454826 -4.580356395808575 17.5
-11.09968642454826 -4.580356395808575 20
-11.09968642454826 -4.580356395808575 22.5
-11.09968642454826 -4.580356395808575 25
-11.09968642454826 -4.580356395808575 27.5
-11.09968642454826 -4.580356395808575 30
-11.09968642454826 -4.580356395808575 32.5
-11.09968642454826 -4.580356395808575 35
-11.09968642454826 -4.580356395808575 37.5
-9.37062367566128 -6.939755321641506 2.5
-9.37062367566128 -6.939755321641506 5
-9.37062367566128 -6.939755321641506 7.5
-9.37062367566128 -6.939755321641506 10
-9.37062367566128 -6.939755321641506 12.5
-9.37062367566128 -6.939755321641506 15
-9.37062367566128 -6.939755321641506 17.5
-9.37062367566128 -6.939755321641506 20
-9.37062367566128 -6.939755321641506 22.5
-9.37062367566128 -6.939755321641506 25
-9.37062367566128 -6.939755321641506 27.5
-9.37062367566128 -6.939755321641506 30
-9.37062367566128 -6.939755321641506 32.5
-9.37062367566128 -6.939755321641506 35
-9.37062367566128 -6.939755321641506 37.5
4.689106238435119 12.81765883291169 2.5
4.689106238435119 12.81765883291169 5
4.689106238435119 12.81765883291169 7.5
4.689106238435119 12.81765883291169 10
4.689106238435119 12.81765883291169 12.5
4.689106238435119 12.81765883291169 15
4.689106238435119 12.81765883291169 17.5
4.689106238435119 12.81765883291169 20
4.689106238435119 12.81765883291169 22.5
4.689106238435119 12.81765883291169 25
4.689106238435119 12.81765883291169 27.5
4.689106238435119 12.81765883291169 30
4.689106238435119 12.81765883291169 32.5
4.689106238435119 12.81765883291169 35
4.689106238435119 12.81765883291169 37.5
10.61272599809446 6.510678418705703 2.5
10.61272599809446 6.510678418705703 5
10.61272599809446 6.510678418705703 7.5
10.61272599809446 6.510678418705703 10
10.61272599809446 6.510678418705703 12.5
10.61272599809446 6.510678418705703 15
10.61272599809446 6.510678418705703 17.5
10.61272599809446 6.510678418705703 20
10.61272599809446 6.510678418705703 22.5
10.61272599809446 6.510678418705703 25
10.61272599809446 6.510678418705703 27.5
10.61272599809446 6.510678418705703 30
10.61272599809446 6.510678418705703 32.5
10.61272599809446 6.510678418705703 35
10.61272599809446 6.510678418705703 37.5
12.00602920972117 4.245642414440146 2.5
12.00602920972117 4.245642414440146 5
12.00602920972117 4.245642414440146 7.5
12.00602920972117 4.245642414440146 10
12.00602920972117 4.245642414440146 12.5
12.00602920972117 4.245642414440146 15
12.00602920972117 4.245642414440146 17.5
12.00602920972117 4.245642414440146 20
12.00602920972117 4.245642414440146 22.5
12.00602920972117 4.245642414440146 25
12.00602920972117 4.245642414440146 27.5
12.00602920972117 4.245642414440146 30
12.00602920972117 4.245642414440146 32.5
12.00602920972117 4.245642414440146 35
12.00602920972117 4.245642414440146 37.5
9.522296159137628 2.496071810291544 2.5
9.522296159137628 2.496071810291544 5
9.522296159137628 2.496071810291544 7.5
9.522296159137628 2.496071810291544 10
9.522296159137628 2.496071810291544 12.5
9.522296159137628 2.496071810291544 15
9.522296159137628 2.496071810291544 17.5
9.522296159137628 2.496071810291544 20
9.522296159137628 2.496071810291544 22.5
9.522296159137628 2.496071810291544 25
9.522296159137628 2.496071810291544 27.5
9.522296159137628 2.496071810291544 30
9.522296159137628 2.496071810291544 32.5
9.522296159137628 2.496071810291544 35
9.522296159137628 2.496071810291544 37.5
-12.60806656993814 -2.432118602851754 2.5
-12.60806656993814 -2.432118602851754 5
-12.60806656993814 -2.432118602851754 7.5
-12.60806656993814 -2.432118602851754 10
-12.60806656993814 -2.432118602851754 12.5
-12.60806656993814 -2.432118602851754 15
-12.60806656993814 -2.432118602851754 17.5
-12.60806656993814 -2.432118602851754 20
-12.60806656993814 -2.432118602851754 22.5
-12.60806656993814 -2.432118602851754 25
-12.60806656993814 -2.432118602851754 27.5
-12.60806656993814 -2.432118602851754 30
-12.60806656993814 -2.432118602851754 32.5
-12.60806656993814 -2.432118602851754 35
-12.60806656993814 -2.432118602851754 37.5
13.02344309079609 2.755789836406832 2.5
13.02344309079609 2.755789836406832 5
13.02344309079609 2.755789836406832 7.5
13.02344309079609 2.755789836406832 10
13.02344309079609 2.755789836406832 12.5
13.02344309079609 2.755789836406832 15
13.02344309079609 2.755789836406832 17.5
13.02344309079609 2.755789836406832 20
13.02344309079609 2.755789836406832 22.5
13.02344309079609 2.755789836406832 25
13.02344309079609 2.755789836406832 27.5
13.02344309079609 2.755789836406832 30
13.02344309079609 2.755789836406832 32.5
13.02344309079609 2.755789836406832 35
13.02344309079609 2.755789836406832 37.5
12.2008874748807 1.158703055063623 2.5
12.2008874748807 1.158703055063623 5
12.2008874748807 1.158703055063623 7.5
12.2008874748807 1.158703055063623 10
12.2008874748807 1.158703055063623 12.5
12.2008874748807 1.158703055063623 15
12.2008874748807 1.158703055063623 17.5
12.2008874748807 1.158703055063623 20
12.2008874748807 1.158703055063623 22.5
12.2008874748807 1.158703055063623 25
12.2008874748807 1.158703055063623 27.5
12.2008874748807 1.158703055063623 30
12.2008874748807 1.158703055063623 32.5
12.2008874748807 1.158703055063623 35
12.2008874748807 1.158703055063623 37.5
-12.70948340376511 5.056375388724653 2.5
-12.70948340376511 5.056375388724653 5
-12.70948340376511 5.056375388724653 7.5
-12.70948340376511 5.056375388724653 10
-12.70948340376511 5.056375388724653 12.5
-12.70948340376511 5.056375388724653 15
-12.70948340376511 5.056375388724653 17.5
-12.70948340376511 5.056375388724653 20
-12.70948340376511 5.056375388724653 22.5
-12.70948340376511 5.056375388724653 25
-12.70948340376511 5.056375388724653 27.5
-12.70948340376511 5.056375388724653 30
-12.70948340376511 5.056375388724653 32.5
-12.70948340376511 5.056375388724653 35
-12.70948340376511 5.056375388724653 37.5
-11.95524065468717 7.601170443406545 2.5
-11.95524065468717 7.601170443406545 5
-11.95524065468717 7.601170443406545 7.5
-11.95524065468717 7.601170443406545 10
-11.95524065468717 7.601170443406545 12.5
-11.95524065468717 7.601170443406545 15
-11.95524065468717 7.601170443406545 17.5
-11.95524065468717 7.601170443406545 20
-11.95524065468717 7.601170443406545 22.5
-11.95524065468717 7.601170443406545 25
-11.95524065468717 7.601170443406545 27.5
-11.95524065468717 7.601170443406545 30
-11.95524065468717 7.601170443406545 32.5
-11.95524065468717 7.601170443406545 35
-11.95524065468717 7.601170443406545 37.5
-3.099617967279152 13.69935096184637 2.5
-3.099617967279152 13.69935096184637 5
-3.099617967279152 13.69935096184637 7.5
-3.099617967279152 13.69935096184637 10
-3.099617967279152 13.69935096184637 12.5
-3.099617967279152 13.69935096184637 15
-3.099617967279152 13.69935096184637 17.5
-3.099617967279152 13.69935096184637 20
-3.099617967279152 13.69935096184637 22.5
-3.099617967279152 13.69935096184637 25
-3.099617967279152 13.69935096184637 27.5
-3.099617967279152 13.69935096184637 30
-3.099617967279152 13.69935096184637 32.5
-3.099617967279152 13.69935096184637 35
-3.099617967279152 13.69935096184637 37.5
-13.09781449629073 -5.892171451914791 2.5
-13.09781449629073 -5.892171451914791 5
-13.09781449629073 -5.892171451914791 7.5
-13.09781449629073 -5.892171451914791 10
-13.09781449629073 -5.892171451914791 12.5
-13.09781449629073 -5.892171451914791 15
-13.09781449629073 -5.892171451914791 17.5
-13.09781449629073 -5.892171451914791 20
-13.09781449629073 -5.892171451914791 22.5
-13.09781449629073 -5.892171451914791 25
-13.09781449629073 -5.892171451914791 27.5
-13.09781449629073 -5.892171451914791 30
-13.09781449629073 -5.892171451914791 32.5
-13.09781449629073 -5.892171451914791 35
-13.09781449629073 -5.892171451914791 37.5
-11.35362570831754 -8.406013560308837 2.5
-11.35362570831754 -8.406013560308837 5
-11.35362570831754 -8.406013560308837 7.5
-11.35362570831754 -8.406013560308837 10
-11.35362570831754 -8.406013560308837 12.5
-11.35362570831754 -8.406013560308837 15
-11.35362570831754 -8.406013560308837 17.5
-11.35362570831754 -8.406013560308837 20
-11.35362570831754 -8.406013560308837 22.5
-11.35362570831754 -8.406013560308837 25
-11.35362570831754 -8.406013560308837 27.5
-11.35362570831754 -8.406013560308837 30
-11.35362570831754 -8.406013560308837 32.5
-11.35362570831754 -8.406013560308837 35
-11.35362570831754 -8.406013560308837 37.5
14.51828367870286 0.6990969403703662 2.5
14.51828367870286 0.6990969403703662 5
14.51828367870286 0.6990969403703662 7.5
14.51828367870286 0.6990969403703662 10
14.51828367870286 0.6990969403703662 12.5
14.51828367870286 0.6990969403703662 15
14.51828367870286 0.6990969403703662 17.5
14.51828367870286 0.6990969403703662 20
14.51828367870286 0.6990969403703662 22.5
14.51828367870286 0.6990969403703662 25
14.51828367870286 0.6990969403703662 27.5
14.51828367870286 0.6990969403703662 30
14.51828367870286 0.6990969403703662 32.5
14.51828367870286 0.6990969403703662 35
14.51828367870286 0.6990969403703662 37.5
13.67795533275307 -1.695950934079736 2.5
13.67795533275307 -1.695950934079736 5
13.67795533275307 -1.695950934079736 7.5
13.67795533275307 -1.695950934079736 10
13.67795533275307 -1.695950934079736 12.5
13.67795533275307 -1.695950934079736 15
13.67795533275307 -1.695950934079736 17.5
13.67795533275307 -1.695950934079736 20
13.67795533275307 -1.695950934079736 22.5
13.67795533275307 -1.695950934079736 25
13.67795533275307 -1.695950934079736 27.5
13.67795533275307 -1.695950934079736 30
13.67795533275307 -1.695950934079736 32.5
13.67795533275307 -1.695950934079736 35
13.67795533275307 -1.695950934079736 37.5
11.14882570261369 -1.202052127707975 2.5
11.14882570261369 -1.202052127707975 5
11.14882570261369 -1.202052127707975 7.5
11.14882570261369 -1.202052127707975 10
11.14882570261369 -1.202052127707975 12.5
11.14882570261369 -1.202052127707975 15
11.14882570261369 -1.202052127707975 17.5
11.14882570261369 -1.202052127707975 20
11.14882570261369 -1.202052127707975 22.5
11.14882570261369 -1.202052127707975 25
11.14882570261369 -1.202052127707975 27.5
11.14882570261369 -1.202052127707975 30
11.14882570261369 -1.202052127707975 32.5
11.14882570261369 -1.202052127707975 35
11.14882570261369 -1.202052127707975 37.5
12.60572658615988 -4.212989360232791 2.5
12.60572658615988 -4.212989360232791 5
12.60572658615988 -4.212989360232791 7.5
12.60572658615988 -4.212989360232791 10
12.60572658615988 -4.212989360232791 12.5
12.60572658615988 -4.212989360232791 15
12.60572658615988 -4.212989360232791 17.5
12.60572658615988 -4.212989360232791 20
12.60572658615988 -4.212989360232791 22.5
12.60572658615988 -4.212989360232791 25
12.60572658615988 -4.212989360232791 27.5
12.60572658615988 -4.212989360232791 30
12.60572658615988 -4.212989360232791 32.5
12.60572658615988 -4.212989360232791 35
12.60572658615988 -4.212989360232791 37.5
14.20228257339702 5.241698242118795 2.5
14.20228257339702 5.241698242118795 5
14.20228257339702 5.241698242118795 7.5
14.20228257339702 5.241698242118795 10
14.20228257339702 5.241698242118795 12.5
14.20228257339702 5.241698242118795 15
14.20228257339702 5.241698242118795 17.5
14.20228257339702 5.241698242118795 20
14.20228257339702 5.241698242118795 22.5
14.20228257339702 5.241698242118795 25
14.20228257339702 5.241698242118795 27.5
14.20228257339702 5.241698242118795 30
14.20228257339702 5.241698242118795 32.5
14.20228257339702 5.241698242118795 35
14.20228257339702 5.241698242118795 37.5
-7.374607895388018 -9.389896669018398 2.5
-7.374607895388018 -9.389896669018398 5
-7.374607895388018 -9.389896669018398 7.5
-7.374607895388018 -9.389896669018398 10
-7.374607895388018 -9.389896669018398 12.5
-7.374607895388018 -9.389896669018398 15
-7.374607895388018 -9.389896669018398 17.5
-7.374607895388018 -9.389896669018398 20
-7.374607895388018 -9.389896669018398 22.5
-7.374607895388018 -9.389896669018398 25
-7.374607895388018 -9.389896669018398 27.5
-7.374607895388018 -9.389896669018398 30
-7.374607895388018 -9.389896669018398 32.5
-7.374607895388018 -9.389896669018398 35
-7.374607895388018 -9.389896669018398 37.5
-9.460242220987128 -10.96693881824356 2.5
-9.460242220987128 -10.96693881824356 5
-9.460242220987128 -10.96693881824356 7.5
-9.460242220987128 -10.96693881824356 10
-9.460242220987128 -10.96693881824356 12.5
-9.460242220987128 -10.96693881824356 15
-9.460242220987128 -10.96693881824356 17.5
-9.460242220987128 -10.96693881824356 20
-9.460242220987128 -10.96693881824356 22.5
-9.460242220987128 -10.96693881824356 25
-9.460242220987128 -10.96693881824356 27.5
-9.460242220987128 -10.96693881824356 30
-9.460242220987128 -10.96693881824356 32.5
-9.460242220987128 -10.96693881824356 35
-9.460242220987128 -10.96693881824356 37.5
10.09571972114291 -3.769427731749341 2.5
10.09571972114291 -3.769427731749341 5
10.09571972114291 -3.769427731749341 7.5
10.09571972114291 -3.769427731749341 10
10.09571972114291 -3.769427731749341 12.5
10.09571972114291 -3.769427731749341 15
10.09571972114291 -3.769427731749341 17.5
10.09571972114291 -3.769427731749341 20
10.09571972114291 -3.769427731749341 22.5
10.09571972114291 -3.769427731749341 25
10.09571972114291 -3.769427731749341 27.5
10.09571972114291 -3.769427731749341 30
10.09571972114291 -3.769427731749341 32.5
10.09571972114291 -3.769427731749341 35
10.09571972114291 -3.769427731749341 37.5
11.50433541223345 -6.766915769569279 2.5
11.50433541223345 -6.766915769569279 5
11.50433541223345 -6.766915769569279 7.5
11.50433541223345 -6.766915769569279 10
11.50433541223345 -6.766915769569279 12.5
11.50433541223345 -6.766915769569279 15
11.50433541223345 -6.766915769569279 17.5
11.50433541223345 -6.766915769569279 20
11.50433541223345 -6.766915769569279 22.5
11.50433541223345 -6.766915769569279 25
11.50433541223345 -6.766915769569279 27.5
11.50433541223345 -6.766915769569279 30
11.50433541223345 -6.766915769569279 32.5
11.50433541223345 -6.766915769569279 35
11.50433541223345 -6.766915769569279 37.5
-6.823706081598431 5.303891514491084 2.5
-6.823706081598431 5.303891514491084 5
-6.823706081598431 5.303891514491084 7.5
-6.823706081598431 5.303891514491084 10
-6.823706081598431 5.303891514491084 12.5
-6.823706081598431 5.303891514491084 15
-6.823706081598431 5.303891514491084 17.5
-6.823706081598431 5.303891514491084 20
-6.823706081598431 5.303891514491084 22.5
-6.823706081598431 5.303891514491084 25
-6.823706081598431 5.303891514491084 27.5
-6.823706081598431 5.303891514491084 30
-6.823706081598431 5.303891514491084 32.5
-6.823706081598431 5.303891514491084 35
-6.823706081598431 5.303891514491084 37.5
13.97336552124381 -7.103540825891658 2.5
13.97336552124381 -7.103540825891658 5
13.97336552124381 -7.103540825891658 7.5
13.97336552124381 -7.103540825891658 10
13.97336552124381 -7.103540825891658 12.5
13.97336552124381 -7.103540825891658 15
13.97336552124381 -7.103540825891658 17.5
13.97336552124381 -7.103540825891658 20
13.97336552124381 -7.103540825891658 22.5
13.97336552124381 -7.103540825891658 25
13.97336552124381 -7.103540825891658 27.5
13.97336552124381 -7.103540825891658 30
13.97336552124381 -7.103540825891658 32.5
13.97336552124381 -7.103540825891658 35
13.97336552124381 -7.103540825891658 37.5
13.01116453028053 -9.514750044714532 2.5
13.01116453028053 -9.514750044714532 5
13.01116453028053 -9.514750044714532 7.5
13.01116453028053 -9.514750044714532 10
13.01116453028053 -9.514750044714532 12.5
13.01116453028053 -9.514750044714532 15
13.01116453028053 -9.514750044714532 17.5
13.01116453028053 -9.514750044714532 20
13.01116453028053 -9.514750044714532 22.5
13.01116453028053 -9.514750044714532 25
13.01116453028053 -9.514750044714532 27.5
13.01116453028053 -9.514750044714532 30
13.01116453028053 -9.514750044714532 32.5
13.01116453028053 -9.514750044714532 35
13.01116453028053 -9.514750044714532 37.5
10.56526884237882 -9.347221607847327 2.5
10.56526884237882 -9.347221607847327 5
10.56526884237882 -9.347221607847327 7.5
10.56526884237882 -9.347221607847327 10
10.56526884237882 -9.347221607847327 12.5
10.56526884237882 -9.347221607847327 15
10.56526884237882 -9.347221607847327 17.5
10.56526884237882 -9.347221607847327 20
10.56526884237882 -9.347221607847327 22.5
10.56526884237882 -9.347221607847327 25
10.56526884237882 -9.347221607847327 27.5
10.56526884237882 -9.347221607847327 30
10.56526884237882 -9.347221607847327 32.5
10.56526884237882 -9.347221607847327 35
10.56526884237882 -9.347221607847327 37.5
12.49910491865434 -11.76668774116493 2.5
12.49910491865434 -11.76668774116493 5
12.49910491865434 -11.76668774116493 7.5
12.49910491865434 -11.76668774116493 10
12.49910491865434 -11.76668774116493 12.5
12.49910491865434 -11.76668774116493 15
12.49910491865434 -11.76668774116493 17.5
12.49910491865434 -11.76668774116493 20
12.49910491865434 -11.76668774116493 22.5
12.49910491865434 -11.76668774116493 25
12.49910491865434 -11.76668774116493 27.5
12.49910491865434 -11.76668774116493 30
12.49910491865434 -11.76668774116493 32.5
12.49910491865434 -11.76668774116493 35
12.49910491865434 -11.76668774116493 37.5
16.27120039547554 -1.953077970393088 2.5
16.27120039547554 -1.953077970393088 5
16.27120039547554 -1.953077970393088 7.5
16.27120039547554 -1.953077970393088 10
16.27120039547554 -1.953077970393088 12.5
16.27120039547554 -1.953077970393088 15
16.27120039547554 -1.953077970393088 17.5
16.27120039547554 -1.953077970393088 20
16.27120039547554 -1.953077970393088 22.5
16.27120039547554 -1.953077970393088 25
16.27120039547554 -1.953077970393088 27.5
16.27120039547554 -1.953077970393088 30
16.27120039547554 -1.953077970393088 32.5
16.27120039547554 -1.953077970393088 35
16.27120039547554 -1.953077970393088 37.5
-14.5551293054845 7.784046855488941 2.5
-14.5551293054845 7.784046855488941 5
-14.5551293054845 7.784046855488941 7.5
-14.5551293054845 7.784046855488941 10
-14.5551293054845 7.784046855488941 12.5
-14.5551293054845 7.784046855488941 15
-14.5551293054845 7.784046855488941 17.5
-14.5551293054845 7.784046855488941 20
-14.5551293054845 7.784046855488941 22.5
-14.5551293054845 7.784046855488941 25
-14.5551293054845 7.784046855488941 27.5
-14.5551293054845 7.784046855488941 30
-14.5551293054845 7.784046855488941 32.5
-14.5551293054845 7.784046855488941 35
-14.5551293054845 7.784046855488941 37.5
-15.13808938524627 5.446761012581044 2.5
-15.13808938524627 5.446761012581044 5
-15.13808938524627 5.446761012581044 7.5
-15.13808938524627 5.446761012581044 10
-15.13808938524627 5.446761012581044 12.5
-15.13808938524627 5.446761012581044 15
-15.13808938524627 5.446761012581044 17.5
-15.13808938524627 5.446761012581044 20
-15.13808938524627 5.446761012581044 22.5
-15.13808938524627 5.446761012581044 25
-15.13808938524627 5.446761012581044 27.5
-15.13808938524627 5.446761012581044 30
-15.13808938524627 5.446761012581044 32.5
-15.13808938524627 5.446761012581044 35
-15.13808938524627 5.446761012581044 37.5
-11.50669217675553 10.27934262779542 2.5
-11.50669217675553 10.27934262779542 5
-11.50669217675553 10.27934262779542 7.5
-11.50669217675553 10.27934262779542 10
-11.50669217675553 10.27934262779542 12.5
-11.50669217675553 10.27934262779542 15
-11.50669217675553 10.27934262779542 17.5
-11.50669217675553 10.27934262779542 20
-11.50669217675553 10.27934262779542 22.5
-11.50669217675553 10.27934262779542 25
-11.50669217675553 10.27934262779542 27.5
-11.50669217675553 10.27934262779542 30
-11.50669217675553 10.27934262779542 32.5
-11.50669217675553 10.27934262779542 35
-11.50669217675553 10.27934262779542 37.5
-11.16284213125632 13.00406136383172 2.5
-11.16284213125632 13.00406136383172 5
-11.16284213125632 13.00406136383172 7.5
-11.16284213125632 13.00406136383172 10
-11.16284213125632 13.00406136383172 12.5
-11.16284213125632 13.00406136383172 15
-11.16284213125632 13.00406136383172 17.5
-11.16284213125632 13.00406136383172 20
-11.16284213125632 13.00406136383172 22.5
-11.16284213125632 13.00406136383172 25
-11.16284213125632 13.00406136383172 27.5
-11.16284213125632 13.00406136383172 30
-11.16284213125632 13.00406136383172 32.5
-11.16284213125632 13.00406136383172 35
-11.16284213125632 13.00406136383172 37.5
-1.09219124702002 15.10701110832367 2.5
-1.09219124702002 15.10701110832367 5
-1.09219124702002 15.10701110832367 7.5
-1.09219124702002 15.10701110832367 10
-1.09219124702002 15.10701110832367 12.5
-1.09219124702002 15.10701110832367 15
-1.09219124702002 15.10701110832367 17.5
-1.09219124702002 15.10701110832367 20
-1.09219124702002 15.10701110832367 22.5
-1.09219124702002 15.10701110832367 25
-1.09219124702002 15.10701110832367 27.5
-1.09219124702002 15.10701110832367 30
-1.09219124702002 15.10701110832367 32.5
-1.09219124702002 15.10701110832367 35
-1.09219124702002 15.10701110832367 37.5
0.7666660880153371 16.63497989584633 2.5
0.7666660880153371 16.63497989584633 5
0.7666660880153371 16.63497989584633 7.5
0.7666660880153371 16.63497989584633 10
0.7666660880153371 16.63497989584633 12.5
0.7666660880153371 16.63497989584633 15
0.7666660880153371 16.63497989584633 17.5
0.7666660880153371 16.63497989584633 20
0.7666660880153371 16.63497989584633 22.5
0.7666660880153371 16.63497989584633 25
0.7666660880153371 16.63497989584633 27.5
0.7666660880153371 16.63497989584633 30
0.7666660880153371 16.63497989584633 32.5
0.7666660880153371 16.63497989584633 35
0.7666660880153371 16.63497989584633 37.5
-4.411223932962239 15.5195800804953 2.5
-4.411223932962239 15.5195800804953 5
-4.411223932962239 15.5195800804953 7.5
-4.411223932962239 15.5195800804953 10
-4.411223932962239 15.5195800804953 12.5
-4.411223932962239 15.5195800804953 15
-4.411223932962239 15.5195800804953 17.5
-4.411223932962239 15.5195800804953 20
-4.411223932962239 15.5195800804953 22.5
-4.411223932962239 15.5195800804953 25
-4.411223932962239 15.5195800804953 27.5
-4.411223932962239 15.5195800804953 30
-4.411223932962239 15.5195800804953 32.5
-4.411223932962239 15.5195800804953 35
-4.411223932962239 15.5195800804953 37.5
-11.49578595000818 -12.50194604485077 2.5
-11.49578595000818 -12.50194604485077 5
-11.49578595000818 -12.50194604485077 7.5
-11.49578595000818 -12.50194604485077 10
-11.49578595000818 -12.50194604485077 12.5
-11.49578595000818 -12.50194604485077 15
-11.49578595000818 -12.50194604485077 17.5
-11.49578595000818 -12.50194604485077 20
-11.49578595000818 -12.50194604485077 22.5
-11.49578595000818 -12.50194604485077 25
-11.49578595000818 -12.50194604485077 27.5
-11.49578595000818 -12.50194604485077 30
-11.49578595000818 -12.50194604485077 32.5
-11.49578595000818 -12.50194604485077 35
-11.49578595000818 -12.50194604485077 37.5
-9.771975323010208 -14.75056255931642 2.5
-9.771975323010208 -14.75056255931642 5
-9.771975323010208 -14.75056255931642 7.5
-9.771975323010208 -14.75056255931642 10
-9.771975323010208 -14.75056255931642 12.5
-9.771975323010208 -14.75056255931642 15
-9.771975323010208 -14.75056255931642 17.5
-9.771975323010208 -14.75056255931642 20
-9.771975323010208 -14.75056255931642 22.5
-9.771975323010208 -14.75056255931642 25
-9.771975323010208 -14.75056255931642 27.5
-9.771975323010208 -14.75056255931642 30
-9.771975323010208 -14.75056255931642 32.5
-9.771975323010208 -14.75056255931642 35
-9.771975323010208 -14.75056255931642 37.5
-7.691880861400874 -13.57655707968576 2.5
-7.691880861400874 -13.57655707968576 5
-7.691880861400874 -13.57655707968576 7.5
-7.691880861400874 -13.57655707968576 10
-7.691880861400874 -13.57655707968576 12.5
-7.691880861400874 -13.57655707968576 15
-7.691880861400874 -13.57655707968576 17.5
-7.691880861400874 -13.57655707968576 20
-7.691880861400874 -13.57655707968576 22.5
-7.691880861400874 -13.57655707968576 25
-7.691880861400874 -13.57655707968576 27.5
-7.691880861400874 -13.57655707968576 30
-7.691880861400874 -13.57655707968576 32.5
-7.691880861400874 -13.57655707968576 35
-7.691880861400874 -13.57655707968576 37.5
10.01949453164739 -11.89901245784024 2.5
10.01949453164739 -11.89901245784024 5
10.01949453164739 -11.89901245784024 7.5
10.01949453164739 -11.89901245784024 10
10.01949453164739 -11.89901245784024 12.5
10.01949453164739 -11.89901245784024 15
10.01949453164739 -11.89901245784024 17.5
10.01949453164739 -11.89901245784024 20
10.01949453164739 -11.89901245784024 22.5
10.01949453164739 -11.89901245784024 25
10.01949453164739 -11.89901245784024 27.5
10.01949453164739 -11.89901245784024 30
10.01949453164739 -11.89901245784024 32.5
10.01949453164739 -11.89901245784024 35
10.01949453164739 -11.89901245784024 37.5
7.588898902198964 -3.258529751461202 2.5
7.588898902198964 -3.258529751461202 5
7.588898902198964 -3.258529751461202 7.5
7.588898902198964 -3.258529751461202 10
7.588898902198964 -3.258529751461202 12.5
7.588898902198964 -3.258529751461202 15
7.588898902198964 -3.258529751461202 17.5
7.588898902198964 -3.258529751461202 20
7.588898902198964 -3.258529751461202 22.5
7.588898902198964 -3.258529751461202 25
7.588898902198964 -3.258529751461202 27.5
7.588898902198964 -3.258529751461202 30
7.588898902198964 -3.258529751461202 32.5
7.588898902198964 -3.258529751461202 35
7.588898902198964 -3.258529751461202 37.5
9.223554201877459 8.902150476632396 2.5
9.223554201877459 8.902150476632396 5
9.223554201877459 8.902150476632396 7.5
9.223554201877459 8.902150476632396 10
9.223554201877459 8.902150476632396 12.5
9.223554201877459 8.902150476632396 15
9.223554201877459 8.902150476632396 17.5
9.223554201877459 8.902150476632396 20
9.223554201877459 8.902150476632396 22.5
9.223554201877459 8.902150476632396 25
9.223554201877459 8.902150476632396 27.5
9.223554201877459 8.902150476632396 30
9.223554201877459 8.902150476632396 32.5
9.223554201877459 8.902150476632396 35
9.223554201877459 8.902150476632396 37.5
11.51003610952452 9.908060221541923 2.5
11.51003610952452 9.908060221541923 5
11.51003610952452 9.908060221541923 7.5
11.51003610952452 9.908060221541923 10
11.51003610952452 9.908060221541923 12.5
11.51003610952452 9.908060221541923 15
11.51003610952452 9.908060221541923 17.5
11.51003610952452 9.908060221541923 20
11.51003610952452 9.908060221541923 22.5
11.51003610952452 9.908060221541923 25
11.51003610952452 9.908060221541923 27.5
11.51003610952452 9.908060221541923 30
11.51003610952452 9.908060221541923 32.5
11.51003610952452 9.908060221541923 35
11.51003610952452 9.908060221541923 37.5
10.49792680986129 12.22791691888399 2.5
10.49792680986129 12.22791691888399 5
10.49792680986129 12.22791691888399 7.5
10.49792680986129 12.22791691888399 10
10.49792680986129 12.22791691888399 12.5
10.49792680986129 12.22791691888399 15
10.49792680986129 12.22791691888399 17.5
10.49792680986129 12.22791691888399 20
10.49792680986129 12.22791691888399 22.5
10.49792680986129 12.22791691888399 25
10.49792680986129 12.22791691888399 27.5
10.49792680986129 12.22791691888399 30
10.49792680986129 12.22791691888399 32.5
10.49792680986129 12.22791691888399 35
10.49792680986129 12.22791691888399 37.5
9.631046447993043 -14.34159043850405 2.5
9.631046447993043 -14.34159043850405 5
9.631046447993043 -14.34159043850405 7.5
9.631046447993043 -14.34159043850405 10
9.631046447993043 -14.34159043850405 12.5
9.631046447993043 -14.34159043850405 15
9.631046447993043 -14.34159043850405 17.5
9.631046447993043 -14.34159043850405 20
9.631046447993043 -14.34159043850405 22.5
9.631046447993043 -14.34159043850405 25
9.631046447993043 -14.34159043850405 27.5
9.631046447993043 -14.34159043850405 30
9.631046447993043 -14.34159043850405 32.5
9.631046447993043 -14.34159043850405 35
9.631046447993043 -14.34159043850405 37.5
12.31849464269321 12.63491085288841 2.5
12.31849464269321 12.63491085288841 5
12.31849464269321 12.63491085288841 7.5
12.31849464269321 12.63491085288841 10
12.31849464269321 12.63491085288841 12.5
12.31849464269321 12.63491085288841 15
12.31849464269321 12.63491085288841 17.5
12.31849464269321 12.63491085288841 20
12.31849464269321 12.63491085288841 22.5
12.31849464269321 12.63491085288841 25
12.31849464269321 12.63491085288841 27.5
12.31849464269321 12.63491085288841 30
12.31849464269321 12.63491085288841 32.5
12.31849464269321 12.63491085288841 35
12.31849464269321 12.63491085288841 37.5
13.45197495377063 11.14565685485813 2.5
13.45197495377063 11.14565685485813 5
13.45197495377063 11.14565685485813 7.5
13.45197495377063 11.14565685485813 10
13.45197495377063 11.14565685485813 12.5
13.45197495377063 11.14565685485813 15
13.45197495377063 11.14565685485813 17.5
13.45197495377063 11.14565685485813 20
13.45197495377063 11.14565685485813 22.5
13.45197495377063 11.14565685485813 25
13.45197495377063 11.14565685485813 27.5
13.45197495377063 11.14565685485813 30
13.45197495377063 11.14565685485813 32.5
13.45197495377063 11.14565685485813 35
13.45197495377063 11.14565685485813 37.5
16.96491148323267 0.6620531071112553 2.5
16.96491148323267 0.6620531071112553 5
16.96491148323267 0.6620531071112553 7.5
16.96491148323267 0.6620531071112553 10
16.96491148323267 0.6620531071112553 12.5
16.96491148323267 0.6620531071112553 15
16.96491148323267 0.6620531071112553 17.5
16.96491148323267 0.6620531071112553 20
16.96491148323267 0.6620531071112553 22.5
16.96491148323267 0.6620531071112553 25
16.96491148323267 0.6620531071112553 27.5
16.96491148323267 0.6620531071112553 30
16.96491148323267 0.6620531071112553 32.5
16.96491148323267 0.6620531071112553 35
16.96491148323267 0.6620531071112553 37.5
19.28767495531012 -2.205273212629288 2.5
19.28767495531012 -2.205273212629288 5
19.28767495531012 -2.205273212629288 7.5
19.28767495531012 -2.205273212629288 10
19.28767495531012 -2.205273212629288 12.5
19.28767495531012 -2.205273212629288 15
19.28767495531012 -2.205273212629288 17.5
19.28767495531012 -2.205273212629288 20
19.28767495531012 -2.205273212629288 22.5
19.28767495531012 -2.205273212629288 25
19.28767495531012 -2.205273212629288 27.5
19.28767495531012 -2.205273212629288 30
19.28767495531012 -2.205273212629288 32.5
19.28767495531012 -2.205273212629288 35
19.28767495531012 -2.205273212629288 37.5
9.898704723505176 14.71569581588329 2.5
9.898704723505176 14.71569581588329 5
9.898704723505176 14.71569581588329 7.5
9.898704723505176 14.71569581588329 10
9.898704723505176 14.71569581588329 12.5
9.898704723505176 14.71569581588329 15
9.898704723505176 14.71569581588329 17.5
9.898704723505176 14.71569581588329 20
9.898704723505176 14.71569581588329 22.5
9.898704723505176 14.71569581588329 25
9.898704723505176 14.71569581588329 27.5
9.898704723505176 14.71569581588329 30
9.898704723505176 14.71569581588329 32.5
9.898704723505176 14.71569581588329 35
9.898704723505176 14.71569581588329 37.5
7.323501957603624 14.45471810708729 2.5
7.323501957603624 14.45471810708729 5
7.323501957603624 14.45471810708729 7.5
7.323501957603624 14.45471810708729 10
7.323501957603624 14.45471810708729 12.5
7.323501957603624 14.45471810708729 15
7.323501957603624 14.45471810708729 17.5
7.323501957603624 14.45471810708729 20
7.323501957603624 14.45471810708729 22.5
7.323501957603624 14.45471810708729 25
7.323501957603624 14.45471810708729 27.5
7.323501957603624 14.45471810708729 30
7.323501957603624 14.45471810708729 32.5
7.323501957603624 14.45471810708729 35
7.323501957603624 14.45471810708729 37.5
7.555798027377926 -14.30136371800437 2.5
7.555798027377926 -14.30136371800437 5
7.555798027377926 -14.30136371800437 7.5
7.555798027377926 -14.30136371800437 10
7.555798027377926 -14.30136371800437 12.5
7.555798027377926 -14.30136371800437 15
7.555798027377926 -14.30136371800437 17.5
7.555798027377926 -14.30136371800437 20
7.555798027377926 -14.30136371800437 22.5
7.555798027377926 -14.30136371800437 25
7.555798027377926 -14.30136371800437 27.5
7.555798027377926 -14.30136371800437 30
7.555798027377926 -14.30136371800437 32.5
7.555798027377926 -14.30136371800437 35
7.555798027377926 -14.30136371800437 37.5
6.494179720389602 -5.87825684985118 2.5
6.494179720389602 -5.87825684985118 5
6.494179720389602 -5.87825684985118 7.5
6.494179720389602 -5.87825684985118 10
6.494179720389602 -5.87825684985118 12.5
6.494179720389602 -5.87825684985118 15
6.494179720389602 -5.87825684985118 17.5
6.494179720389602 -5.87825684985118 20
6.494179720389602 -5.87825684985118 22.5
6.494179720389602 -5.87825684985118 25
6.494179720389602 -5.87825684985118 27.5
6.494179720389602 -5.87825684985118 30
6.494179720389602 -5.87825684985118 32.5
6.494179720389602 -5.87825684985118 35
6.494179720389602 -5.87825684985118 37.5
7.980190145347248 -9.019086270618343 2.5
7.980190145347248 -9.019086270618343 5
7.980190145347248 -9.019086270618343 7.5
7.980190145347248 -9.019086270618343 10
7.980190145347248 -9.019086270618343 12.5
7.980190145347248 -9.019086270618343 15
7.980190145347248 -9.019086270618343 17.5
7.980190145347248 -9.019086270618343 20
7.980190145347248 -9.019086270618343 22.5
7.980190145347248 -9.019086270618343 25
7.980190145347248 -9.019086270618343 27.5
7.980190145347248 -9.019086270618343 30
7.980190145347248 -9.019086270618343 32.5
7.980190145347248 -9.019086270618343 35
7.980190145347248 -9.019086270618343 37.5
-8.92490778461265 12.89505782119446 2.5
-8.92490778461265 12.89505782119446 5
-8.92490778461265 12.89505782119446 7.5
-8.92490778461265 12.89505782119446 10
-8.92490778461265 12.89505782119446 12.5
-8.92490778461265 12.89505782119446 15
-8.92490778461265 12.89505782119446 17.5
-8.92490778461265 12.89505782119446 20
-8.92490778461265 12.89505782119446 22.5
-8.92490778461265 12.89505782119446 25
-8.92490778461265 12.89505782119446 27.5
-8.92490778461265 12.89505782119446 30
-8.92490778461265 12.89505782119446 32.5
-8.92490778461265 12.89505782119446 35
-8.92490778461265 12.89505782119446 37.5
14.94994384305465 12.94819538773953 2.5
14.94994384305465 12.94819538773953 5
14.94994384305465 12.94819538773953 7.5
14.94994384305465 12.94819538773953 10
14.94994384305465 12.94819538773953 12.5
14.94994384305465 12.94819538773953 15
14.94994384305465 12.94819538773953 17.5
14.94994384305465 12.94819538773953 20
14.94994384305465 12.94819538773953 22.5
14.94994384305465 12.94819538773953 25
14.94994384305465 12.94819538773953 27.5
14.94994384305465 12.94819538773953 30
14.94994384305465 12.94819538773953 32.5
14.94994384305465 12.94819538773953 35
14.94994384305465 12.94819538773953 37.5
17.52587375958656 -5.059131775996005 2.5
17.52587375958656 -5.059131775996005 5
17.52587375958656 -5.059131775996005 7.5
17.52587375958656 -5.059131775996005 10
17.52587375958656 -5.059131775996005 12.5
17.52587375958656 -5.059131775996005 15
17.52587375958656 -5.059131775996005 17.5
17.52587375958656 -5.059131775996005 20
17.52587375958656 -5.059131775996005 22.5
17.52587375958656 -5.059131775996005 25
17.52587375958656 -5.059131775996005 27.5
17.52587375958656 -5.059131775996005 30
17.52587375958656 -5.059131775996005 32.5
17.52587375958656 -5.059131775996005 35
17.52587375958656 -5.059131775996005 37.5
-16.31140546950201 7.810091301423129 2.5
-16.31140546950201 7.810091301423129 5
-16.31140546950201 7.810091301423129 7.5
-16.31140546950201 7.810091301423129 10
-16.31140546950201 7.810091301423129 12.5
-16.31140546950201 7.810091301423129 15
-16.31140546950201 7.810091301423129 17.5
-16.31140546950201 7.810091301423129 20
-16.31140546950201 7.810091301423129 22.5
-16.31140546950201 7.810091301423129 25
-16.31140546950201 7.810091301423129 27.5
-16.31140546950201 7.810091301423129 30
-16.31140546950201 7.810091301423129 32.5
-16.31140546950201 7.810091301423129 35
-16.31140546950201 7.810091301423129 37.5
15.1914382549749 -9.83617938589207 2.5
15.1914382549749 -9.83617938589207 5
15.1914382549749 -9.83617938589207 7.5
15.1914382549749 -9.83617938589207 10
15.1914382549749 -9.83617938589207 12.5
15.1914382549749 -9.83617938589207 15
15.1914382549749 -9.83617938589207 17.5
15.1914382549749 -9.83617938589207 20
15.1914382549749 -9.83617938589207 22.5
15.1914382549749 -9.83617938589207 25
15.1914382549749 -9.83617938589207 27.5
15.1914382549749 -9.83617938589207 30
15.1914382549749 -9.83617938589207 32.5
15.1914382549749 -9.83617938589207 35
15.1914382549749 -9.83617938589207 37.5
-0.5984094164038283 18.13668357647792 2.5
-0.5984094164038283 18.13668357647792 5
-0.5984094164038283 18.13668357647792 7.5
-0.5984094164038283 18.13668357647792 10
-0.5984094164038283 18.13668357647792 12.5
-0.5984094164038283 18.13668357647792 15
-0.5984094164038283 18.13668357647792 17.5
-0.5984094164038283 18.13668357647792 20
-0.5984094164038283 18.13668357647792 22.5
-0.5984094164038283 18.13668357647792 25
-0.5984094164038283 18.13668357647792 27.5
-0.5984094164038283 18.13668357647792 30
-0.5984094164038283 18.13668357647792 32.5
-0.5984094164038283 18.13668357647792 35
-0.5984094164038283 18.13668357647792 37.5
-17.18331977564191 6.156421614345381 2.5
-17.18331977564191 6.156421614345381 5
-17.18331977564191 6.156421614345381 7.5
-17.18331977564191 6.156421614345381 10
-17.18331977564191 6.156421614345381 12.5
-17.18331977564191 6.156421614345381 15
-17.18331977564191 6.156421614345381 17.5
-17.18331977564191 6.156421614345381 20
-17.18331977564191 6.156421614345381 22.5
-17.18331977564191 6.156421614345381 25
-17.18331977564191 6.156421614345381 27.5
-17.18331977564191 6.156421614345381 30
-17.18331977564191 6.156421614345381 32.5
-17.18331977564191 6.156421614345381 35
-17.18331977564191 6.156421614345381 37.5
-16.04043798206339 2.94874133260264 2.5
-16.04043798206339 2.94874133260264 5
-16.04043798206339 2.94874133260264 7.5
-16.04043798206339 2.94874133260264 10
-16.04043798206339 2.94874133260264 12.5
-16.04043798206339 2.94874133260264 15
-16.04043798206339 2.94874133260264 17.5
-16.04043798206339 2.94874133260264 20
-16.04043798206339 2.94874133260264 22.5
-16.04043798206339 2.94874133260264 25
-16.04043798206339 2.94874133260264 27.5
-16.04043798206339 2.94874133260264 30
-16.04043798206339 2.94874133260264 32.5
-16.04043798206339 2.94874133260264 35
-16.04043798206339 2.94874133260264 37.5
-18.36944402587469 3.700653745584201 2.5
-18.36944402587469 3.700653745584201 5
-18.36944402587469 3.700653745584201 7.5
-18.36944402587469 3.700653745584201 10
-18.36944402587469 3.700653745584201 12.5
-18.36944402587469 3.700653745584201 15
-18.36944402587469 3.700653745584201 17.5
-18.36944402587469 3.700653745584201 20
-18.36944402587469 3.700653745584201 22.5
-18.36944402587469 3.700653745584201 25
-18.36944402587469 3.700653745584201 27.5
-18.36944402587469 3.700653745584201 30
-18.36944402587469 3.700653745584201 32.5
-18.36944402587469 3.700653745584201 35
-18.36944402587469 3.700653745584201 37.5
-16.86517013968471 0.2733892975181417 2.5
-16.86517013968471 0.2733892975181417 5
-16.86517013968471 0.2733892975181417 7.5
-16.86517013968471 0.2733892975181417 10
-16.86517013968471 0.2733892975181417 12.5
-16.86517013968471 0.2733892975181417 15
-16.86517013968471 0.2733892975181417 17.5
-16.86517013968471 0.2733892975181417 20
-16.86517013968471 0.2733892975181417 22.5
-16.86517013968471 0.2733892975181417 25
-16.86517013968471 0.2733892975181417 27.5
-16.86517013968471 0.2733892975181417 30
-16.86517013968471 0.2733892975181417 32.5
-16.86517013968471 0.2733892975181417 35
-16.86517013968471 0.2733892975181417 37.5
-10.63052799473919 16.1023208096547 2.5
-10.63052799473919 16.1023208096547 5
-10.63052799473919 16.1023208096547 7.5
-10.63052799473919 16.1023208096547 10
-10.63052799473919 16.1023208096547 12.5
-10.63052799473919 16.1023208096547 15
-10.63052799473919 16.1023208096547 17.5
-10.63052799473919 16.1023208096547 20
-10.63052799473919 16.1023208096547 22.5
-10.63052799473919 16.1023208096547 25
-10.63052799473919 16.1023208096547 27.5
-10.63052799473919 16.1023208096547 30
-10.63052799473919 16.1023208096547 32.5
-10.63052799473919 16.1023208096547 35
-10.63052799473919 16.1023208096547 37.5
-8.632160593208962 -16.31207867173713 2.5
-8.632160593208962 -16.31207867173713 5
-8.632160593208962 -16.31207867173713 7.5
-8.632160593208962 -16.31207867173713 10
-8.632160593208962 -16.31207867173713 12.5
-8.632160593208962 -16.31207867173713 15
-8.632160593208962 -16.31207867173713 17.5
-8.632160593208962 -16.31207867173713 20
-8.632160593208962 -16.31207867173713 22.5
-8.632160593208962 -16.31207867173713 25
-8.632160593208962 -16.31207867173713 27.5
-8.632160593208962 -16.31207867173713 30
-8.632160593208962 -16.31207867173713 32.5
-8.632160593208962 -16.31207867173713 35
-8.632160593208962 -16.31207867173713 37.5
-6.42587573838509 -16.4734388739557 2.5
-6.42587573838509 -16.4734388739557 5
-6.42587573838509 -16.4734388739557 7.5
-6.42587573838509 -16.4734388739557 10
-6.42587573838509 -16.4734388739557 12.5
-6.42587573838509 -16.4734388739557 15
-6.42587573838509 -16.4734388739557 17.5
-6.42587573838509 -16.4734388739557 20
-6.42587573838509 -16.4734388739557 22.5
-6.42587573838509 -16.4734388739557 25
-6.42587573838509 -16.4734388739557 27.5
-6.42587573838509 -16.4734388739557 30
-6.42587573838509 -16.4734388739557 32.5
-6.42587573838509 -16.4734388739557 35
-6.42587573838509 -16.4734388739557 37.5
-4.634815574926763 -12.12214872023905 2.5
-4.634815574926763 -12.12214872023905 5
-4.634815574926763 -12.12214872023905 7.5
-4.634815574926763 -12.12214872023905 10
-4.634815574926763 -12.12214872023905 12.5
-4.634815574926763 -12.12214872023905 15
-4.634815574926763 -12.12214872023905 17.5
-4.634815574926763 -12.12214872023905 20
-4.634815574926763 -12.12214872023905 22.5
-4.634815574926763 -12.12214872023905 25
-4.634815574926763 -12.12214872023905 27.5
-4.634815574926763 -12.12214872023905 30
-4.634815574926763 -12.12214872023905 32.5
-4.634815574926763 -12.12214872023905 35
-4.634815574926763 -12.12214872023905 37.5
2.804553300016721 18.72304562115412 2.5
2.804553300016721 18.72304562115412 5
2.804553300016721 18.72304562115412 7.5
2.804553300016721 18.72304562115412 10
2.804553300016721 18.72304562115412 12.5
2.804553300016721 18.72304562115412 15
2.804553300016721 18.72304562115412 17.5
2.804553300016721 18.72304562115412 20
2.804553300016721 18.72304562115412 22.5
2.804553300016721 18.72304562115412 25
2.804553300016721 18.72304562115412 27.5
2.804553300016721 18.72304562115412 30
2.804553300016721 18.72304562115412 32.5
2.804553300016721 18.72304562115412 35
2.804553300016721 18.72304562115412 37.5
4.457983362621569 15.97918627423197 2.5
4.457983362621569 15.97918627423197 5
4.457983362621569 15.97918627423197 7.5
4.457983362621569 15.97918627423197 10
4.457983362621569 15.97918627423197 12.5
4.457983362621569 15.97918627423197 15
4.457983362621569 15.97918627423197 17.5
4.457983362621569 15.97918627423197 20
4.457983362621569 15.97918627423197 22.5
4.457983362621569 15.97918627423197 25
4.457983362621569 15.97918627423197 27.5
4.457983362621569 15.97918627423197 30
4.457983362621569 15.97918627423197 32.5
4.457983362621569 15.97918627423197 35
4.457983362621569 15.97918627423197 37.5
-13.12993965380769 15.53029937828117 2.5
-13.12993965380769 15.53029937828117 5
-13.12993965380769 15.53029937828117 7.5
-13.12993965380769 15.53029937828117 10
-13.12993965380769 15.53029937828117 12.5
-13.12993965380769 15.53029937828117 15
-13.12993965380769 15.53029937828117 17.5
-13.12993965380769 15.53029937828117 20
-13.12993965380769 15.53029937828117 22.5
-13.12993965380769 15.53029937828117 25
-13.12993965380769 15.53029937828117 27.5
-13.12993965380769 15.53029937828117 30
-13.12993965380769 15.53029937828117 32.5
-13.12993965380769 15.53029937828117 35
-13.12993965380769 15.53029937828117 37.5
12.21475317050882 -14.05550559124833 2.5
12.21475317050882 -14.05550559124833 5
12.21475317050882 -14.05550559124833 7.5
12.21475317050882 -14.05550559124833 10
12.21475317050882 -14.05550559124833 12.5
12.21475317050882 -14.05550559124833 15
12.21475317050882 -14.05550559124833 17.5
12.21475317050882 -14.05550559124833 20
12.21475317050882 -14.05550559124833 22.5
12.21475317050882 -14.05550559124833 25
12.21475317050882 -14.05550559124833 27.5
12.21475317050882 -14.05550559124833 30
12.21475317050882 -14.05550559124833 32.5
12.21475317050882 -14.05550559124833 35
12.21475317050882 -14.05550559124833 37.5
-7.225334391593995 -18.84630802946385 2.5
-7.225334391593995 -18.84630802946385 5
-7.225334391593995 -18.84630802946385 7.5
-7.225334391593995 -18.84630802946385 10
-7.225334391593995 -18.84630802946385 12.5
-7.225334391593995 -18.84630802946385 15
-7.225334391593995 -18.84630802946385 17.5
-7.225334391593995 -18.84630802946385 20
-7.225334391593995 -18.84630802946385 22.5
-7.225334391593995 -18.84630802946385 25
-7.225334391593995 -18.84630802946385 27.5
-7.225334391593995 -18.84630802946385 30
-7.225334391593995 -18.84630802946385 32.5
-7.225334391593995 -18.84630802946385 35
-7.225334391593995 -18.84630802946385 37.5
-4.760717879123055 -18.04461801410814 2.5
-4.760717879123055 -18.04461801410814 5
-4.760717879123055 -18.04461801410814 7.5
-4.760717879123055 -18.04461801410814 10
-4.760717879123055 -18.04461801410814 12.5
-4.760717879123055 -18.04461801410814 15
-4.760717879123055 -18.04461801410814 17.5
-4.760717879123055 -18.04461801410814 20
-4.760717879123055 -18.04461801410814 22.5
-4.760717879123055 -18.04461801410814 25
-4.760717879123055 -18.04461801410814 27.5
-4.760717879123055 -18.04461801410814 30
-4.760717879123055 -18.04461801410814 32.5
-4.760717879123055 -18.04461801410814 35
-4.760717879123055 -18.04461801410814 37.5
-13.14315142675211 -14.4400821686679 2.5
-13.14315142675211 -14.4400821686679 5
-13.14315142675211 -14.4400821686679 7.5
-13.14315142675211 -14.4400821686679 10
-13.14315142675211 -14.4400821686679 12.5
-13.14315142675211 -14.4400821686679 15
-13.14315142675211 -14.4400821686679 17.5
-13.14315142675211 -14.4400821686679 20
-13.14315142675211 -14.4400821686679 22.5
-13.14315142675211 -14.4400821686679 25
-13.14315142675211 -14.4400821686679 27.5
-13.14315142675211 -14.4400821686679 30
-13.14315142675211 -14.4400821686679 32.5
-13.14315142675211 -14.4400821686679 35
-13.14315142675211 -14.4400821686679 37.5
-15.4382002884989 -12.03064932899079 2.5
-15.4382002884989 -12.03064932899079 5
-15.4382002884989 -12.03064932899079 7.5
-15.4382002884989 -12.03064932899079 10
-15.4382002884989 -12.03064932899079 12.5
-15.4382002884989 -12.03064932899079 15
-15.4382002884989 -12.03064932899079 17.5
-15.4382002884989 -12.03064932899079 20
-15.4382002884989 -12.03064932899079 22.5
-15.4382002884989 -12.03064932899079 25
-15.4382002884989 -12.03064932899079 27.5
-15.4382002884989 -12.03064932899079 30
-15.4382002884989 -12.03064932899079 32.5
-15.4382002884989 -12.03064932899079 35
-15.4382002884989 -12.03064932899079 37.5
11.71761897743029 -16.62707941484353 2.5
11.71761897743029 -16.62707941484353 5
11.71761897743029 -16.62707941484353 7.5
11.71761897743029 -16.62707941484353 10
11.71761897743029 -16.62707941484353 12.5
11.71761897743029 -16.62707941484353 15
11.71761897743029 -16.62707941484353 17.5
11.71761897743029 -16.62707941484353 20
11.71761897743029 -16.62707941484353 22.5
11.71761897743029 -16.62707941484353 25
11.71761897743029 -16.62707941484353 27.5
11.71761897743029 -16.62707941484353 30
11.71761897743029 -16.62707941484353 32.5
11.71761897743029 -16.62707941484353 35
11.71761897743029 -16.62707941484353 37.5
9.28619190506989 17.64975995700486 2.5
9.28619190506989 17.64975995700486 5
9.28619190506989 17.64975995700486 7.5
9.28619190506989 17.64975995700486 10
9.28619190506989 17.64975995700486 12.5
9.28619190506989 17.64975995700486 15
9.28619190506989 17.64975995700486 17.5
9.28619190506989 17.64975995700486 20
9.28619190506989 17.64975995700486 22.5
9.28619190506989 17.64975995700486 25
9.28619190506989 17.64975995700486 27.5
9.28619190506989 17.64975995700486 30
9.28619190506989 17.64975995700486 32.5
9.28619190506989 17.64975995700486 35
9.28619190506989 17.64975995700486 37.5
-2.750778445656941 -19.97336922131807 2.5
-2.750778445656941 -19.97336922131807 5
-2.750778445656941 -19.97336922131807 7.5
-2.750778445656941 -19.97336922131807 10
-2.750778445656941 -19.97336922131807 12.5
-2.750778445656941 -19.97336922131807 15
-2.750778445656941 -19.97336922131807 17.5
-2.750778445656941 -19.97336922131807 20
-2.750778445656941 -19.97336922131807 22.5
-2.750778445656941 -19.97336922131807 25
-2.750778445656941 -19.97336922131807 27.5
-2.750778445656941 -19.97336922131807 30
-2.750778445656941 -19.97336922131807 32.5
-2.750778445656941 -19.97336922131807 35
-2.750778445656941 -19.97336922131807 37.5
-16.45492937963132 -15.04418537823135 2.5
-16.45492937963132 -15.04418537823135 5
-16.45492937963132 -15.04418537823135 7.5
-16.45492937963132 -15.04418537823135 10
-16.45492937963132 -15.04418537823135 12.5
-16.45492937963132 -15.04418537823135 15
-16.45492937963132 -15.04418537823135 17.5
-16.45492937963132 -15.04418537823135 20
-16.45492937963132 -15.04418537823135 22.5
-16.45492937963132 -15.04418537823135 25
-16.45492937963132 -15.04418537823135 27.5
-16.45492937963132 -15.04418537823135 30
-16.45492937963132 -15.04418537823135 32.5
-16.45492937963132 -15.04418537823135 35
-16.45492937963132 -15.04418537823135 37.5
-11.18872755746684 -16.38986270638461 2.5
-11.18872755746684 -16.38986270638461 5
-11.18872755746684 -16.38986270638461 7.5
-11.18872755746684 -16.38986270638461 10
-11.18872755746684 -16.38986270638461 12.5
-11.18872755746684 -16.38986270638461 15
-11.18872755746684 -16.38986270638461 17.5
-11.18872755746684 -16.38986270638461 20
-11.18872755746684 -16.38986270638461 22.5
-11.18872755746684 -16.38986270638461 25
-11.18872755746684 -16.38986270638461 27.5
-11.18872755746684 -16.38986270638461 30
-11.18872755746684 -16.38986270638461 32.5
-11.18872755746684 -16.38986270638461 35
-11.18872755746684 -16.38986270638461 37.5
16.71151415258826 10.8387537915062 2.5
16.71151415258826 10.8387537915062 5
16.71151415258826 10.8387537915062 7.5
16.71151415258826 10.8387537915062 10
16.71151415258826 10.8387537915062 12.5
16.71151415258826 10.8387537915062 15
16.71151415258826 10.8387537915062 17.5
16.71151415258826 10.8387537915062 20
16.71151415258826 10.8387537915062 22.5
16.71151415258826 10.8387537915062 25
16.71151415258826 10.8387537915062 27.5
16.71151415258826 10.8387537915062 30
16.71151415258826 10.8387537915062 32.5
16.71151415258826 10.8387537915062 35
16.71151415258826 10.8387537915062 37.5
-2.980076222328333 -17.8099485927662 2.5
-2.980076222328333 -17.8099485927662 5
-2.980076222328333 -17.8099485927662 7.5
-2.980076222328333 -17.8099485927662 10
-2.980076222328333 -17.8099485927662 12.5
-2.980076222328333 -17.8099485927662 15
-2.980076222328333 -17.8099485927662 17.5
-2.980076222328333 -17.8099485927662 20
-2.980076222328333 -17.8099485927662 22.5
-2.980076222328333 -17.8099485927662 25
-2.980076222328333 -17.8099485927662 27.5
-2.980076222328333 -17.8099485927662 30
-2.980076222328333 -17.8099485927662 32.5
-2.980076222328333 -17.8099485927662 35
-2.980076222328333 -17.8099485927662 37.5
4.319064204821554 -13.91412431784375 2.5
4.319064204821554 -13.91412431784375 5
4.319064204821554 -13.91412431784375 7.5
4.319064204821554 -13.91412431784375 10
4.319064204821554 -13.91412431784375 12.5
4.319064204821554 -13.91412431784375 15
4.319064204821554 -13.91412431784375 17.5
4.319064204821554 -13.91412431784375 20
4.319064204821554 -13.91412431784375 22.5
4.319064204821554 -13.91412431784375 25
4.319064204821554 -13.91412431784375 27.5
4.319064204821554 -13.91412431784375 30
4.319064204821554 -13.91412431784375 32.5
4.319064204821554 -13.91412431784375 35
4.319064204821554 -13.91412431784375 37.5
5.773046758117975 -16.2731462427714 2.5
5.773046758117975 -16.2731462427714 5
5.773046758117975 -16.2731462427714 7.5
5.773046758117975 -16.2731462427714 10
5.773046758117975 -16.2731462427714 12.5
5.773046758117975 -16.2731462427714 15
5.773046758117975 -16.2731462427714 17.5
5.773046758117975 -16.2731462427714 20
5.773046758117975 -16.2731462427714 22.5
5.773046758117975 -16.2731462427714 25
5.773046758117975 -16.2731462427714 27.5
5.773046758117975 -16.2731462427714 30
5.773046758117975 -16.2731462427714 32.5
5.773046758117975 -16.2731462427714 35
5.773046758117975 -16.2731462427714 37.5
8.906878673643678 -16.7433231781473 2.5
8.906878673643678 -16.7433231781473 5
8.906878673643678 -16.7433231781473 7.5
8.906878673643678 -16.7433231781473 10
8.906878673643678 -16.7433231781473 12.5
8.906878673643678 -16.7433231781473 15
8.906878673643678 -16.7433231781473 17.5
8.906878673643678 -16.7433231781473 20
8.906878673643678 -16.7433231781473 22.5
8.906878673643678 -16.7433231781473 25
8.906878673643678 -16.7433231781473 27.5
8.906878673643678 -16.7433231781473 30
8.906878673643678 -16.7433231781473 32.5
8.906878673643678 -16.7433231781473 35
8.906878673643678 -16.7433231781473 37.5
8.246621500432733 -19.26582517366555 2.5
8.246621500432733 -19.26582517366555 5
8.246621500432733 -19.26582517366555 7.5
8.246621500432733 -19.26582517366555 10
8.246621500432733 -19.26582517366555 12.5
8.246621500432733 -19.26582517366555 15
8.246621500432733 -19.26582517366555 17.5
8.246621500432733 -19.26582517366555 20
8.246621500432733 -19.26582517366555 22.5
8.246621500432733 -19.26582517366555 25
8.246621500432733 -19.26582517366555 27.5
8.246621500432733 -19.26582517366555 30
8.246621500432733 -19.26582517366555 32.5
8.246621500432733 -19.26582517366555 35
8.246621500432733 -19.26582517366555 37.5
-1.025158466092574 -12.52976526124833 2.5
-1.025158466092574 -12.52976526124833 5
-1.025158466092574 -12.52976526124833 7.5
-1.025158466092574 -12.52976526124833 10
-1.025158466092574 -12.52976526124833 12.5
-1.025158466092574 -12.52976526124833 15
-1.025158466092574 -12.52976526124833 17.5
-1.025158466092574 -12.52976526124833 20
-1.025158466092574 -12.52976526124833 22.5
-1.025158466092574 -12.52976526124833 25
-1.025158466092574 -12.52976526124833 27.5
-1.025158466092574 -12.52976526124833 30
-1.025158466092574 -12.52976526124833 32.5
-1.025158466092574 -12.52976526124833 35
-1.025158466092574 -12.52976526124833 37.5
-1.965511971345138 -6.623533659155386 2.5
-1.965511971345138 -6.623533659155386 5
-1.965511971345138 -6.623533659155386 7.5
-1.965511971345138 -6.623533659155386 10
-1.965511971345138 -6.623533659155386 12.5
-1.965511971345138 -6.623533659155386 15
-1.965511971345138 -6.623533659155386 17.5
-1.965511971345138 -6.623533659155386 20
-1.965511971345138 -6.623533659155386 22.5
-1.965511971345138 -6.623533659155386 25
-1.965511971345138 -6.623533659155386 27.5
-1.965511971345138 -6.623533659155386 30
-1.965511971345138 -6.623533659155386 32.5
-1.965511971345138 -6.623533659155386 35
-1.965511971345138 -6.623533659155386 37.5
-4.078266052945471 -5.155642921438232 2.5
-4.078266052945471 -5.155642921438232 5
-4.078266052945471 -5.155642921438232 7.5
-4.078266052945471 -5.155642921438232 10
-4.078266052945471 -5.155642921438232 12.5
-4.078266052945471 -5.155642921438232 15
-4.078266052945471 -5.155642921438232 17.5
-4.078266052945471 -5.155642921438232 20
-4.078266052945471 -5.155642921438232 22.5
-4.078266052945471 -5.155642921438232 25
-4.078266052945471 -5.155642921438232 27.5
-4.078266052945471 -5.155642921438232 30
-4.078266052945471 -5.155642921438232 32.5
-4.078266052945471 -5.155642921438232 35
-4.078266052945471 -5.155642921438232 37.5
4.34399138272964 -10.8818705464467 2.5
4.34399138272964 -10.8818705464467 5
4.34399138272964 -10.8818705464467 7.5
4.34399138272964 -10.8818705464467 10
4.34399138272964 -10.8818705464467 12.5
4.34399138272964 -10.8818705464467 15
4.34399138272964 -10.8818705464467 17.5
4.34399138272964 -10.8818705464467 20
4.34399138272964 -10.8818705464467 22.5
4.34399138272964 -10.8818705464467 25
4.34399138272964 -10.8818705464467 27.5
4.34399138272964 -10.8818705464467 30
4.34399138272964 -10.8818705464467 32.5
4.34399138272964 -10.8818705464467 35
4.34399138272964 -10.8818705464467 37.5
-5.556364286417927 -7.323094102033473 2.5
-5.556364286417927 -7.323094102033473 5
-5.556364286417927 -7.323094102033473 7.5
-5.556364286417927 -7.323094102033473 10
-5.556364286417927 -7.323094102033473 12.5
-5.556364286417927 -7.323094102033473 15
-5.556364286417927 -7.323094102033473 17.5
-5.556364286417927 -7.323094102033473 20
-5.556364286417927 -7.323094102033473 22.5
-5.556364286417927 -7.323094102033473 25
-5.556364286417927 -7.323094102033473 27.5
-5.556364286417927 -7.323094102033473 30
-5.556364286417927 -7.323094102033473 32.5
-5.556364286417927 -7.323094102033473 35
-5.556364286417927 -7.323094102033473 37.5
3.939796198565492 -5.362876757683095 2.5
3.939796198565492 -5.362876757683095 5
3.939796198565492 -5.362876757683095 7.5
3.939796198565492 -5.362876757683095 10
3.939796198565492 -5.362876757683095 12.5
3.939796198565492 -5.362876757683095 15
3.939796198565492 -5.362876757683095 17.5
3.939796198565492 -5.362876757683095 20
3.939796198565492 -5.362876757683095 22.5
3.939796198565492 -5.362876757683095 25
3.939796198565492 -5.362876757683095 27.5
3.939796198565492 -5.362876757683095 30
3.939796198565492 -5.362876757683095 32.5
3.939796198565492 -5.362876757683095 35
3.939796198565492 -5.362876757683095 37.5
16.30828385985824 -7.508669816545665 2.5
16.30828385985824 -7.508669816545665 5
16.30828385985824 -7.508669816545665 7.5
16.30828385985824 -7.508669816545665 10
16.30828385985824 -7.508669816545665 12.5
16.30828385985824 -7.508669816545665 15
16.30828385985824 -7.508669816545665 17.5
16.30828385985824 -7.508669816545665 20
16.30828385985824 -7.508669816545665 22.5
16.30828385985824 -7.508669816545665 25
16.30828385985824 -7.508669816545665 27.5
16.30828385985824 -7.508669816545665 30
16.30828385985824 -7.508669816545665 32.5
16.30828385985824 -7.508669816545665 35
16.30828385985824 -7.508669816545665 37.5
5.007539293899354 -2.687821086228295 2.5
5.007539293899354 -2.687821086228295 5
5.007539293899354 -2.687821086228295 7.5
5.007539293899354 -2.687821086228295 10
5.007539293899354 -2.687821086228295 12.5
5.007539293899354 -2.687821086228295 15
5.007539293899354 -2.687821086228295 17.5
5.007539293899354 -2.687821086228295 20
5.007539293899354 -2.687821086228295 22.5
5.007539293899354 -2.687821086228295 25
5.007539293899354 -2.687821086228295 27.5
5.007539293899354 -2.687821086228295 30
5.007539293899354 -2.687821086228295 32.5
5.007539293899354 -2.687821086228295 35
5.007539293899354 -2.687821086228295 37.5
6.034514986456326 -0.1079922509899192 2.5
6.034514986456326 -0.1079922509899192 5
6.034514986456326 -0.1079922509899192 7.5
6.034514986456326 -0.1079922509899192 10
6.034514986456326 -0.1079922509899192 12.5
6.034514986456326 -0.1079922509899192 15
6.034514986456326 -0.1079922509899192 17.5
6.034514986456326 -0.1079922509899192 20
6.034514986456326 -0.1079922509899192 22.5
6.034514986456326 -0.1079922509899192 25
6.034514986456326 -0.1079922509899192 27.5
6.034514986456326 -0.1079922509899192 30
6.034514986456326 -0.1079922509899192 32.5
6.034514986456326 -0.1079922509899192 35
6.034514986456326 -0.1079922509899192 37.5
6.644615486317701 16.79923482964983 2.5
6.644615486317701 16.79923482964983 5
6.644615486317701 16.79923482964983 7.5
6.644615486317701 16.79923482964983 10
6.644615486317701 16.79923482964983 12.5
6.644615486317701 16.79923482964983 15
6.644615486317701 16.79923482964983 17.5
6.644615486317701 16.79923482964983 20
6.644615486317701 16.79923482964983 22.5
6.644615486317701 16.79923482964983 25
6.644615486317701 16.79923482964983 27.5
6.644615486317701 16.79923482964983 30
6.644615486317701 16.79923482964983 32.5
6.644615486317701 16.79923482964983 35
6.644615486317701 16.79923482964983 37.5
6.879328102885317 -12.0824370611303 2.5
6.879328102885317 -12.0824370611303 5
6.879328102885317 -12.0824370611303 7.5
6.879328102885317 -12.0824370611303 10
6.879328102885317 -12.0824370611303 12.5
6.879328102885317 -12.0824370611303 15
6.879328102885317 -12.0824370611303 17.5
6.879328102885317 -12.0824370611303 20
6.879328102885317 -12.0824370611303 22.5
6.879328102885317 -12.0824370611303 25
6.879328102885317 -12.0824370611303 27.5
6.879328102885317 -12.0824370611303 30
6.879328102885317 -12.0824370611303 32.5
6.879328102885317 -12.0824370611303 35
6.879328102885317 -12.0824370611303 37.5
15.13482684406996 -4.571454606871725 2.5
15.13482684406996 -4.571454606871725 5
15.13482684406996 -4.571454606871725 7.5
15.13482684406996 -4.571454606871725 10
15.13482684406996 -4.571454606871725 12.5
15.13482684406996 -4.571454606871725 15
15.13482684406996 -4.571454606871725 17.5
15.13482684406996 -4.571454606871725 20
15.13482684406996 -4.571454606871725 22.5
15.13482684406996 -4.571454606871725 25
15.13482684406996 -4.571454606871725 27.5
15.13482684406996 -4.571454606871725 30
15.13482684406996 -4.571454606871725 32.5
15.13482684406996 -4.571454606871725 35
15.13482684406996 -4.571454606871725 37.5
5.505551540604403 14.36628997806693 2.5
5.505551540604403 14.36628997806693 5
5.505551540604403 14.36628997806693 7.5
5.505551540604403 14.36628997806693 10
5.505551540604403 14.36628997806693 12.5
5.505551540604403 14.36628997806693 15
5.505551540604403 14.36628997806693 17.5
5.505551540604403 14.36628997806693 20
5.505551540604403 14.36628997806693 22.5
5.505551540604403 14.36628997806693 25
5.505551540604403 14.36628997806693 27.5
5.505551540604403 14.36628997806693 30
5.505551540604403 14.36628997806693 32.5
5.505551540604403 14.36628997806693 35
5.505551540604403 14.36628997806693 37.5
2.662744428967306 14.54833192095769 2.5
2.662744428967306 14.54833192095769 5
2.662744428967306 14.54833192095769 7.5
2.662744428967306 14.54833192095769 10
2.662744428967306 14.54833192095769 12.5
2.662744428967306 14.54833192095769 15
2.662744428967306 14.54833192095769 17.5
2.662744428967306 14.54833192095769 20
2.662744428967306 14.54833192095769 22.5
2.662744428967306 14.54833192095769 25
2.662744428967306 14.54833192095769 27.5
2.662744428967306 14.54833192095769 30
2.662744428967306 14.54833192095769 32.5
2.662744428967306 14.54833192095769 35
2.662744428967306 14.54833192095769 37.5
-14.31530393127639 10.237334163465 2.5
-14.31530393127639 10.237334163465 5
-14.31530393127639 10.237334163465 7.5
-14.31530393127639 10.237334163465 10
-14.31530393127639 10.237334163465 12.5
-14.31530393127639 10.237334163465 15
-14.31530393127639 10.237334163465 17.5
-14.31530393127639 10.237334163465 20
-14.31530393127639 10.237334163465 22.5
-14.31530393127639 10.237334163465 25
-14.31530393127639 10.237334163465 27.5
-14.31530393127639 10.237334163465 30
-14.31530393127639 10.237334163465 32.5
-14.31530393127639 10.237334163465 35
-14.31530393127639 10.237334163465 37.5
-14.31640864470489 13.3053298556044 2.5
-14.31640864470489 13.3053298556044 5
-14.31640864470489 13.3053298556044 7.5
-14.31640864470489 13.3053298556044 10
-14.31640864470489 13.3053298556044 12.5
-14.31640864470489 13.3053298556044 15
-14.31640864470489 13.3053298556044 17.5
-14.31640864470489 13.3053298556044 20
-14.31640864470489 13.3053298556044 22.5
-14.31640864470489 13.3053298556044 25
-14.31640864470489 13.3053298556044 27.5
-14.31640864470489 13.3053298556044 30
-14.31640864470489 13.3053298556044 32.5
-14.31640864470489 13.3053298556044 35
-14.31640864470489 13.3053298556044 37.5
3.815965589575524 0.7155394100810873 2.5
3.815965589575524 0.7155394100810873 5
3.815965589575524 0.7155394100810873 7.5
3.815965589575524 0.7155394100810873 10
3.815965589575524 0.7155394100810873 12.5
3.815965589575524 0.7155394100810873 15
3.815965589575524 0.7155394100810873 17.5
3.815965589575524 0.7155394100810873 20
3.815965589575524 0.7155394100810873 22.5
3.815965589575524 0.7155394100810873 25
3.815965589575524 0.7155394100810873 27.5
3.815965589575524 0.7155394100810873 30
3.815965589575524 0.7155394100810873 32.5
3.815965589575524 0.7155394100810873 35
3.815965589575524 0.7155394100810873 37.5
-12.00524559745975 0.3328222404487144 2.5
-12.00524559745975 0.3328222404487144 5
-12.00524559745975 0.3328222404487144 7.5
-12.00524559745975 0.3328222404487144 10
-12.00524559745975 0.3328222404487144 12.5
-12.00524559745975 0.3328222404487144 15
-12.00524559745975 0.3328222404487144 17.5
-12.00524559745975 0.3328222404487144 20
-12.00524559745975 0.3328222404487144 22.5
-12.00524559745975 0.3328222404487144 25
-12.00524559745975 0.3328222404487144 27.5
-12.00524559745975 0.3328222404487144 30
-12.00524559745975 0.3328222404487144 32.5
-12.00524559745975 0.3328222404487144 35
-12.00524559745975 0.3328222404487144 37.5
-2.718546535383489 -2.962540081247527 2.5
-2.718546535383489 -2.962540081247527 5
-2.718546535383489 -2.962540081247527 7.5
-2.718546535383489 -2.962540081247527 10
-2.718546535383489 -2.962540081247527 12.5
-2.718546535383489 -2.962540081247527 15
-2.718546535383489 -2.962540081247527 17.5
-2.718546535383489 -2.962540081247527 20
-2.718546535383489 -2.962540081247527 22.5
-2.718546535383489 -2.962540081247527 25
-2.718546535383489 -2.962540081247527 27.5
-2.718546535383489 -2.962540081247527 30
-2.718546535383489 -2.962540081247527 32.5
-2.718546535383489 -2.962540081247527 35
-2.718546535383489 -2.962540081247527 37.5
6.019629518952387 9.764781885796516 2.5
6.019629518952387 9.764781885796516 5
6.019629518952387 9.764781885796516 7.5
6.019629518952387 9.764781885796516 10
6.019629518952387 9.764781885796516 12.5
6.019629518952387 9.764781885796516 15
6.019629518952387 9.764781885796516 17.5
6.019629518952387 9.764781885796516 20
6.019629518952387 9.764781885796516 22.5
6.019629518952387 9.764781885796516 25
6.019629518952387 9.764781885796516 27.5
6.019629518952387 9.764781885796516 30
6.019629518952387 9.764781885796516 32.5
6.019629518952387 9.764781885796516 35
6.019629518952387 9.764781885796516 37.5
-13.54819811879792 2.535780373457512 2.5
-13.54819811879792 2.535780373457512 5
-13.54819811879792 2.535780373457512 7.5
-13.54819811879792 2.535780373457512 10
-13.54819811879792 2.535780373457512 12.5
-13.54819811879792 2.535780373457512 15
-13.54819811879792 2.535780373457512 17.5
-13.54819811879792 2.535780373457512 20
-13.54819811879792 2.535780373457512 22.5
-13.54819811879792 2.535780373457512 25
-13.54819811879792 2.535780373457512 27.5
-13.54819811879792 2.535780373457512 30
-13.54819811879792 2.535780373457512 32.5
-13.54819811879792 2.535780373457512 35
-13.54819811879792 2.535780373457512 37.5
14.29932169850889 -11.49706082249566 2.5
14.29932169850889 -11.49706082249566 5
14.29932169850889 -11.49706082249566 7.5
14.29932169850889 -11.49706082249566 10
14.29932169850889 -11.49706082249566 12.5
14.29932169850889 -11.49706082249566 15
14.29932169850889 -11.49706082249566 17.5
14.29932169850889 -11.49706082249566 20
14.29932169850889 -11.49706082249566 22.5
14.29932169850889 -11.49706082249566 25
14.29932169850889 -11.49706082249566 27.5
14.29932169850889 -11.49706082249566 30
14.29932169850889 -11.49706082249566 32.5
14.29932169850889 -11.49706082249566 35
14.29932169850889 -11.49706082249566 37.5
7.510992672472558 11.55579049380334 2.5
7.510992672472558 11.55579049380334 5
7.510992672472558 11.55579049380334 7.5
7.510992672472558 11.55579049380334 10
7.510992672472558 11.55579049380334 12.5
7.510992672472558 11.55579049380334 15
7.510992672472558 11.55579049380334 17.5
7.510992672472558 11.55579049380334 20
7.510992672472558 11.55579049380334 22.5
7.510992672472558 11.55579049380334 25
7.510992672472558 11.55579049380334 27.5
7.510992672472558 11.55579049380334 30
7.510992672472558 11.55579049380334 32.5
7.510992672472558 11.55579049380334 35
7.510992672472558 11.55579049380334 37.5
-1.35694032212526 6.930128522443079 2.5
-1.35694032212526 6.930128522443079 5
-1.35694032212526 6.930128522443079 7.5
-1.35694032212526 6.930128522443079 10
-1.35694032212526 6.930128522443079 12.5
-1.35694032212526 6.930128522443079 15
-1.35694032212526 6.930128522443079 17.5
-1.35694032212526 6.930128522443079 20
-1.35694032212526 6.930128522443079 22.5
-1.35694032212526 6.930128522443079 25
-1.35694032212526 6.930128522443079 27.5
-1.35694032212526 6.930128522443079 30
-1.35694032212526 6.930128522443079 32.5
-1.35694032212526 6.930128522443079 35
-1.35694032212526 6.930128522443079 37.5
-3.175460685702826 5.169035860425524 2.5
-3.175460685702826 5.169035860425524 5
-3.175460685702826 5.169035860425524 7.5
-3.175460685702826 5.169035860425524 10
-3.175460685702826 5.169035860425524 12.5
-3.175460685702826 5.169035860425524 15
-3.175460685702826 5.169035860425524 17.5
-3.175460685702826 5.169035860425524 20
-3.175460685702826 5.169035860425524 22.5
-3.175460685702826 5.169035860425524 25
-3.175460685702826 5.169035860425524 27.5
-3.175460685702826 5.169035860425524 30
-3.175460685702826 5.169035860425524 32.5
-3.175460685702826 5.169035860425524 35
-3.175460685702826 5.169035860425524 37.5
-3.317586778661326 9.514858303057034 2.5
-3.317586778661326 9.514858303057034 5
-3.317586778661326 9.514858303057034 7.5
-3.317586778661326 9.514858303057034 10
-3.317586778661326 9.514858303057034 12.5
-3.317586778661326 9.514858303057034 15
-3.317586778661326 9.514858303057034 17.5
-3.317586778661326 9.514858303057034 20
-3.317586778661326 9.514858303057034 22.5
-3.317586778661326 9.514858303057034 25
-3.317586778661326 9.514858303057034 27.5
-3.317586778661326 9.514858303057034 30
-3.317586778661326 9.514858303057034 32.5
-3.317586778661326 9.514858303057034 35
-3.317586778661326 9.514858303057034 37.5
-4.780961932719776 3.146361172664019 2.5
-4.780961932719776 3.146361172664019 5
-4.780961932719776 3.146361172664019 7.5
-4.780961932719776 3.146361172664019 10
-4.780961932719776 3.146361172664019 12.5
-4.780961932719776 3.146361172664019 15
-4.780961932719776 3.146361172664019 17.5
-4.780961932719776 3.146361172664019 20
-4.780961932719776 3.146361172664019 22.5
-4.780961932719776 3.146361172664019 25
-4.780961932719776 3.146361172664019 27.5
-4.780961932719776 3.146361172664019 30
-4.780961932719776 3.146361172664019 32.5
-4.780961932719776 3.146361172664019 35
-4.780961932719776 3.146361172664019 37.5
-5.259153630737659 7.539726771305912 2.5
-5.259153630737659 7.539726771305912 5
-5.259153630737659 7.539726771305912 7.5
-5.259153630737659 7.539726771305912 10
-5.259153630737659 7.539726771305912 12.5
-5.259153630737659 7.539726771305912 15
-5.259153630737659 7.539726771305912 17.5
-5.259153630737659 7.539726771305912 20
-5.259153630737659 7.539726771305912 22.5
-5.259153630737659 7.539726771305912 25
-5.259153630737659 7.539726771305912 27.5
-5.259153630737659 7.539726771305912 30
-5.259153630737659 7.539726771305912 32.5
-5.259153630737659 7.539726771305912 35
-5.259153630737659 7.539726771305912 37.5
-2.925191598486574 17.53902654266058 2.5
-2.925191598486574 17.53902654266058 5
-2.925191598486574 17.53902654266058 7.5
-2.925191598486574 17.53902654266058 10
-2.925191598486574 17.53902654266058 12.5
-2.925191598486574 17.53902654266058 15
-2.925191598486574 17.53902654266058 17.5
-2.925191598486574 17.53902654266058 20
-2.925191598486574 17.53902654266058 22.5
-2.925191598486574 17.53902654266058 25
-2.925191598486574 17.53902654266058 27.5
-2.925191598486574 17.53902654266058 30
-2.925191598486574 17.53902654266058 32.5
-2.925191598486574 17.53902654266058 35
-2.925191598486574 17.53902654266058 37.5
-6.324145081339897 18.26678258519271 2.5
-6.324145081339897 18.26678258519271 5
-6.324145081339897 18.26678258519271 7.5
-6.324145081339897 18.26678258519271 10
-6.324145081339897 18.26678258519271 12.5
-6.324145081339897 18.26678258519271 15
-6.324145081339897 18.26678258519271 17.5
-6.324145081339897 18.26678258519271 20
-6.324145081339897 18.26678258519271 22.5
-6.324145081339897 18.26678258519271 25
-6.324145081339897 18.26678258519271 27.5
-6.324145081339897 18.26678258519271 30
-6.324145081339897 18.26678258519271 32.5
-6.324145081339897 18.26678258519271 35
-6.324145081339897 18.26678258519271 37.5
12.90142992447642 7.616519940917009 2.5
12.90142992447642 7.616519940917009 5
12.90142992447642 7.616519940917009 7.5
12.90142992447642 7.616519940917009 10
12.90142992447642 7.616519940917009 12.5
12.90142992447642 7.616519940917009 15
12.90142992447642 7.616519940917009 17.5
12.90142992447642 7.616519940917009 20
12.90142992447642 7.616519940917009 22.5
12.90142992447642 7.616519940917009 25
12.90142992447642 7.616519940917009 27.5
12.90142992447642 7.616519940917009 30
12.90142992447642 7.616519940917009 32.5
12.90142992447642 7.616519940917009 35
12.90142992447642 7.616519940917009 37.5
14.74539607703555 2.974116017640491 2.5
14.74539607703555 2.974116017640491 5
14.74539607703555 2.974116017640491 7.5
14.74539607703555 2.974116017640491 10
14.74539607703555 2.974116017640491 12.5
14.74539607703555 2.974116017640491 15
14.74539607703555 2.974116017640491 17.5
14.74539607703555 2.974116017640491 20
14.74539607703555 2.974116017640491 22.5
14.74539607703555 2.974116017640491 25
14.74539607703555 2.974116017640491 27.5
14.74539607703555 2.974116017640491 30
14.74539607703555 2.974116017640491 32.5
14.74539607703555 2.974116017640491 35
14.74539607703555 2.974116017640491 37.5
17.01605650825319 6.258176727086208 2.5
17.01605650825319 6.258176727086208 5
17.01605650825319 6.258176727086208 7.5
17.01605650825319 6.258176727086208 10
17.01605650825319 6.258176727086208 12.5
17.01605650825319 6.258176727086208 15
17.01605650825319 6.258176727086208 17.5
17.01605650825319 6.258176727086208 20
17.01605650825319 6.258176727086208 22.5
17.01605650825319 6.258176727086208 25
17.01605650825319 6.258176727086208 27.5
17.01605650825319 6.258176727086208 30
17.01605650825319 6.258176727086208 32.5
17.01605650825319 6.258176727086208 35
17.01605650825319 6.258176727086208 37.5
-14.5139131297258 -3.623372378034494 2.5
-14.5139131297258 -3.623372378034494 5
-14.5139131297258 -3.623372378034494 7.5
-14.5139131297258 -3.623372378034494 10
-14.5139131297258 -3.623372378034494 12.5
-14.5139131297258 -3.623372378034494 15
-14.5139131297258 -3.623372378034494 17.5
-14.5139131297258 -3.623372378034494 20
-14.5139131297258 -3.623372378034494 22.5
-14.5139131297258 -3.623372378034494 25
-14.5139131297258 -3.623372378034494 27.5
-14.5139131297258 -3.623372378034494 30
-14.5139131297258 -3.623372378034494 32.5
-14.5139131297258 -3.623372378034494 35
-14.5139131297258 -3.623372378034494 37.5
-15.4442514079826 -6.8439860972536 2.5
-15.4442514079826 -6.8439860972536 5
-15.4442514079826 -6.8439860972536 7.5
-15.4442514079826 -6.8439860972536 10
-15.4442514079826 -6.8439860972536 12.5
-15.4442514079826 -6.8439860972536 15
-15.4442514079826 -6.8439860972536 17.5
-15.4442514079826 -6.8439860972536 20
-15.4442514079826 -6.8439860972536 22.5
-15.4442514079826 -6.8439860972536 25
-15.4442514079826 -6.8439860972536 27.5
-15.4442514079826 -6.8439860972536 30
-15.4442514079826 -6.8439860972536 32.5
-15.4442514079826 -6.8439860972536 35
-15.4442514079826 -6.8439860972536 37.5
-16.65749319124703 -4.548700070758009 2.5
-16.65749319124703 -4.548700070758009 5
-16.65749319124703 -4.548700070758009 7.5
-16.65749319124703 -4.548700070758009 10
-16.65749319124703 -4.548700070758009 12.5
-16.65749319124703 -4.548700070758009 15
-16.65749319124703 -4.548700070758009 17.5
-16.65749319124703 -4.548700070758009 20
-16.65749319124703 -4.548700070758009 22.5
-16.65749319124703 -4.548700070758009 25
-16.65749319124703 -4.548700070758009 27.5
-16.65749319124703 -4.548700070758009 30
-16.65749319124703 -4.548700070758009 32.5
-16.65749319124703 -4.548700070758009 35
-16.65749319124703 -4.548700070758009 37.5
-18.36388045903684 -7.907681169686198 2.5
-18.36388045903684 -7.907681169686198 5
-18.36388045903684 -7.907681169686198 7.5
-18.36388045903684 -7.907681169686198 10
-18.36388045903684 -7.907681169686198 12.5
-18.36388045903684 -7.907681169686198 15
-18.36388045903684 -7.907681169686198 17.5
-18.36388045903684 -7.907681169686198 20
-18.36388045903684 -7.907681169686198 22.5
-18.36388045903684 -7.907681169686198 25
-18.36388045903684 -7.907681169686198 27.5
-18.36388045903684 -7.907681169686198 30
-18.36388045903684 -7.907681169686198 32.5
-18.36388045903684 -7.907681169686198 35
-18.36388045903684 -7.907681169686198 37.5
-16.54373675992234 -9.603864611987985 2.5
-16.54373675992234 -9.603864611987985 5
-16.54373675992234 -9.603864611987985 7.5
-16.54373675992234 -9.603864611987985 10
-16.54373675992234 -9.603864611987985 12.5
-16.54373675992234 -9.603864611987985 15
-16.54373675992234 -9.603864611987985 17.5
-16.54373675992234 -9.603864611987985 20
-16.54373675992234 -9.603864611987985 22.5
-16.54373675992234 -9.603864611987985 25
-16.54373675992234 -9.603864611987985 27.5
-16.54373675992234 -9.603864611987985 30
-16.54373675992234 -9.603864611987985 32.5
-16.54373675992234 -9.603864611987985 35
-16.54373675992234 -9.603864611987985 37.5
-15.36574845685792 -2.077218027641081 2.5
-15.36574845685792 -2.077218027641081 5
-15.36574845685792 -2.077218027641081 7.5
-15.36574845685792 -2.077218027641081 10
-15.36574845685792 -2.077218027641081 12.5
-15.36574845685792 -2.077218027641081 15
-15.36574845685792 -2.077218027641081 17.5
-15.36574845685792 -2.077218027641081 20
-15.36574845685792 -2.077218027641081 22.5
-15.36574845685792 -2.077218027641081 25
-15.36574845685792 -2.077218027641081 27.5
-15.36574845685792 -2.077218027641081 30
-15.36574845685792 -2.077218027641081 32.5
-15.36574845685792 -2.077218027641081 35
-15.36574845685792 -2.077218027641081 37.5
-17.1154597217867 -2.26516458753987 2.5
-17.1154597217867 -2.26516458753987 5
-17.1154597217867 -2.26516458753987 7.5
-17.1154597217867 -2.26516458753987 10
-17.1154597217867 -2.26516458753987 12.5
-17.1154597217867 -2.26516458753987 15
-17.1154597217867 -2.26516458753987 17.5
-17.1154597217867 -2.26516458753987 20
-17.1154597217867 -2.26516458753987 22.5
-17.1154597217867 -2.26516458753987 25
-17.1154597217867 -2.26516458753987 27.5
-17.1154597217867 -2.26516458753987 30
-17.1154597217867 -2.26516458753987 32.5
-17.1154597217867 -2.26516458753987 35
-17.1154597217867 -2.26516458753987 37.5
9.018756379019168 -6.356394003486779 2.5
9.018756379019168 -6.356394003486779 5
9.018756379019168 -6.356394003486779 7.5
9.018756379019168 -6.356394003486779 10
9.018756379019168 -6.356394003486779 12.5
9.018756379019168 -6.356394003486779 15
9.018756379019168 -6.356394003486779 17.5
9.018756379019168 -6.356394003486779 20
9.018756379019168 -6.356394003486779 22.5
9.018756379019168 -6.356394003486779 25
9.018756379019168 -6.356394003486779 27.5
9.018756379019168 -6.356394003486779 30
9.018756379019168 -6.356394003486779 32.5
9.018756379019168 -6.356394003486779 35
9.018756379019168 -6.356394003486779 37.5
6.439269927863409 2.302474836282958 2.5
6.439269927863409 2.302474836282958 5
6.439269927863409 2.302474836282958 7.5
6.439269927863409 2.302474836282958 10
6.439269927863409 2.302474836282958 12.5
6.439269927863409 2.302474836282958 15
6.439269927863409 2.302474836282958 17.5
6.439269927863409 2.302474836282958 20
6.439269927863409 2.302474836282958 22.5
6.439269927863409 2.302474836282958 25
6.439269927863409 2.302474836282958 27.5
6.439269927863409 2.302474836282958 30
6.439269927863409 2.302474836282958 32.5
6.439269927863409 2.302474836282958 35
6.439269927863409 2.302474836282958 37.5
-13.32202427468903 -10.02087457426806 2.5
-13.32202427468903 -10.02087457426806 5
-13.32202427468903 -10.02087457426806 7.5
-13.32202427468903 -10.02087457426806 10
-13.32202427468903 -10.02087457426806 12.5
-13.32202427468903 -10.02087457426806 15
-13.32202427468903 -10.02087457426806 17.5
-13.32202427468903 -10.02087457426806 20
-13.32202427468903 -10.02087457426806 22.5
-13.32202427468903 -10.02087457426806 25
-13.32202427468903 -10.02087457426806 27.5
-13.32202427468903 -10.02087457426806 30
-13.32202427468903 -10.02087457426806 32.5
-13.32202427468903 -10.02087457426806 35
-13.32202427468903 -10.02087457426806 37.5
-5.9433918288992 -3.152864412230606 2.5
-5.9433918288992 -3.152864412230606 5
-5.9433918288992 -3.152864412230606 7.5
-5.9433918288992 -3.152864412230606 10
-5.9433918288992 -3.152864412230606 12.5
-5.9433918288992 -3.152864412230606 15
-5.9433918288992 -3.152864412230606 17.5
-5.9433918288992 -3.152864412230606 20
-5.9433918288992 -3.152864412230606 22.5
-5.9433918288992 -3.152864412230606 25
-5.9433918288992 -3.152864412230606 27.5
-5.9433918288992 -3.152864412230606 30
-5.9433918288992 -3.152864412230606 32.5
-5.9433918288992 -3.152864412230606 35
-5.9433918288992 -3.152864412230606 37.5
8.555110188940064 -0.6008809560884983 2.5
8.555110188940064 -0.6008809560884983 5
8.555110188940064 -0.6008809560884983 7.5
8.555110188940064 -0.6008809560884983 10
8.555110188940064 -0.6008809560884983 12.5
8.555110188940064 -0.6008809560884983 15
8.555110188940064 -0.6008809560884983 17.5
8.555110188940064 -0.6008809560884983 20
8.555110188940064 -0.6008809560884983 22.5
8.555110188940064 -0.6008809560884983 25
8.555110188940064 -0.6008809560884983 27.5
8.555110188940064 -0.6008809560884983 30
8.555110188940064 -0.6008809560884983 32.5
8.555110188940064 -0.6008809560884983 35
8.555110188940064 -0.6008809560884983 37.5
17.0985473868121 3.224821838525831 2.5
17.0985473868121 3.224821838525831 5
17.0985473868121 3.224821838525831 7.5
17.0985473868121 3.224821838525831 10
17.0985473868121 3.224821838525831 12.5
17.0985473868121 3.224821838525831 15
17.0985473868121 3.224821838525831 17.5
17.0985473868121 3.224821838525831 20
17.0985473868121 3.224821838525831 22.5
17.0985473868121 3.224821838525831 25
17.0985473868121 3.224821838525831 27.5
17.0985473868121 3.224821838525831 30
17.0985473868121 3.224821838525831 32.5
17.0985473868121 3.224821838525831 35
17.0985473868121 3.224821838525831 37.5
4.702355745463404 2.232206207398181 2.5
4.702355745463404 2.232206207398181 5
4.702355745463404 2.232206207398181 7.5
4.702355745463404 2.232206207398181 10
4.702355745463404 2.232206207398181 12.5
4.702355745463404 2.232206207398181 15
4.702355745463404 2.232206207398181 17.5
4.702355745463404 2.232206207398181 20
4.702355745463404 2.232206207398181 22.5
4.702355745463404 2.232206207398181 25
4.702355745463404 2.232206207398181 27.5
4.702355745463404 2.232206207398181 30
4.702355745463404 2.232206207398181 32.5
4.702355745463404 2.232206207398181 35
4.702355745463404 2.232206207398181 37.5
-14.05870078662056 -0.2868009079090625 2.5
-14.05870078662056 -0.2868009079090625 5
-14.05870078662056 -0.2868009079090625 7.5
-14.05870078662056 -0.2868009079090625 10
-14.05870078662056 -0.2868009079090625 12.5
-14.05870078662056 -0.2868009079090625 15
-14.05870078662056 -0.2868009079090625 17.5
-14.05870078662056 -0.2868009079090625 20
-14.05870078662056 -0.2868009079090625 22.5
-14.05870078662056 -0.2868009079090625 25
-14.05870078662056 -0.2868009079090625 27.5
-14.05870078662056 -0.2868009079090625 30
-14.05870078662056 -0.2868009079090625 32.5
-14.05870078662056 -0.2868009079090625 35
-14.05870078662056 -0.2868009079090625 37.5
14.98556240407505 9.011723661066016 2.5
14.98556240407505 9.011723661066016 5
14.98556240407505 9.011723661066016 7.5
14.98556240407505 9.011723661066016 10
14.98556240407505 9.011723661066016 12.5
14.98556240407505 9.011723661066016 15
14.98556240407505 9.011723661066016 17.5
14.98556240407505 9.011723661066016 20
14.98556240407505 9.011723661066016 22.5
14.98556240407505 9.011723661066016 25
14.98556240407505 9.011723661066016 27.5
14.98556240407505 9.011723661066016 30
14.98556240407505 9.011723661066016 32.5
14.98556240407505 9.011723661066016 35
14.98556240407505 9.011723661066016 37.5
18.62142067484356 8.818616337471122 2.5
18.62142067484356 8.818616337471122 5
18.62142067484356 8.818616337471122 7.5
18.62142067484356 8.818616337471122 10
18.62142067484356 8.818616337471122 12.5
18.62142067484356 8.818616337471122 15
18.62142067484356 8.818616337471122 17.5
18.62142067484356 8.818616337471122 20
18.62142067484356 8.818616337471122 22.5
18.62142067484356 8.818616337471122 25
18.62142067484356 8.818616337471122 27.5
18.62142067484356 8.818616337471122 30
18.62142067484356 8.818616337471122 32.5
18.62142067484356 8.818616337471122 35
18.62142067484356 8.818616337471122 37.5
-9.274149178963661 6.797606391320051 2.5
-9.274149178963661 6.797606391320051 5
-9.274149178963661 6.797606391320051 7.5
-9.274149178963661 6.797606391320051 10
-9.274149178963661 6.797606391320051 12.5
-9.274149178963661 6.797606391320051 15
-9.274149178963661 6.797606391320051 17.5
-9.274149178963661 6.797606391320051 20
-9.274149178963661 6.797606391320051 22.5
-9.274149178963661 6.797606391320051 25
-9.274149178963661 6.797606391320051 27.5
-9.274149178963661 6.797606391320051 30
-9.274149178963661 6.797606391320051 32.5
-9.274149178963661 6.797606391320051 35
-9.274149178963661 6.797606391320051 37.5
-5.274867491142584 12.12314319718852 2.5
-5.274867491142584 12.12314319718852 5
-5.274867491142584 12.12314319718852 7.5
-5.274867491142584 12.12314319718852 10
-5.274867491142584 12.12314319718852 12.5
-5.274867491142584 12.12314319718852 15
-5.274867491142584 12.12314319718852 17.5
-5.274867491142584 12.12314319718852 20
-5.274867491142584 12.12314319718852 22.5
-5.274867491142584 12.12314319718852 25
-5.274867491142584 12.12314319718852 27.5
-5.274867491142584 12.12314319718852 30
-5.274867491142584 12.12314319718852 32.5
-5.274867491142584 12.12314319718852 35
-5.274867491142584 12.12314319718852 37.5
5.435999533288189 -8.474756062510247 2.5
5.435999533288189 -8.474756062510247 5
5.435999533288189 -8.474756062510247 7.5
5.435999533288189 -8.474756062510247 10
5.435999533288189 -8.474756062510247 12.5
5.435999533288189 -8.474756062510247 15
5.435999533288189 -8.474756062510247 17.5
5.435999533288189 -8.474756062510247 20
5.435999533288189 -8.474756062510247 22.5
5.435999533288189 -8.474756062510247 25
5.435999533288189 -8.474756062510247 27.5
5.435999533288189 -8.474756062510247 30
5.435999533288189 -8.474756062510247 32.5
5.435999533288189 -8.474756062510247 35
5.435999533288189 -8.474756062510247 37.5
-8.054038925868262 10.06070758952989 2.5
-8.054038925868262 10.06070758952989 5
-8.054038925868262 10.06070758952989 7.5
-8.054038925868262 10.06070758952989 10
-8.054038925868262 10.06070758952989 12.5
-8.054038925868262 10.06070758952989 15
-8.054038925868262 10.06070758952989 17.5
-8.054038925868262 10.06070758952989 20
-8.054038925868262 10.06070758952989 22.5
-8.054038925868262 10.06070758952989 25
-8.054038925868262 10.06070758952989 27.5
-8.054038925868262 10.06070758952989 30
-8.054038925868262 10.06070758952989 32.5
-8.054038925868262 10.06070758952989 35
-8.054038925868262 10.06070758952989 37.5
-7.209718895462652 15.23434764317985 2.5
-7.209718895462652 15.23434764317985 5
-7.209718895462652 15.23434764317985 7.5
-7.209718895462652 15.23434764317985 10
-7.209718895462652 15.23434764317985 12.5
-7.209718895462652 15.23434764317985 15
-7.209718895462652 15.23434764317985 17.5
-7.209718895462652 15.23434764317985 20
-7.209718895462652 15.23434764317985 22.5
-7.209718895462652 15.23434764317985 25
-7.209718895462652 15.23434764317985 27.5
-7.209718895462652 15.23434764317985 30
-7.209718895462652 15.23434764317985 32.5
-7.209718895462652 15.23434764317985 35
-7.209718895462652 15.23434764317985 37.5
-7.549689252828648 -5.124943945858294 2.5
-7.549689252828648 -5.124943945858294 5
-7.549689252828648 -5.124943945858294 7.5
-7.549689252828648 -5.124943945858294 10
-7.549689252828648 -5.124943945858294 12.5
-7.549689252828648 -5.124943945858294 15
-7.549689252828648 -5.124943945858294 17.5
-7.549689252828648 -5.124943945858294 20
-7.549689252828648 -5.124943945858294 22.5
-7.549689252828648 -5.124943945858294 25
-7.549689252828648 -5.124943945858294 27.5
-7.549689252828648 -5.124943945858294 30
-7.549689252828648 -5.124943945858294 32.5
-7.549689252828648 -5.124943945858294 35
-7.549689252828648 -5.124943945858294 37.5
-3.155664098201036 -8.974255420110069 2.5
-3.155664098201036 -8.974255420110069 5
-3.155664098201036 -8.974255420110069 7.5
-3.155664098201036 -8.974255420110069 10
-3.155664098201036 -8.974255420110069 12.5
-3.155664098201036 -8.974255420110069 15
-3.155664098201036 -8.974255420110069 17.5
-3.155664098201036 -8.974255420110069 20
-3.155664098201036 -8.974255420110069 22.5
-3.155664098201036 -8.974255420110069 25
-3.155664098201036 -8.974255420110069 27.5
-3.155664098201036 -8.974255420110069 30
-3.155664098201036 -8.974255420110069 32.5
-3.155664098201036 -8.974255420110069 35
-3.155664098201036 -8.974255420110069 37.5
-3.650522921733371 -15.43327086280361 2.5
-3.650522921733371 -15.43327086280361 5
-3.650522921733371 -15.43327086280361 7.5
-3.650522921733371 -15.43327086280361 10
-3.650522921733371 -15.43327086280361 12.5
-3.650522921733371 -15.43327086280361 15
-3.650522921733371 -15.43327086280361 17.5
-3.650522921733371 -15.43327086280361 20
-3.650522921733371 -15.43327086280361 22.5
-3.650522921733371 -15.43327086280361 25
-3.650522921733371 -15.43327086280361 27.5
-3.650522921733371 -15.43327086280361 30
-3.650522921733371 -15.43327086280361 32.5
-3.650522921733371 -15.43327086280361 35
-3.650522921733371 -15.43327086280361 37.5
5.837972237036433 19.14626932041534 2.5
5.837972237036433 19.14626932041534 5
5.837972237036433 19.14626932041534 7.5
5.837972237036433 19.14626932041534 10
5.837972237036433 19.14626932041534 12.5
5.837972237036433 19.14626932041534 15
5.837972237036433 19.14626932041534 17.5
5.837972237036433 19.14626932041534 20
5.837972237036433 19.14626932041534 22.5
5.837972237036433 19.14626932041534 25
5.837972237036433 19.14626932041534 27.5
5.837972237036433 19.14626932041534 30
5.837972237036433 19.14626932041534 32.5
5.837972237036433 19.14626932041534 35
5.837972237036433 19.14626932041534 37.5
7.639877963833618 19.36985449362611 2.5
7.639877963833618 19.36985449362611 5
7.639877963833618 19.36985449362611 7.5
7.639877963833618 19.36985449362611 10
7.639877963833618 19.36985449362611 12.5
7.639877963833618 19.36985449362611 15
7.639877963833618 19.36985449362611 17.5
7.639877963833618 19.36985449362611 20
7.639877963833618 19.36985449362611 22.5
7.639877963833618 19.36985449362611 25
7.639877963833618 19.36985449362611 27.5
7.639877963833618 19.36985449362611 30
7.639877963833618 19.36985449362611 32.5
7.639877963833618 19.36985449362611 35
7.639877963833618 19.36985449362611 37.5
-19.87863140616829 0.397041385535301 2.5
-19.87863140616829 0.397041385535301 5
-19.87863140616829 0.397041385535301 7.5
-19.87863140616829 0.397041385535301 10
-19.87863140616829 0.397041385535301 12.5
-19.87863140616829 0.397041385535301 15
-19.87863140616829 0.397041385535301 17.5
-19.87863140616829 0.397041385535301 20
-19.87863140616829 0.397041385535301 22.5
-19.87863140616829 0.397041385535301 25
-19.87863140616829 0.397041385535301 27.5
-19.87863140616829 0.397041385535301 30
-19.87863140616829 0.397041385535301 32.5
-19.87863140616829 0.397041385535301 35
-19.87863140616829 0.397041385535301 37.5
-21.96514803197251 2.481091159126271 2.5
-21.96514803197251 2.481091159126271 5
-21.96514803197251 2.481091159126271 7.5
-21.96514803197251 2.481091159126271 10
-21.96514803197251 2.481091159126271 12.5
-21.96514803197251 2.481091159126271 15
-21.96514803197251 2.481091159126271 17.5
-21.96514803197251 2.481091159126271 20
-21.96514803197251 2.481091159126271 22.5
-21.96514803197251 2.481091159126271 25
-21.96514803197251 2.481091159126271 27.5
-21.96514803197251 2.481091159126271 30
-21.96514803197251 2.481091159126271 32.5
-21.96514803197251 2.481091159126271 35
-21.96514803197251 2.481091159126271 37.5
11.58506214238804 17.19152649311241 2.5
11.58506214238804 17.19152649311241 5
11.58506214238804 17.19152649311241 7.5
11.58506214238804 17.19152649311241 10
11.58506214238804 17.19152649311241 12.5
11.58506214238804 17.19152649311241 15
11.58506214238804 17.19152649311241 17.5
11.58506214238804 17.19152649311241 20
11.58506214238804 17.19152649311241 22.5
11.58506214238804 17.19152649311241 25
11.58506214238804 17.19152649311241 27.5
11.58506214238804 17.19152649311241 30
11.58506214238804 17.19152649311241 32.5
11.58506214238804 17.19152649311241 35
11.58506214238804 17.19152649311241 37.5
-8.957675561852861 18.16755328224411 2.5
-8.957675561852861 18.16755328224411 5
-8.957675561852861 18.16755328224411 7.5
-8.957675561852861 18.16755328224411 10
-8.957675561852861 18.16755328224411 12.5
-8.957675561852861 18.16755328224411 15
-8.957675561852861 18.16755328224411 17.5
-8.957675561852861 18.16755328224411 20
-8.957675561852861 18.16755328224411 22.5
-8.957675561852861 18.16755328224411 25
-8.957675561852861 18.16755328224411 27.5
-8.957675561852861 18.16755328224411 30
-8.957675561852861 18.16755328224411 32.5
-8.957675561852861 18.16755328224411 35
-8.957675561852861 18.16755328224411 37.5
-7.530909163521598 21.21741839403325 2.5
-7.530909163521598 21.21741839403325 5
-7.530909163521598 21.21741839403325 7.5
-7.530909163521598 21.21741839403325 10
-7.530909163521598 21.21741839403325 12.5
-7.530909163521598 21.21741839403325 15
-7.530909163521598 21.21741839403325 17.5
-7.530909163521598 21.21741839403325 20
-7.530909163521598 21.21741839403325 22.5
-7.530909163521598 21.21741839403325 25
-7.530909163521598 21.21741839403325 27.5
-7.530909163521598 21.21741839403325 30
-7.530909163521598 21.21741839403325 32.5
-7.530909163521598 21.21741839403325 35
-7.530909163521598 21.21741839403325 37.5
17.32539348241611 -10.31906475396053 2.5
17.32539348241611 -10.31906475396053 5
17.32539348241611 -10.31906475396053 7.5
17.32539348241611 -10.31906475396053 10
17.32539348241611 -10.31906475396053 12.5
17.32539348241611 -10.31906475396053 15
17.32539348241611 -10.31906475396053 17.5
17.32539348241611 -10.31906475396053 20
17.32539348241611 -10.31906475396053 22.5
17.32539348241611 -10.31906475396053 25
17.32539348241611 -10.31906475396053 27.5
17.32539348241611 -10.31906475396053 30
17.32539348241611 -10.31906475396053 32.5
17.32539348241611 -10.31906475396053 35
17.32539348241611 -10.31906475396053 37.5
-18.91090989725896 7.464685437997959 2.5
-18.91090989725896 7.464685437997959 5
-18.91090989725896 7.464685437997959 7.5
-18.91090989725896 7.464685437997959 10
-18.91090989725896 7.464685437997959 12.5
-18.91090989725896 7.464685437997959 15
-18.91090989725896 7.464685437997959 17.5
-18.91090989725896 7.464685437997959 20
-18.91090989725896 7.464685437997959 22.5
-18.91090989725896 7.464685437997959 25
-18.91090989725896 7.464685437997959 27.5
-18.91090989725896 7.464685437997959 30
-18.91090989725896 7.464685437997959 32.5
-18.91090989725896 7.464685437997959 35
-18.91090989725896 7.464685437997959 37.5
-14.17275337765292 17.19797408544889 2.5
-14.17275337765292 17.19797408544889 5
-14.17275337765292 17.19797408544889 7.5
-14.17275337765292 17.19797408544889 10
-14.17275337765292 17.19797408544889 12.5
-14.17275337765292 17.19797408544889 15
-14.17275337765292 17.19797408544889 17.5
-14.17275337765292 17.19797408544889 20
-14.17275337765292 17.19797408544889 22.5
-14.17275337765292 17.19797408544889 25
-14.17275337765292 17.19797408544889 27.5
-14.17275337765292 17.19797408544889 30
-14.17275337765292 17.19797408544889 32.5
-14.17275337765292 17.19797408544889 35
-14.17275337765292 17.19797408544889 37.5
20.48455467395729 -3.806493367424063 2.5
20.48455467395729 -3.806493367424063 5
20.48455467395729 -3.806493367424063 7.5
20.48455467395729 -3.806493367424063 10
20.48455467395729 -3.806493367424063 12.5
20.48455467395729 -3.806493367424063 15
20.48455467395729 -3.806493367424063 17.5
20.48455467395729 -3.806493367424063 20
20.48455467395729 -3.806493367424063 22.5
20.48455467395729 -3.806493367424063 25
20.48455467395729 -3.806493367424063 27.5
20.48455467395729 -3.806493367424063 30
20.48455467395729 -3.806493367424063 32.5
20.48455467395729 -3.806493367424063 35
20.48455467395729 -3.806493367424063 37.5
22.29974589400296 -0.8969439604318625 2.5
22.29974589400296 -0.8969439604318625 5
22.29974589400296 -0.8969439604318625 7.5
22.29974589400296 -0.8969439604318625 10
22.29974589400296 -0.8969439604318625 12.5
22.29974589400296 -0.8969439604318625 15
22.29974589400296 -0.8969439604318625 17.5
22.29974589400296 -0.8969439604318625 20
22.29974589400296 -0.8969439604318625 22.5
22.29974589400296 -0.8969439604318625 25
22.29974589400296 -0.8969439604318625 27.5
22.29974589400296 -0.8969439604318625 30
22.29974589400296 -0.8969439604318625 32.5
22.29974589400296 -0.8969439604318625 35
22.29974589400296 -0.8969439604318625 37.5
18.09466456983291 13.1048352641591 2.5
18.09466456983291 13.1048352641591 5
18.09466456983291 13.1048352641591 7.5
18.09466456983291 13.1048352641591 10
18.09466456983291 13.1048352641591 12.5
18.09466456983291 13.1048352641591 15
18.09466456983291 13.1048352641591 17.5
18.09466456983291 13.1048352641591 20
18.09466456983291 13.1048352641591 22.5
18.09466456983291 13.1048352641591 25
18.09466456983291 13.1048352641591 27.5
18.09466456983291 13.1048352641591 30
18.09466456983291 13.1048352641591 32.5
18.09466456983291 13.1048352641591 35
18.09466456983291 13.1048352641591 37.5
2.852415083991568 21.9672812635133 2.5
2.852415083991568 21.9672812635133 5
2.852415083991568 21.9672812635133 7.5
2.852415083991568 21.9672812635133 10
2.852415083991568 21.9672812635133 12.5
2.852415083991568 21.9672812635133 15
2.852415083991568 21.9672812635133 17.5
2.852415083991568 21.9672812635133 20
2.852415083991568 21.9672812635133 22.5
2.852415083991568 21.9672812635133 25
2.852415083991568 21.9672812635133 27.5
2.852415083991568 21.9672812635133 30
2.852415083991568 21.9672812635133 32.5
2.852415083991568 21.9672812635133 35
2.852415083991568 21.9672812635133 37.5
-16.54581243873955 12.27382888083123 2.5
-16.54581243873955 12.27382888083123 5
-16.54581243873955 12.27382888083123 7.5
-16.54581243873955 12.27382888083123 10
-16.54581243873955 12.27382888083123 12.5
-16.54581243873955 12.27382888083123 15
-16.54581243873955 12.27382888083123 17.5
-16.54581243873955 12.27382888083123 20
-16.54581243873955 12.27382888083123 22.5
-16.54581243873955 12.27382888083123 25
-16.54581243873955 12.27382888083123 27.5
-16.54581243873955 12.27382888083123 30
-16.54581243873955 12.27382888083123 32.5
-16.54581243873955 12.27382888083123 35
-16.54581243873955 12.27382888083123 37.5
-18.97167060590047 -5.506826644883562 2.5
-18.97167060590047 -5.506826644883562 5
-18.97167060590047 -5.506826644883562 7.5
-18.97167060590047 -5.506826644883562 10
-18.97167060590047 -5.506826644883562 12.5
-18.97167060590047 -5.506826644883562 15
-18.97167060590047 -5.506826644883562 17.5
-18.97167060590047 -5.506826644883562 20
-18.97167060590047 -5.506826644883562 22.5
-18.97167060590047 -5.506826644883562 25
-18.97167060590047 -5.506826644883562 27.5
-18.97167060590047 -5.506826644883562 30
-18.97167060590047 -5.506826644883562 32.5
-18.97167060590047 -5.506826644883562 35
-18.97167060590047 -5.506826644883562 37.5
14.64916259939848 -16.44690230296958 2.5
14.64916259939848 -16.44690230296958 5
14.64916259939848 -16.44690230296958 7.5
14.64916259939848 -16.44690230296958 10
14.64916259939848 -16.44690230296958 12.5
14.64916259939848 -16.44690230296958 15
14.64916259939848 -16.44690230296958 17.5
14.64916259939848 -16.44690230296958 20
14.64916259939848 -16.44690230296958 22.5
14.64916259939848 -16.44690230296958 25
14.64916259939848 -16.44690230296958 27.5
14.64916259939848 -16.44690230296958 30
14.64916259939848 -16.44690230296958 32.5
14.64916259939848 -16.44690230296958 35
14.64916259939848 -16.44690230296958 37.5
-12.04604517417829 18.69509311168501 2.5
-12.04604517417829 18.69509311168501 5
-12.04604517417829 18.69509311168501 7.5
-12.04604517417829 18.69509311168501 10
-12.04604517417829 18.69509311168501 12.5
-12.04604517417829 18.69509311168501 15
-12.04604517417829 18.69509311168501 17.5
-12.04604517417829 18.69509311168501 20
-12.04604517417829 18.69509311168501 22.5
-12.04604517417829 18.69509311168501 25
-12.04604517417829 18.69509311168501 27.5
-12.04604517417829 18.69509311168501 30
-12.04604517417829 18.69509311168501 32.5
-12.04604517417829 18.69509311168501 35
-12.04604517417829 18.69509311168501 37.5
-18.1950968517624 -13.33599007121448 2.5
-18.1950968517624 -13.33599007121448 5
-18.1950968517624 -13.33599007121448 7.5
-18.1950968517624 -13.33599007121448 10
-18.1950968517624 -13.33599007121448 12.5
-18.1950968517624 -13.33599007121448 15
-18.1950968517624 -13.33599007121448 17.5
-18.1950968517624 -13.33599007121448 20
-18.1950968517624 -13.33599007121448 22.5
-18.1950968517624 -13.33599007121448 25
-18.1950968517624 -13.33599007121448 27.5
-18.1950968517624 -13.33599007121448 30
-18.1950968517624 -13.33599007121448 32.5
-18.1950968517624 -13.33599007121448 35
-18.1950968517624 -13.33599007121448 37.5
5.406903306171341 -21.89760629301821 2.5
5.406903306171341 -21.89760629301821 5
5.406903306171341 -21.89760629301821 7.5
5.406903306171341 -21.89760629301821 10
5.406903306171341 -21.89760629301821 12.5
5.406903306171341 -21.89760629301821 15
5.406903306171341 -21.89760629301821 17.5
5.406903306171341 -21.89760629301821 20
5.406903306171341 -21.89760629301821 22.5
5.406903306171341 -21.89760629301821 25
5.406903306171341 -21.89760629301821 27.5
5.406903306171341 -21.89760629301821 30
5.406903306171341 -21.89760629301821 32.5
5.406903306171341 -21.89760629301821 35
5.406903306171341 -21.89760629301821 37.5
-21.96637777898045 -4.112619466741244 2.5
-21.96637777898045 -4.112619466741244 5
-21.96637777898045 -4.112619466741244 7.5
-21.96637777898045 -4.112619466741244 10
-21.96637777898045 -4.112619466741244 12.5
-21.96637777898045 -4.112619466741244 15
-21.96637777898045 -4.112619466741244 17.5
-21.96637777898045 -4.112619466741244 20
-21.96637777898045 -4.112619466741244 22.5
-21.96637777898045 -4.112619466741244 25
-21.96637777898045 -4.112619466741244 27.5
-21.96637777898045 -4.112619466741244 30
-21.96637777898045 -4.112619466741244 32.5
-21.96637777898045 -4.112619466741244 35
-21.96637777898045 -4.112619466741244 37.5
-20.43863113317948 -9.222431075044772 2.5
-20.43863113317948 -9.222431075044772 5
-20.43863113317948 -9.222431075044772 7.5
-20.43863113317948 -9.222431075044772 10
-20.43863113317948 -9.222431075044772 12.5
-20.43863113317948 -9.222431075044772 15
-20.43863113317948 -9.222431075044772 17.5
-20.43863113317948 -9.222431075044772 20
-20.43863113317948 -9.222431075044772 22.5
-20.43863113317948 -9.222431075044772 25
-20.43863113317948 -9.222431075044772 27.5
-20.43863113317948 -9.222431075044772 30
-20.43863113317948 -9.222431075044772 32.5
-20.43863113317948 -9.222431075044772 35
-20.43863113317948 -9.222431075044772 37.5
21.90693862988319 4.346120851878415 2.5
21.90693862988319 4.346120851878415 5
21.90693862988319 4.346120851878415 7.5
21.90693862988319 4.346120851878415 10
21.90693862988319 4.346120851878415 12.5
21.90693862988319 4.346120851878415 15
21.90693862988319 4.346120851878415 17.5
21.90693862988319 4.346120851878415 20
21.90693862988319 4.346120851878415 22.5
21.90693862988319 4.346120851878415 25
21.90693862988319 4.346120851878415 27.5
21.90693862988319 4.346120851878415 30
21.90693862988319 4.346120851878415 32.5
21.90693862988319 4.346120851878415 35
21.90693862988319 4.346120851878415 37.5
21.16747819296444 9.657365639560503 2.5
21.16747819296444 9.657365639560503 5
21.16747819296444 9.657365639560503 7.5
21.16747819296444 9.657365639560503 10
21.16747819296444 9.657365639560503 12.5
21.16747819296444 9.657365639560503 15
21.16747819296444 9.657365639560503 17.5
21.16747819296444 9.657365639560503 20
21.16747819296444 9.657365639560503 22.5
21.16747819296444 9.657365639560503 25
21.16747819296444 9.657365639560503 27.5
21.16747819296444 9.657365639560503 30
21.16747819296444 9.657365639560503 32.5
21.16747819296444 9.657365639560503 35
21.16747819296444 9.657365639560503 37.5
-7.756737294241668 -21.07356511572974 2.5
-7.756737294241668 -21.07356511572974 5
-7.756737294241668 -21.07356511572974 7.5
-7.756737294241668 -21.07356511572974 10
-7.756737294241668 -21.07356511572974 12.5
-7.756737294241668 -21.07356511572974 15
-7.756737294241668 -21.07356511572974 17.5
-7.756737294241668 -21.07356511572974 20
-7.756737294241668 -21.07356511572974 22.5
-7.756737294241668 -21.07356511572974 25
-7.756737294241668 -21.07356511572974 27.5
-7.756737294241668 -21.07356511572974 30
-7.756737294241668 -21.07356511572974 32.5
-7.756737294241668 -21.07356511572974 35
-7.756737294241668 -21.07356511572974 37.5
20.95592846496537 -8.154925087220969 2.5
20.95592846496537 -8.154925087220969 5
20.95592846496537 -8.154925087220969 7.5
20.95592846496537 -8.154925087220969 10
20.95592846496537 -8.154925087220969 12.5
20.95592846496537 -8.154925087220969 15
20.95592846496537 -8.154925087220969 17.5
20.95592846496537 -8.154925087220969 20
20.95592846496537 -8.154925087220969 22.5
20.95592846496537 -8.154925087220969 25
20.95592846496537 -8.154925087220969 27.5
20.95592846496537 -8.154925087220969 30
20.95592846496537 -8.154925087220969 32.5
20.95592846496537 -8.154925087220969 35
20.95592846496537 -8.154925087220969 37.5
18.57190443876924 -7.894588982769925 2.5
18.57190443876924 -7.894588982769925 5
18.57190443876924 -7.894588982769925 7.5
18.57190443876924 -7.894588982769925 10
18.57190443876924 -7.894588982769925 12.5
18.57190443876924 -7.894588982769925 15
18.57190443876924 -7.894588982769925 17.5
18.57190443876924 -7.894588982769925 20
18.57190443876924 -7.894588982769925 22.5
18.57190443876924 -7.894588982769925 25
18.57190443876924 -7.894588982769925 27.5
18.57190443876924 -7.894588982769925 30
18.57190443876924 -7.894588982769925 32.5
18.57190443876924 -7.894588982769925 35
18.57190443876924 -7.894588982769925 37.5
-1.566395062311965 22.46876109299207 2.5
-1.566395062311965 22.46876109299207 5
-1.566395062311965 22.46876109299207 7.5
-1.566395062311965 22.46876109299207 10
-1.566395062311965 22.46876109299207 12.5
-1.566395062311965 22.46876109299207 15
-1.566395062311965 22.46876109299207 17.5
-1.566395062311965 22.46876109299207 20
-1.566395062311965 22.46876109299207 22.5
-1.566395062311965 22.46876109299207 25
-1.566395062311965 22.46876109299207 27.5
-1.566395062311965 22.46876109299207 30
-1.566395062311965 22.46876109299207 32.5
-1.566395062311965 22.46876109299207 35
-1.566395062311965 22.46876109299207 37.5
16.27665379267378 15.20937718692008 2.5
16.27665379267378 15.20937718692008 5
16.27665379267378 15.20937718692008 7.5
16.27665379267378 15.20937718692008 10
16.27665379267378 15.20937718692008 12.5
16.27665379267378 15.20937718692008 15
16.27665379267378 15.20937718692008 17.5
16.27665379267378 15.20937718692008 20
16.27665379267378 15.20937718692008 22.5
16.27665379267378 15.20937718692008 25
16.27665379267378 15.20937718692008 27.5
16.27665379267378 15.20937718692008 30
16.27665379267378 15.20937718692008 32.5
16.27665379267378 15.20937718692008 35
16.27665379267378 15.20937718692008 37.5
12.65794052643598 14.94266407327386 2.5
12.65794052643598 14.94266407327386 5
12.65794052643598 14.94266407327386 7.5
12.65794052643598 14.94266407327386 10
12.65794052643598 14.94266407327386 12.5
12.65794052643598 14.94266407327386 15
12.65794052643598 14.94266407327386 17.5
12.65794052643598 14.94266407327386 20
12.65794052643598 14.94266407327386 22.5
12.65794052643598 14.94266407327386 25
12.65794052643598 14.94266407327386 27.5
12.65794052643598 14.94266407327386 30
12.65794052643598 14.94266407327386 32.5
12.65794052643598 14.94266407327386 35
12.65794052643598 14.94266407327386 37.5
5.488256230944176 -19.35836534076449 2.5
5.488256230944176 -19.35836534076449 5
5.488256230944176 -19.35836534076449 7.5
5.488256230944176 -19.35836534076449 10
5.488256230944176 -19.35836534076449 12.5
5.488256230944176 -19.35836534076449 15
5.488256230944176 -19.35836534076449 17.5
5.488256230944176 -19.35836534076449 20
5.488256230944176 -19.35836534076449 22.5
5.488256230944176 -19.35836534076449 25
5.488256230944176 -19.35836534076449 27.5
5.488256230944176 -19.35836534076449 30
5.488256230944176 -19.35836534076449 32.5
5.488256230944176 -19.35836534076449 35
5.488256230944176 -19.35836534076449 37.5
18.50792619538782 -13.12609270785732 2.5
18.50792619538782 -13.12609270785732 5
18.50792619538782 -13.12609270785732 7.5
18.50792619538782 -13.12609270785732 10
18.50792619538782 -13.12609270785732 12.5
18.50792619538782 -13.12609270785732 15
18.50792619538782 -13.12609270785732 17.5
18.50792619538782 -13.12609270785732 20
18.50792619538782 -13.12609270785732 22.5
18.50792619538782 -13.12609270785732 25
18.50792619538782 -13.12609270785732 27.5
18.50792619538782 -13.12609270785732 30
18.50792619538782 -13.12609270785732 32.5
18.50792619538782 -13.12609270785732 35
18.50792619538782 -13.12609270785732 37.5
-12.27293949473998 -18.58587001297426 2.5
-12.27293949473998 -18.58587001297426 5
-12.27293949473998 -18.58587001297426 7.5
-12.27293949473998 -18.58587001297426 10
-12.27293949473998 -18.58587001297426 12.5
-12.27293949473998 -18.58587001297426 15
-12.27293949473998 -18.58587001297426 17.5
-12.27293949473998 -18.58587001297426 20
-12.27293949473998 -18.58587001297426 22.5
-12.27293949473998 -18.58587001297426 25
-12.27293949473998 -18.58587001297426 27.5
-12.27293949473998 -18.58587001297426 30
-12.27293949473998 -18.58587001297426 32.5
-12.27293949473998 -18.58587001297426 35
-12.27293949473998 -18.58587001297426 37.5
19.51840624166201 0.9878700728960685 2.5
19.51840624166201 0.9878700728960685 5
19.51840624166201 0.9878700728960685 7.5
19.51840624166201 0.9878700728960685 10
19.51840624166201 0.9878700728960685 12.5
19.51840624166201 0.9878700728960685 15
19.51840624166201 0.9878700728960685 17.5
19.51840624166201 0.9878700728960685 20
19.51840624166201 0.9878700728960685 22.5
19.51840624166201 0.9878700728960685 25
19.51840624166201 0.9878700728960685 27.5
19.51840624166201 0.9878700728960685 30
19.51840624166201 0.9878700728960685 32.5
19.51840624166201 0.9878700728960685 35
19.51840624166201 0.9878700728960685 37.5
-20.64660130683024 9.102506006559985 2.5
-20.64660130683024 9.102506006559985 5
-20.64660130683024 9.102506006559985 7.5
-20.64660130683024 9.102506006559985 10
-20.64660130683024 9.102506006559985 12.5
-20.64660130683024 9.102506006559985 15
-20.64660130683024 9.102506006559985 17.5
-20.64660130683024 9.102506006559985 20
-20.64660130683024 9.102506006559985 22.5
-20.64660130683024 9.102506006559985 25
-20.64660130683024 9.102506006559985 27.5
-20.64660130683024 9.102506006559985 30
-20.64660130683024 9.102506006559985 32.5
-20.64660130683024 9.102506006559985 35
-20.64660130683024 9.102506006559985 37.5
19.65037311329454 -5.536816715056241 2.5
19.65037311329454 -5.536816715056241 5
19.65037311329454 -5.536816715056241 7.5
19.65037311329454 -5.536816715056241 10
19.65037311329454 -5.536816715056241 12.5
19.65037311329454 -5.536816715056241 15
19.65037311329454 -5.536816715056241 17.5
19.65037311329454 -5.536816715056241 20
19.65037311329454 -5.536816715056241 22.5
19.65037311329454 -5.536816715056241 25
19.65037311329454 -5.536816715056241 27.5
19.65037311329454 -5.536816715056241 30
19.65037311329454 -5.536816715056241 32.5
19.65037311329454 -5.536816715056241 35
19.65037311329454 -5.536816715056241 37.5
13.88847523595851 -18.54406875428919 2.5
13.88847523595851 -18.54406875428919 5
13.88847523595851 -18.54406875428919 7.5
13.88847523595851 -18.54406875428919 10
13.88847523595851 -18.54406875428919 12.5
13.88847523595851 -18.54406875428919 15
13.88847523595851 -18.54406875428919 17.5
13.88847523595851 -18.54406875428919 20
13.88847523595851 -18.54406875428919 22.5
13.88847523595851 -18.54406875428919 25
13.88847523595851 -18.54406875428919 27.5
13.88847523595851 -18.54406875428919 30
13.88847523595851 -18.54406875428919 32.5
13.88847523595851 -18.54406875428919 35
13.88847523595851 -18.54406875428919 37.5
-2.282806194596027 20.56131119120175 2.5
-2.282806194596027 20.56131119120175 5
-2.282806194596027 20.56131119120175 7.5
-2.282806194596027 20.56131119120175 10
-2.282806194596027 20.56131119120175 12.5
-2.282806194596027 20.56131119120175 15
-2.282806194596027 20.56131119120175 17.5
-2.282806194596027 20.56131119120175 20
-2.282806194596027 20.56131119120175 22.5
-2.282806194596027 20.56131119120175 25
-2.282806194596027 20.56131119120175 27.5
-2.282806194596027 20.56131119120175 30
-2.282806194596027 20.56131119120175 32.5
-2.282806194596027 20.56131119120175 35
-2.282806194596027 20.56131119120175 37.5
-17.06244579003294 9.877844475321147 2.5
-17.06244579003294 9.877844475321147 5
-17.06244579003294 9.877844475321147 7.5
-17.06244579003294 9.877844475321147 10
-17.06244579003294 9.877844475321147 12.5
-17.06244579003294 9.877844475321147 15
-17.06244579003294 9.877844475321147 17.5
-17.06244579003294 9.877844475321147 20
-17.06244579003294 9.877844475321147 22.5
-17.06244579003294 9.877844475321147 25
-17.06244579003294 9.877844475321147 27.5
-17.06244579003294 9.877844475321147 30
-17.06244579003294 9.877844475321147 32.5
-17.06244579003294 9.877844475321147 35
-17.06244579003294 9.877844475321147 37.5
-2.760333957496734 -22.27292787301079 2.5
-2.760333957496734 -22.27292787301079 5
-2.760333957496734 -22.27292787301079 7.5
-2.760333957496734 -22.27292787301079 10
-2.760333957496734 -22.27292787301079 12.5
-2.760333957496734 -22.27292787301079 15
-2.760333957496734 -22.27292787301079 17.5
-2.760333957496734 -22.27292787301079 20
-2.760333957496734 -22.27292787301079 22.5
-2.760333957496734 -22.27292787301079 25
-2.760333957496734 -22.27292787301079 27.5
-2.760333957496734 -22.27292787301079 30
-2.760333957496734 -22.27292787301079 32.5
-2.760333957496734 -22.27292787301079 35
-2.760333957496734 -22.27292787301079 37.5
7.91690596747222 21.09540202558804 2.5
7.91690596747222 21.09540202558804 5
7.91690596747222 21.09540202558804 7.5
7.91690596747222 21.09540202558804 10
7.91690596747222 21.09540202558804 12.5
7.91690596747222 21.09540202558804 15
7.91690596747222 21.09540202558804 17.5
7.91690596747222 21.09540202558804 20
7.91690596747222 21.09540202558804 22.5
7.91690596747222 21.09540202558804 25
7.91690596747222 21.09540202558804 27.5
7.91690596747222 21.09540202558804 30
7.91690596747222 21.09540202558804 32.5
7.91690596747222 21.09540202558804 35
7.91690596747222 21.09540202558804 37.5
-17.80701723882294 13.63378705667329 2.5
-17.80701723882294 13.63378705667329 5
-17.80701723882294 13.63378705667329 7.5
-17.80701723882294 13.63378705667329 10
-17.80701723882294 13.63378705667329 12.5
-17.80701723882294 13.63378705667329 15
-17.80701723882294 13.63378705667329 17.5
-17.80701723882294 13.63378705667329 20
-17.80701723882294 13.63378705667329 22.5
-17.80701723882294 13.63378705667329 25
-17.80701723882294 13.63378705667329 27.5
-17.80701723882294 13.63378705667329 30
-17.80701723882294 13.63378705667329 32.5
-17.80701723882294 13.63378705667329 35
-17.80701723882294 13.63378705667329 37.5
-20.24826112495649 5.100333831504575 2.5
-20.24826112495649 5.100333831504575 5
-20.24826112495649 5.100333831504575 7.5
-20.24826112495649 5.100333831504575 10
-20.24826112495649 5.100333831504575 12.5
-20.24826112495649 5.100333831504575 15
-20.24826112495649 5.100333831504575 17.5
-20.24826112495649 5.100333831504575 20
-20.24826112495649 5.100333831504575 22.5
-20.24826112495649 5.100333831504575 25
-20.24826112495649 5.100333831504575 27.5
-20.24826112495649 5.100333831504575 30
-20.24826112495649 5.100333831504575 32.5
-20.24826112495649 5.100333831504575 35
-20.24826112495649 5.100333831504575 37.5
19.32049712108008 5.455669738234832 2.5
19.32049712108008 5.455669738234832 5
19.32049712108008 5.455669738234832 7.5
19.32049712108008 5.455669738234832 10
19.32049712108008 5.455669738234832 12.5
19.32049712108008 5.455669738234832 15
19.32049712108008 5.455669738234832 17.5
19.32049712108008 5.455669738234832 20
19.32049712108008 5.455669738234832 22.5
19.32049712108008 5.455669738234832 25
19.32049712108008 5.455669738234832 27.5
19.32049712108008 5.455669738234832 30
19.32049712108008 5.455669738234832 32.5
19.32049712108008 5.455669738234832 35
19.32049712108008 5.455669738234832 37.5
22.28136972718534 -3.328424438778737 2.5
22.28136972718534 -3.328424438778737 5
22.28136972718534 -3.328424438778737 7.5
22.28136972718534 -3.328424438778737 10
22.28136972718534 -3.328424438778737 12.5
22.28136972718534 -3.328424438778737 15
22.28136972718534 -3.328424438778737 17.5
22.28136972718534 -3.328424438778737 20
22.28136972718534 -3.328424438778737 22.5
22.28136972718534 -3.328424438778737 25
22.28136972718534 -3.328424438778737 27.5
22.28136972718534 -3.328424438778737 30
22.28136972718534 -3.328424438778737 32.5
22.28136972718534 -3.328424438778737 35
22.28136972718534 -3.328424438778737 37.5
12.31277433095859 18.82530046514393 2.5
12.31277433095859 18.82530046514393 5
12.31277433095859 18.82530046514393 7.5
12.31277433095859 18.82530046514393 10
12.31277433095859 18.82530046514393 12.5
12.31277433095859 18.82530046514393 15
12.31277433095859 18.82530046514393 17.5
12.31277433095859 18.82530046514393 20
12.31277433095859 18.82530046514393 22.5
12.31277433095859 18.82530046514393 25
12.31277433095859 18.82530046514393 27.5
12.31277433095859 18.82530046514393 30
12.31277433095859 18.82530046514393 32.5
12.31277433095859 18.82530046514393 35
12.31277433095859 18.82530046514393 37.5
-17.26431636928315 -11.85795174894831 2.5
-17.26431636928315 -11.85795174894831 5
-17.26431636928315 -11.85795174894831 7.5
-17.26431636928315 -11.85795174894831 10
-17.26431636928315 -11.85795174894831 12.5
-17.26431636928315 -11.85795174894831 15
-17.26431636928315 -11.85795174894831 17.5
-17.26431636928315 -11.85795174894831 20
-17.26431636928315 -11.85795174894831 22.5
-17.26431636928315 -11.85795174894831 25
-17.26431636928315 -11.85795174894831 27.5
-17.26431636928315 -11.85795174894831 30
-17.26431636928315 -11.85795174894831 32.5
-17.26431636928315 -11.85795174894831 35
-17.26431636928315 -11.85795174894831 37.5
9.90466199414945 -21.29193653607518 2.5
9.90466199414945 -21.29193653607518 5
9.90466199414945 -21.29193653607518 7.5
9.90466199414945 -21.29193653607518 10
9.90466199414945 -21.29193653607518 12.5
9.90466199414945 -21.29193653607518 15
9.90466199414945 -21.29193653607518 17.5
9.90466199414945 -21.29193653607518 20
9.90466199414945 -21.29193653607518 22.5
9.90466199414945 -21.29193653607518 25
9.90466199414945 -21.29193653607518 27.5
9.90466199414945 -21.29193653607518 30
9.90466199414945 -21.29193653607518 32.5
9.90466199414945 -21.29193653607518 35
9.90466199414945 -21.29193653607518 37.5
-19.49119230883313 -2.940598761889228 2.5
-19.49119230883313 -2.940598761889228 5
-19.49119230883313 -2.940598761889228 7.5
-19.49119230883313 -2.940598761889228 10
-19.49119230883313 -2.940598761889228 12.5
-19.49119230883313 -2.940598761889228 15
-19.49119230883313 -2.940598761889228 17.5
-19.49119230883313 -2.940598761889228 20
-19.49119230883313 -2.940598761889228 22.5
-19.49119230883313 -2.940598761889228 25
-19.49119230883313 -2.940598761889228 27.5
-19.49119230883313 -2.940598761889228 30
-19.49119230883313 -2.940598761889228 32.5
-19.49119230883313 -2.940598761889228 35
-19.49119230883313 -2.940598761889228 37.5
-5.814170837161744 22.31218962195522 2.5
-5.814170837161744 22.31218962195522 5
-5.814170837161744 22.31218962195522 7.5
-5.814170837161744 22.31218962195522 10
-5.814170837161744 22.31218962195522 12.5
-5.814170837161744 22.31218962195522 15
-5.814170837161744 22.31218962195522 17.5
-5.814170837161744 22.31218962195522 20
-5.814170837161744 22.31218962195522 22.5
-5.814170837161744 22.31218962195522 25
-5.814170837161744 22.31218962195522 27.5
-5.814170837161744 22.31218962195522 30
-5.814170837161744 22.31218962195522 32.5
-5.814170837161744 22.31218962195522 35
-5.814170837161744 22.31218962195522 37.5
-0.04610410168855941 19.86691868524104 2.5
-0.04610410168855941 19.86691868524104 5
-0.04610410168855941 19.86691868524104 7.5
-0.04610410168855941 19.86691868524104 10
-0.04610410168855941 19.86691868524104 12.5
-0.04610410168855941 19.86691868524104 15
-0.04610410168855941 19.86691868524104 17.5
-0.04610410168855941 19.86691868524104 20
-0.04610410168855941 19.86691868524104 22.5
-0.04610410168855941 19.86691868524104 25
-0.04610410168855941 19.86691868524104 27.5
-0.04610410168855941 19.86691868524104 30
-0.04610410168855941 19.86691868524104 32.5
-0.04610410168855941 19.86691868524104 35
-0.04610410168855941 19.86691868524104 37.5
-22.79637548072613 5.068273374683558 2.5
-22.79637548072613 5.068273374683558 5
-22.79637548072613 5.068273374683558 7.5
-22.79637548072613 5.068273374683558 10
-22.79637548072613 5.068273374683558 12.5
-22.79637548072613 5.068273374683558 15
-22.79637548072613 5.068273374683558 17.5
-22.79637548072613 5.068273374683558 20
-22.79637548072613 5.068273374683558 22.5
-22.79637548072613 5.068273374683558 25
-22.79637548072613 5.068273374683558 27.5
-22.79637548072613 5.068273374683558 30
-22.79637548072613 5.068273374683558 32.5
-22.79637548072613 5.068273374683558 35
-22.79637548072613 5.068273374683558 37.5
-9.241932341642748 -17.82537717417071 2.5
-9.241932341642748 -17.82537717417071 5
-9.241932341642748 -17.82537717417071 7.5
-9.241932341642748 -17.82537717417071 10
-9.241932341642748 -17.82537717417071 12.5
-9.241932341642748 -17.82537717417071 15
-9.241932341642748 -17.82537717417071 17.5
-9.241932341642748 -17.82537717417071 20
-9.241932341642748 -17.82537717417071 22.5
-9.241932341642748 -17.82537717417071 25
-9.241932341642748 -17.82537717417071 27.5
-9.241932341642748 -17.82537717417071 30
-9.241932341642748 -17.82537717417071 32.5
-9.241932341642748 -17.82537717417071 35
-9.241932341642748 -17.82537717417071 37.5
-17.8270336769914 -10.12404956109357 2.5
-17.8270336769914 -10.12404956109357 5
-17.8270336769914 -10.12404956109357 7.5
-17.8270336769914 -10.12404956109357 10
-17.8270336769914 -10.12404956109357 12.5
-17.8270336769914 -10.12404956109357 15
-17.8270336769914 -10.12404956109357 17.5
-17.8270336769914 -10.12404956109357 20
-17.8270336769914 -10.12404956109357 22.5
-17.8270336769914 -10.12404956109357 25
-17.8270336769914 -10.12404956109357 27.5
-17.8270336769914 -10.12404956109357 30
-17.8270336769914 -10.12404956109357 32.5
-17.8270336769914 -10.12404956109357 35
-17.8270336769914 -10.12404956109357 37.5
-23.20057415801281 0.2604457928283007 2.5
-23.20057415801281 0.2604457928283007 5
-23.20057415801281 0.2604457928283007 7.5
-23.20057415801281 0.2604457928283007 10
-23.20057415801281 0.2604457928283007 12.5
-23.20057415801281 0.2604457928283007 15
-23.20057415801281 0.2604457928283007 17.5
-23.20057415801281 0.2604457928283007 20
-23.20057415801281 0.2604457928283007 22.5
-23.20057415801281 0.2604457928283007 25
-23.20057415801281 0.2604457928283007 27.5
-23.20057415801281 0.2604457928283007 30
-23.20057415801281 0.2604457928283007 32.5
-23.20057415801281 0.2604457928283007 35
-23.20057415801281 0.2604457928283007 37.5
15.39219959310157 -13.00667119425901 2.5
15.39219959310157 -13.00667119425901 5
15.39219959310157 -13.00667119425901 7.5
15.39219959310157 -13.00667119425901 10
15.39219959310157 -13.00667119425901 12.5
15.39219959310157 -13.00667119425901 15
15.39219959310157 -13.00667119425901 17.5
15.39219959310157 -13.00667119425901 20
15.39219959310157 -13.00667119425901 22.5
15.39219959310157 -13.00667119425901 25
15.39219959310157 -13.00667119425901 27.5
15.39219959310157 -13.00667119425901 30
15.39219959310157 -13.00667119425901 32.5
15.39219959310157 -13.00667119425901 35
15.39219959310157 -13.00667119425901 37.5
19.47692317480957 3.590210998470978 2.5
19.47692317480957 3.590210998470978 5
19.47692317480957 3.590210998470978 7.5
19.47692317480957 3.590210998470978 10
19.47692317480957 3.590210998470978 12.5
19.47692317480957 3.590210998470978 15
19.47692317480957 3.590210998470978 17.5
19.47692317480957 3.590210998470978 20
19.47692317480957 3.590210998470978 22.5
19.47692317480957 3.590210998470978 25
19.47692317480957 3.590210998470978 27.5
19.47692317480957 3.590210998470978 30
19.47692317480957 3.590210998470978 32.5
19.47692317480957 3.590210998470978 35
19.47692317480957 3.590210998470978 37.5
-5.034911470118109 -19.59618325898455 2.5
-5.034911470118109 -19.59618325898455 5
-5.034911470118109 -19.59618325898455 7.5
-5.034911470118109 -19.59618325898455 10
-5.034911470118109 -19.59618325898455 12.5
-5.034911470118109 -19.59618325898455 15
-5.034911470118109 -19.59618325898455 17.5
-5.034911470118109 -19.59618325898455 20
-5.034911470118109 -19.59618325898455 22.5
-5.034911470118109 -19.59618325898455 25
-5.034911470118109 -19.59618325898455 27.5
-5.034911470118109 -19.59618325898455 30
-5.034911470118109 -19.59618325898455 32.5
-5.034911470118109 -19.59618325898455 35
-5.034911470118109 -19.59618325898455 37.5
$EndNodes
$Elements
7 6224 1 6224
2 1 3 296
1 341 309 393 183 
2 178 390 24 25 
3 303 389 178 401 
4 294 412 184 413 
5 41 318 402 40 
6 422 190 418 392 
7 405 362 399 193 
8 21 397 173 20 
9 26 27 393 401 
10 14 396 180 13 
11 436 319 416 189 
12 315 324 325 179 
13 441 174 423 317 
14 440 406 196 427 
15 422 398 425 190 
16 54 400 420 53 
17 383 321 200 203 
18 323 324 283 290 
19 323 290 336 322 
20 207 382 306 326 
21 322 336 329 205 
22 327 211 344 328 
23 336 292 378 329 
24 330 328 369 381 
25 395 1 9 187 
26 241 338 308 339 
27 295 337 263 332 
28 333 213 210 331 
29 213 342 217 214 
30 401 178 25 26 
31 365 364 373 302 
32 268 296 299 269 
33 220 217 342 372 
34 237 339 273 272 
35 256 337 267 254 
36 332 263 264 297 
37 348 241 224 345 
38 337 256 261 263 
39 209 378 291 331 
40 287 267 337 295 
41 244 367 334 370 
42 259 258 240 252 
43 232 231 230 229 
44 319 276 275 313 
45 269 248 249 268 
46 253 247 255 254 
47 248 269 300 346 
48 339 237 224 241 
49 236 248 346 235 
50 288 289 348 282 
51 241 348 289 338 
52 348 345 226 280 
53 224 222 226 345 
54 259 252 368 275 
55 275 276 277 259 
56 216 219 349 350 
57 288 316 335 289 
58 344 215 218 228 
59 352 350 353 262 
60 360 363 314 368 
61 218 215 214 216 
62 231 232 236 235 
63 216 350 352 218 
64 297 264 266 347 
65 307 273 339 308 
66 247 246 243 244 
67 221 219 217 220 
68 373 364 359 245 
69 228 218 352 229 
70 221 220 223 222 
71 254 255 260 256 
72 222 223 227 226 
73 281 282 348 280 
74 276 304 305 277 
75 229 352 262 232 
76 365 361 359 364 
77 215 344 211 212 
78 341 271 303 309 
79 215 212 213 214 
80 342 334 367 372 
81 252 240 239 251 
82 222 224 225 221 
83 340 268 249 270 
84 254 267 286 253 
85 219 221 225 349 
86 308 338 289 335 
87 353 350 349 351 
88 280 242 356 281 
89 235 343 233 231 
90 361 360 251 359 
91 263 261 265 264 
92 280 226 227 242 
93 336 278 265 292 
94 256 260 366 261 
95 282 281 285 284 
96 219 216 214 217 
97 245 239 234 233 
98 213 333 334 342 
99 244 243 242 227 
100 224 237 238 225 
101 349 225 238 351 
102 261 366 292 265 
103 223 367 244 227 
104 245 359 251 239 
105 279 291 366 260 
106 264 265 278 266 
107 237 272 250 238 
108 328 344 228 369 
109 273 298 354 272 
110 213 212 211 210 
111 331 291 279 333 
112 231 233 234 230 
113 340 270 271 341 
114 247 253 357 246 
115 233 343 373 245 
116 269 299 301 300 
117 381 369 230 234 
118 346 300 302 373 
119 324 315 310 283 
120 336 290 283 278 
121 377 379 353 351 
122 242 243 257 356 
123 220 372 367 223 
124 243 246 357 257 
125 229 230 369 228 
126 244 370 255 247 
127 310 266 278 283 
128 333 279 370 334 
129 250 272 354 274 
130 368 314 313 275 
131 371 357 253 286 
132 252 251 360 368 
133 260 255 370 279 
134 281 356 374 285 
135 235 346 373 343 
136 354 355 380 274 
137 257 357 371 358 
138 232 262 376 236 
139 318 41 42 181 
140 358 374 356 257 
141 400 54 55 182 
142 294 285 374 320 
143 181 313 314 318 
144 248 236 376 249 
145 271 293 380 303 
146 327 208 210 211 
147 249 376 379 270 
148 379 377 380 293 
149 238 250 377 351 
150 397 21 2 195 
151 358 375 320 374 
152 262 353 379 376 
153 291 378 292 366 
154 271 270 379 293 
155 250 274 380 377 
156 239 240 381 234 
157 378 209 206 329 
158 331 210 208 209 
159 306 382 330 258 
160 330 381 240 258 
161 382 207 208 327 
162 328 330 382 327 
163 306 258 259 277 
164 209 208 207 206 
165 326 204 206 207 
166 329 206 204 205 
167 203 326 306 383 
168 277 305 383 306 
169 322 205 204 202 
170 321 383 305 312 
171 326 203 202 204 
172 323 322 202 201 
173 203 200 201 202 
174 276 319 436 304 
175 317 198 200 321 
176 335 384 307 308 
177 316 192 424 385 
178 201 200 198 199 
179 196 407 180 375 
180 321 312 441 317 
181 1 395 428 60 
182 307 397 195 434 
183 384 335 316 385 
184 391 410 332 297 
185 410 409 176 419 
186 300 301 386 302 
187 360 361 399 362 
188 178 389 355 390 
189 414 199 185 403 
190 285 294 413 284 
191 27 28 183 393 
192 324 323 414 325 
193 403 194 325 414 
194 303 380 355 389 
195 375 180 396 320 
196 311 408 174 441 
197 421 188 355 354 
198 311 436 189 408 
199 413 184 429 388 
200 316 288 413 388 
201 412 294 320 396 
202 199 198 197 185 
203 196 375 358 427 
204 287 395 187 417 
205 307 384 173 397 
206 386 301 426 387 
207 313 181 416 319 
208 387 438 186 386 
209 421 434 195 411 
210 177 39 40 402 
211 48 185 197 4 
212 50 194 403 49 
213 37 193 404 36 
214 39 177 405 38 
215 11 196 406 10 
216 13 180 407 12 
217 49 403 185 48 
218 193 37 38 405 
219 36 404 186 35 
220 196 11 12 407 
221 10 406 187 9 
222 189 44 45 408 
223 46 174 408 45 
224 191 57 58 409 
225 59 176 409 58 
226 22 411 195 2 
227 396 14 15 412 
228 16 184 412 15 
229 287 295 419 394 
230 282 284 413 288 
231 57 191 415 56 
232 299 296 422 392 
233 44 189 416 43 
234 30 31 418 190 
235 341 398 422 340 
236 302 386 432 365 
237 193 399 432 404 
238 314 430 402 318 
239 20 173 424 19 
240 297 347 439 391 
241 28 29 425 183 
242 199 414 323 201 
243 18 192 429 17 
244 194 431 179 325 
245 303 401 393 309 
246 182 55 56 415 
247 52 179 431 51 
248 22 23 433 188 
249 198 317 423 197 
250 387 435 33 34 
251 181 42 43 416 
252 387 34 3 438 
253 384 385 424 173 
254 267 287 417 286 
255 175 418 31 32 
256 415 439 400 182 
257 315 400 439 310 
258 439 415 191 391 
259 391 191 409 410 
260 426 392 418 175 
261 179 420 400 315 
262 316 388 429 192 
263 287 394 428 395 
264 179 52 53 420 
265 268 340 422 296 
266 419 176 428 394 
267 341 183 425 398 
268 174 46 47 423 
269 192 18 19 424 
270 190 425 29 30 
271 295 332 410 419 
272 392 426 301 299 
273 4 197 423 47 
274 440 427 358 371 
275 176 59 60 428 
276 184 16 17 429 
277 286 417 440 371 
278 194 50 51 431 
279 390 433 23 24 
280 314 363 437 430 
281 273 307 434 298 
282 437 177 402 430 
283 32 33 435 175 
284 305 304 436 311 
285 354 298 434 421 
286 360 362 437 363 
287 35 186 438 3 
288 266 310 439 347 
289 305 311 441 312 
290 22 188 421 411 
291 361 365 432 399 
292 362 405 177 437 
293 387 426 175 435 
294 386 186 404 432 
295 355 188 433 390 
296 406 440 417 187 
2 13 3 224
297 1 9 442 113 
298 113 442 443 114 
299 114 443 444 115 
300 115 444 445 116 
301 116 445 446 117 
302 117 446 447 118 
303 118 447 448 119 
304 119 448 449 120 
305 120 449 450 121 
306 121 450 451 122 
307 122 451 452 123 
308 123 452 453 124 
309 124 453 454 125 
310 125 454 455 126 
311 126 455 456 127 
312 127 456 61 5 
313 9 10 457 442 
314 442 457 458 443 
315 443 458 459 444 
316 444 459 460 445 
317 445 460 461 446 
318 446 461 462 447 
319 447 462 463 448 
320 448 463 464 449 
321 449 464 465 450 
322 450 465 466 451 
323 451 466 467 452 
324 452 467 468 453 
325 453 468 469 454 
326 454 469 470 455 
327 455 470 471 456 
328 456 471 62 61 
329 10 11 472 457 
330 457 472 473 458 
331 458 473 474 459 
332 459 474 475 460 
333 460 475 476 461 
334 461 476 477 462 
335 462 477 478 463 
336 463 478 479 464 
337 464 479 480 465 
338 465 480 481 466 
339 466 481 482 467 
340 467 482 483 468 
341 468 483 484 469 
342 469 484 485 470 
343 470 485 486 471 
344 471 486 63 62 
345 11 12 487 472 
346 472 487 488 473 
347 473 488 489 474 
348 474 489 490 475 
349 475 490 491 476 
350 476 491 492 477 
351 477 492 493 478 
352 478 493 494 479 
353 479 494 495 480 
354 480 495 496 481 
355 481 496 497 482 
356 482 497 498 483 
357 483 498 499 484 
358 484 499 500 485 
359 485 500 501 486 
360 486 501 64 63 
361 12 13 502 487 
362 487 502 503 488 
363 488 503 504 489 
364 489 504 505 490 
365 490 505 506 491 
366 491 506 507 492 
367 492 507 508 493 
368 493 508 509 494 
369 494 509 510 495 
370 495 510 511 496 
371 496 511 512 497 
372 497 512 513 498 
373 498 513 514 499 
374 499 514 515 500 
375 500 515 516 501 
376 501 516 65 64 
377 13 14 517 502 
378 502 517 518 503 
379 503 518 519 504 
380 504 519 520 505 
381 505 520 521 506 
382 506 521 522 507 
383 507 522 523 508 
384 508 523 524 509 
385 509 524 525 510 
386 510 525 526 511 
387 511 526 527 512 
388 512 527 528 513 
389 513 528 529 514 
390 514 529 530 515 
391 515 530 531 516 
392 516 531 66 65 
393 14 15 532 517 
394 517 532 533 518 
395 518 533 534 519 
396 519 534 535 520 
397 520 535 536 521 
398 521 536 537 522 
399 522 537 538 523 
400 523 538 539 524 
401 524 539 540 525 
402 525 540 541 526 
403 526 541 542 527 
404 527 542 543 528 
405 528 543 544 529 
406 529 544 545 530 
407 530 545 546 531 
408 531 546 67 66 
409 15 16 547 532 
410 532 547 548 533 
411 533 548 549 534 
412 534 549 550 535 
413 535 550 551 536 
414 536 551 552 537 
415 537 552 553 538 
416 538 553 554 539 
417 539 554 555 540 
418 540 555 556 541 
419 541 556 557 542 
420 542 557 558 543 
421 543 558 559 544 
422 544 559 560 545 
423 545 560 561 546 
424 546 561 68 67 
425 16 17 562 547 
426 547 562 563 548 
427 548 563 564 549 
428 549 564 565 550 
429 550 565 566 551 
430 551 566 567 552 
431 552 567 568 553 
432 553 568 569 554 
433 554 569 570 555 
434 555 570 571 556 
435 556 571 572 557 
436 557 572 573 558 
437 558 573 574 559 
438 559 574 575 560 
439 560 575 576 561 
440 561 576 69 68 
441 17 18 577 562 
442 562 577 578 563 
443 563 578 579 564 
444 564 579 580 565 
445 565 580 581 566 
446 566 581 582 567 
447 567 582 583 568 
448 568 583 584 569 
449 569 584 585 570 
450 570 585 586 571 
451 571 586 587 572 
452 572 587 588 573 
453 573 588 589 574 
454 574 589 590 575 
455 575 590 591 576 
456 576 591 70 69 
457 18 19 592 577 
458 577 592 593 578 
459 578 593 594 579 
460 579 594 595 580 
461 580 595 596 581 
462 581 596 597 582 
463 582 597 598 583 
464 583 598 599 584 
465 584 599 600 585 
466 585 600 601 586 
467 586 601 602 587 
468 587 602 603 588 
469 588 603 604 589 
470 589 604 605 590 
471 590 605 606 591 
472 591 606 71 70 
473 19 20 607 592 
474 592 607 608 593 
475 593 608 609 594 
476 594 609 610 595 
477 595 610 611 596 
478 596 611 612 597 
479 597 612 613 598 
480 598 613 614 599 
481 599 614 615 600 
482 600 615 616 601 
483 601 616 617 602 
484 602 617 618 603 
485 603 618 619 604 
486 604 619 620 605 
487 605 620 621 606 
488 606 621 72 71 
489 20 21 622 607 
490 607 622 623 608 
491 608 623 624 609 
492 609 624 625 610 
493 610 625 626 611 
494 611 626 627 612 
495 612 627 628 613 
496 613 628 629 614 
497 614 629 630 615 
498 615 630 631 616 
499 616 631 632 617 
500 617 632 633 618 
501 618 633 634 619 
502 619 634 635 620 
503 620 635 636 621 
504 621 636 73 72 
505 21 2 128 622 
506 622 128 129 623 
507 623 129 130 624 
508 624 130 131 625 
509 625 131 132 626 
510 626 132 133 627 
511 627 133 134 628 
512 628 134 135 629 
513 629 135 136 630 
514 630 136 137 631 
515 631 137 138 632 
516 632 138 139 633 
517 633 139 140 634 
518 634 140 141 635 
519 635 141 142 636 
520 636 142 6 73 
2 17 3 224
521 2 22 637 128 
522 128 637 638 129 
523 129 638 639 130 
524 130 639 640 131 
525 131 640 641 132 
526 132 641 642 133 
527 133 642 643 134 
528 134 643 644 135 
529 135 644 645 136 
530 136 645 646 137 
531 137 646 647 138 
532 138 647 648 139 
533 139 648 649 140 
534 140 649 650 141 
535 141 650 651 142 
536 142 651 74 6 
537 22 23 652 637 
538 637 652 653 638 
539 638 653 654 639 
540 639 654 655 640 
541 640 655 656 641 
542 641 656 657 642 
543 642 657 658 643 
544 643 658 659 644 
545 644 659 660 645 
546 645 660 661 646 
547 646 661 662 647 
548 647 662 663 648 
549 648 663 664 649 
550 649 664 665 650 
551 650 665 666 651 
552 651 666 75 74 
553 23 24 667 652 
554 652 667 668 653 
555 653 668 669 654 
556 654 669 670 655 
557 655 670 671 656 
558 656 671 672 657 
559 657 672 673 658 
560 658 673 674 659 
561 659 674 675 660 
562 660 675 676 661 
563 661 676 677 662 
564 662 677 678 663 
565 663 678 679 664 
566 664 679 680 665 
567 665 680 681 666 
568 666 681 76 75 
569 24 25 682 667 
570 667 682 683 668 
571 668 683 684 669 
572 669 684 685 670 
573 670 685 686 671 
574 671 686 687 672 
575 672 687 688 673 
576 673 688 689 674 
577 674 689 690 675 
578 675 690 691 676 
579 676 691 692 677 
580 677 692 693 678 
581 678 693 694 679 
582 679 694 695 680 
583 680 695 696 681 
584 681 696 77 76 
585 25 26 697 682 
586 682 697 698 683 
587 683 698 699 684 
588 684 699 700 685 
589 685 700 701 686 
590 686 701 702 687 
591 687 702 703 688 
592 688 703 704 689 
593 689 704 705 690 
594 690 705 706 691 
595 691 706 707 692 
596 692 707 708 693 
597 693 708 709 694 
598 694 709 710 695 
599 695 710 711 696 
600 696 711 78 77 
601 26 27 712 697 
602 697 712 713 698 
603 698 713 714 699 
604 699 714 715 700 
605 700 715 716 701 
606 701 716 717 702 
607 702 717 718 703 
608 703 718 719 704 
609 704 719 720 705 
610 705 720 721 706 
611 706 721 722 707 
612 707 722 723 708 
613 708 723 724 709 
614 709 724 725 710 
615 710 725 726 711 
616 711 726 79 78 
617 27 28 727 712 
618 712 727 728 713 
619 713 728 729 714 
620 714 729 730 715 
621 715 730 731 716 
622 716 731 732 717 
623 717 732 733 718 
624 718 733 734 719 
625 719 734 735 720 
626 720 735 736 721 
627 721 736 737 722 
628 722 737 738 723 
629 723 738 739 724 
630 724 739 740 725 
631 725 740 741 726 
632 726 741 80 79 
633 28 29 742 727 
634 727 742 743 728 
635 728 743 744 729 
636 729 744 745 730 
637 730 745 746 731 
638 731 746 747 732 
639 732 747 748 733 
640 733 748 749 734 
641 734 749 750 735 
642 735 750 751 736 
643 736 751 752 737 
644 737 752 753 738 
645 738 753 754 739 
646 739 754 755 740 
647 740 755 756 741 
648 741 756 81 80 
649 29 30 757 742 
650 742 757 758 743 
651 743 758 759 744 
652 744 759 760 745 
653 745 760 761 746 
654 746 761 762 747 
655 747 762 763 748 
656 748 763 764 749 
657 749 764 765 750 
658 750 765 766 751 
659 751 766 767 752 
660 752 767 768 753 
661 753 768 769 754 
662 754 769 770 755 
663 755 770 771 756 
664 756 771 82 81 
665 30 31 772 757 
666 757 772 773 758 
667 758 773 774 759 
668 759 774 775 760 
669 760 775 776 761 
670 761 776 777 762 
671 762 777 778 763 
672 763 778 779 764 
673 764 779 780 765 
674 765 780 781 766 
675 766 781 782 767 
676 767 782 783 768 
677 768 783 784 769 
678 769 784 785 770 
679 770 785 786 771 
680 771 786 83 82 
681 31 32 787 772 
682 772 787 788 773 
683 773 788 789 774 
684 774 789 790 775 
685 775 790 791 776 
686 776 791 792 777 
687 777 792 793 778 
688 778 793 794 779 
689 779 794 795 780 
690 780 795 796 781 
691 781 796 797 782 
692 782 797 798 783 
693 783 798 799 784 
694 784 799 800 785 
695 785 800 801 786 
696 786 801 84 83 
697 32 33 802 787 
698 787 802 803 788 
699 788 803 804 789 
700 789 804 805 790 
701 790 805 806 791 
702 791 806 807 792 
703 792 807 808 793 
704 793 808 809 794 
705 794 809 810 795 
706 795 810 811 796 
707 796 811 812 797 
708 797 812 813 798 
709 798 813 814 799 
710 799 814 815 800 
711 800 815 816 801 
712 801 816 85 84 
713 33 34 817 802 
714 802 817 818 803 
715 803 818 819 804 
716 804 819 820 805 
717 805 820 821 806 
718 806 821 822 807 
719 807 822 823 808 
720 808 823 824 809 
721 809 824 825 810 
722 810 825 826 811 
723 811 826 827 812 
724 812 827 828 813 
725 813 828 829 814 
726 814 829 830 815 
727 815 830 831 816 
728 816 831 86 85 
729 34 3 143 817 
730 817 143 144 818 
731 818 144 145 819 
732 819 145 146 820 
733 820 146 147 821 
734 821 147 148 822 
735 822 148 149 823 
736 823 149 150 824 
737 824 150 151 825 
738 825 151 152 826 
739 826 152 153 827 
740 827 153 154 828 
741 828 154 155 829 
742 829 155 156 830 
743 830 156 157 831 
744 831 157 7 86 
2 21 3 224
745 3 35 832 143 
746 143 832 833 144 
747 144 833 834 145 
748 145 834 835 146 
749 146 835 836 147 
750 147 836 837 148 
751 148 837 838 149 
752 149 838 839 150 
753 150 839 840 151 
754 151 840 841 152 
755 152 841 842 153 
756 153 842 843 154 
757 154 843 844 155 
758 155 844 845 156 
759 156 845 846 157 
760 157 846 87 7 
761 35 36 847 832 
762 832 847 848 833 
763 833 848 849 834 
764 834 849 850 835 
765 835 850 851 836 
766 836 851 852 837 
767 837 852 853 838 
768 838 853 854 839 
769 839 854 855 840 
770 840 855 856 841 
771 841 856 857 842 
772 842 857 858 843 
773 843 858 859 844 
774 844 859 860 845 
775 845 860 861 846 
776 846 861 88 87 
777 36 37 862 847 
778 847 862 863 848 
779 848 863 864 849 
780 849 864 865 850 
781 850 865 866 851 
782 851 866 867 852 
783 852 867 868 853 
784 853 868 869 854 
785 854 869 870 855 
786 855 870 871 856 
787 856 871 872 857 
788 857 872 873 858 
789 858 873 874 859 
790 859 874 875 860 
791 860 875 876 861 
792 861 876 89 88 
793 37 38 877 862 
794 862 877 878 863 
795 863 878 879 864 
796 864 879 880 865 
797 865 880 881 866 
798 866 881 882 867 
799 867 882 883 868 
800 868 883 884 869 
801 869 884 885 870 
802 870 885 886 871 
803 871 886 887 872 
804 872 887 888 873 
805 873 888 889 874 
806 874 889 890 875 
807 875 890 891 876 
808 876 891 90 89 
809 38 39 892 877 
810 877 892 893 878 
811 878 893 894 879 
812 879 894 895 880 
813 880 895 896 881 
814 881 896 897 882 
815 882 897 898 883 
816 883 898 899 884 
817 884 899 900 885 
818 885 900 901 886 
819 886 901 902 887 
820 887 902 903 888 
821 888 903 904 889 
822 889 904 905 890 
823 890 905 906 891 
824 891 906 91 90 
825 39 40 907 892 
826 892 907 908 893 
827 893 908 909 894 
828 894 909 910 895 
829 895 910 911 896 
830 896 911 912 897 
831 897 912 913 898 
832 898 913 914 899 
833 899 914 915 900 
834 900 915 916 901 
835 901 916 917 902 
836 902 917 918 903 
837 903 918 919 904 
838 904 919 920 905 
839 905 920 921 906 
840 906 921 92 91 
841 40 41 922 907 
842 907 922 923 908 
843 908 923 924 909 
844 909 924 925 910 
845 910 925 926 911 
846 911 926 927 912 
847 912 927 928 913 
848 913 928 929 914 
849 914 929 930 915 
850 915 930 931 916 
851 916 931 932 917 
852 917 932 933 918 
853 918 933 934 919 
854 919 934 935 920 
855 920 935 936 921 
856 921 936 93 92 
857 41 42 937 922 
858 922 937 938 923 
859 923 938 939 924 
860 924 939 940 925 
861 925 940 941 926 
862 926 941 942 927 
863 927 942 943 928 
864 928 943 944 929 
865 929 944 945 930 
866 930 945 946 931 
867 931 946 947 932 
868 932 947 948 933 
869 933 948 949 934 
870 934 949 950 935 
871 935 950 951 936 
872 936 951 94 93 
873 42 43 952 937 
874 937 952 953 938 
875 938 953 954 939 
876 939 954 955 940 
877 940 955 956 941 
878 941 956 957 942 
879 942 957 958 943 
880 943 958 959 944 
881 944 959 960 945 
882 945 960 961 946 
883 946 961 962 947 
884 947 962 963 948 
885 948 963 964 949 
886 949 964 965 950 
887 950 965 966 951 
888 951 966 95 94 
889 43 44 967 952 
890 952 967 968 953 
891 953 968 969 954 
892 954 969 970 955 
893 955 970 971 956 
894 956 971 972 957 
895 957 972 973 958 
896 958 973 974 959 
897 959 974 975 960 
898 960 975 976 961 
899 961 976 977 962 
900 962 977 978 963 
901 963 978 979 964 
902 964 979 980 965 
903 965 980 981 966 
904 966 981 96 95 
905 44 45 982 967 
906 967 982 983 968 
907 968 983 984 969 
908 969 984 985 970 
909 970 985 986 971 
910 971 986 987 972 
911 972 987 988 973 
912 973 988 989 974 
913 974 989 990 975 
914 975 990 991 976 
915 976 991 992 977 
916 977 992 993 978 
917 978 993 994 979 
918 979 994 995 980 
919 980 995 996 981 
920 981 996 97 96 
921 45 46 997 982 
922 982 997 998 983 
923 983 998 999 984 
924 984 999 1000 985 
925 985 1000 1001 986 
926 986 1001 1002 987 
927 987 1002 1003 988 
928 988 1003 1004 989 
929 989 1004 1005 990 
930 990 1005 1006 991 
931 991 1006 1007 992 
932 992 1007 1008 993 
933 993 1008 1009 994 
934 994 1009 1010 995 
935 995 1010 1011 996 
936 996 1011 98 97 
937 46 47 1012 997 
938 997 1012 1013 998 
939 998 1013 1014 999 
940 999 1014 1015 1000 
941 1000 1015 1016 1001 
942 1001 1016 1017 1002 
943 1002 1017 1018 1003 
944 1003 1018 1019 1004 
945 1004 1019 1020 1005 
946 1005 1020 1021 1006 
947 1006 1021 1022 1007 
948 1007 1022 1023 1008 
949 1008 1023 1024 1009 
950 1009 1024 1025 1010 
951 1010 1025 1026 1011 
952 1011 1026 99 98 
953 47 4 158 1012 
954 1012 158 159 1013 
955 1013 159 160 1014 
956 1014 160 161 1015 
957 1015 161 162 1016 
958 1016 162 163 1017 
959 1017 163 164 1018 
960 1018 164 165 1019 
961 1019 165 166 1020 
962 1020 166 167 1021 
963 1021 167 168 1022 
964 1022 168 169 1023 
965 1023 169 170 1024 
966 1024 170 171 1025 
967 1025 171 172 1026 
968 1026 172 8 99 
2 25 3 224
969 4 48 1027 158 
970 158 1027 1028 159 
971 159 1028 1029 160 
972 160 1029 1030 161 
973 161 1030 1031 162 
974 162 1031 1032 163 
975 163 1032 1033 164 
976 164 1033 1034 165 
977 165 1034 1035 166 
978 166 1035 1036 167 
979 167 1036 1037 168 
980 168 1037 1038 169 
981 169 1038 1039 170 
982 170 1039 1040 171 
983 171 1040 1041 172 
984 172 1041 100 8 
985 48 49 1042 1027 
986 1027 1042 1043 1028 
987 1028 1043 1044 1029 
988 1029 1044 1045 1030 
989 1030 1045 1046 1031 
990 1031 1046 1047 1032 
991 1032 1047 1048 1033 
992 1033 1048 1049 1034 
993 1034 1049 1050 1035 
994 1035 1050 1051 1036 
995 1036 1051 1052 1037 
996 1037 1052 1053 1038 
997 1038 1053 1054 1039 
998 1039 1054 1055 1040 
999 1040 1055 1056 1041 
1000 1041 1056 101 100 
1001 49 50 1057 1042 
1002 1042 1057 1058 1043 
1003 1043 1058 1059 1044 
1004 1044 1059 1060 1045 
1005 1045 1060 1061 1046 
1006 1046 1061 1062 1047 
1007 1047 1062 1063 1048 
1008 1048 1063 1064 1049 
1009 1049 1064 1065 1050 
1010 1050 1065 1066 1051 
1011 1051 1066 1067 1052 
1012 1052 1067 1068 1053 
1013 1053 1068 1069 1054 
1014 1054 1069 1070 1055 
1015 1055 1070 1071 1056 
1016 1056 1071 102 101 
1017 50 51 1072 1057 
1018 1057 1072 1073 1058 
1019 1058 1073 1074 1059 
1020 1059 1074 1075 1060 
1021 1060 1075 1076 1061 
1022 1061 1076 1077 1062 
1023 1062 1077 1078 1063 
1024 1063 1078 1079 1064 
1025 1064 1079 1080 1065 
1026 1065 1080 1081 1066 
1027 1066 1081 1082 1067 
1028 1067 1082 1083 1068 
1029 1068 1083 1084 1069 
1030 1069 1084 1085 1070 
1031 1070 1085 1086 1071 
1032 1071 1086 103 102 
1033 51 52 1087 1072 
1034 1072 1087 1088 1073 
1035 1073 1088 1089 1074 
1036 1074 1089 1090 1075 
1037 1075 1090 1091 1076 
1038 1076 1091 1092 1077 
1039 1077 1092 1093 1078 
1040 1078 1093 1094 1079 
1041 1079 1094 1095 1080 
1042 1080 1095 1096 1081 
1043 1081 1096 1097 1082 
1044 1082 1097 1098 1083 
1045 1083 1098 1099 1084 
1046 1084 1099 1100 1085 
1047 1085 1100 1101 1086 
1048 1086 1101 104 103 
1049 52 53 1102 1087 
1050 1087 1102 1103 1088 
1051 1088 1103 1104 1089 
1052 1089 1104 1105 1090 
1053 1090 1105 1106 1091 
1054 1091 1106 1107 1092 
1055 1092 1107 1108 1093 
1056 1093 1108 1109 1094 
1057 1094 1109 1110 1095 
1058 1095 1110 1111 1096 
1059 1096 1111 1112 1097 
1060 1097 1112 1113 1098 
1061 1098 1113 1114 1099 
1062 1099 1114 1115 1100 
1063 1100 1115 1116 1101 
1064 1101 1116 105 104 
1065 53 54 1117 1102 
1066 1102 1117 1118 1103 
1067 1103 1118 1119 1104 
1068 1104 1119 1120 1105 
1069 1105 1120 1121 1106 
1070 1106 1121 1122 1107 
1071 1107 1122 1123 1108 
1072 1108 1123 1124 1109 
1073 1109 1124 1125 1110 
1074 1110 1125 1126 1111 
1075 1111 1126 1127 1112 
1076 1112 1127 1128 1113 
1077 1113 1128 1129 1114 
1078 1114 1129 1130 1115 
1079 1115 1130 1131 1116 
1080 1116 1131 106 105 
1081 54 55 1132 1117 
1082 1117 1132 1133 1118 
1083 1118 1133 1134 1119 
1084 1119 1134 1135 1120 
1085 1120 1135 1136 1121 
1086 1121 1136 1137 1122 
1087 1122 1137 1138 1123 
1088 1123 1138 1139 1124 
1089 1124 1139 1140 1125 
1090 1125 1140 1141 1126 
1091 1126 1141 1142 1127 
1092 1127 1142 1143 1128 
1093 1128 1143 1144 1129 
1094 1129 1144 1145 1130 
1095 1130 1145 1146 1131 
1096 1131 1146 107 106 
1097 55 56 1147 1132 
1098 1132 1147 1148 1133 
1099 1133 1148 1149 1134 
1100 1134 1149 1150 1135 
1101 1135 1150 1151 1136 
1102 1136 1151 1152 1137 
1103 1137 1152 1153 1138 
1104 1138 1153 1154 1139 
1105 1139 1154 1155 1140 
1106 1140 1155 1156 1141 
1107 1141 1156 1157 1142 
1108 1142 1157 1158 1143 
1109 1143 1158 1159 1144 
1110 1144 1159 1160 1145 
1111 1145 1160 1161 1146 
1112 1146 1161 108 107 
1113 56 57 1162 1147 
1114 1147 1162 1163 1148 
1115 1148 1163 1164 1149 
1116 1149 1164 1165 1150 
1117 1150 1165 1166 1151 
1118 1151 1166 1167 1152 
1119 1152 1167 1168 1153 
1120 1153 1168 1169 1154 
1121 1154 1169 1170 1155 
1122 1155 1170 1171 1156 
1123 1156 1171 1172 1157 
1124 1157 1172 1173 1158 
1125 1158 1173 1174 1159 
1126 1159 1174 1175 1160 
1127 1160 1175 1176 1161 
1128 1161 1176 109 108 
1129 57 58 1177 1162 
1130 1162 1177 1178 1163 
1131 1163 1178 1179 1164 
1132 1164 1179 1180 1165 
1133 1165 1180 1181 1166 
1134 1166 1181 1182 1167 
1135 1167 1182 1183 1168 
1136 1168 1183 1184 1169 
1137 1169 1184 1185 1170 
1138 1170 1185 1186 1171 
1139 1171 1186 1187 1172 
1140 1172 1187 1188 1173 
1141 1173 1188 1189 1174 
1142 1174 1189 1190 1175 
1143 1175 1190 1191 1176 
1144 1176 1191 110 109 
1145 58 59 1192 1177 
1146 1177 1192 1193 1178 
1147 1178 1193 1194 1179 
1148 1179 1194 1195 1180 
1149 1180 1195 1196 1181 
1150 1181 1196 1197 1182 
1151 1182 1197 1198 1183 
1152 1183 1198 1199 1184 
1153 1184 1199 1200 1185 
1154 1185 1200 1201 1186 
1155 1186 1201 1202 1187 
1156 1187 1202 1203 1188 
1157 1188 1203 1204 1189 
1158 1189 1204 1205 1190 
1159 1190 1205 1206 1191 
1160 1191 1206 111 110 
1161 59 60 1207 1192 
1162 1192 1207 1208 1193 
1163 1193 1208 1209 1194 
1164 1194 1209 1210 1195 
1165 1195 1210 1211 1196 
1166 1196 1211 1212 1197 
1167 1197 1212 1213 1198 
1168 1198 1213 1214 1199 
1169 1199 1214 1215 1200 
1170 1200 1215 1216 1201 
1171 1201 1216 1217 1202 
1172 1202 1217 1218 1203 
1173 1203 1218 1219 1204 
1174 1204 1219 1220 1205 
1175 1205 1220 1221 1206 
1176 1206 1221 112 111 
1177 60 1 113 1207 
1178 1207 113 114 1208 
1179 1208 114 115 1209 
1180 1209 115 116 1210 
1181 1210 116 117 1211 
1182 1211 117 118 1212 
1183 1212 118 119 1213 
1184 1213 119 120 1214 
1185 1214 120 121 1215 
1186 1215 121 122 1216 
1187 1216 122 123 1217 
1188 1217 123 124 1218 
1189 1218 124 125 1219 
1190 1219 125 126 1220 
1191 1220 126 127 1221 
1192 1221 127 5 112 
2 26 3 296
1193 1390 1358 1442 1232 
1194 1227 1439 76 77 
1195 1352 1438 1227 1450 
1196 1343 1461 1233 1462 
1197 93 1367 1451 92 
1198 1471 1239 1467 1441 
1199 1454 1411 1448 1242 
1200 73 1446 1222 72 
1201 78 79 1442 1450 
1202 66 1445 1229 65 
1203 1485 1368 1465 1238 
1204 1364 1373 1374 1228 
1205 1490 1223 1472 1366 
1206 1489 1455 1245 1476 
1207 1471 1447 1474 1239 
1208 106 1449 1469 105 
1209 1432 1370 1249 1252 
1210 1372 1373 1332 1339 
1211 1372 1339 1385 1371 
1212 1256 1431 1355 1375 
1213 1371 1385 1378 1254 
1214 1376 1260 1393 1377 
1215 1385 1341 1427 1378 
1216 1379 1377 1418 1430 
1217 1444 5 61 1236 
1218 1290 1387 1357 1388 
1219 1344 1386 1312 1381 
1220 1382 1262 1259 1380 
1221 1262 1391 1266 1263 
1222 1450 1227 77 78 
1223 1414 1413 1422 1351 
1224 1317 1345 1348 1318 
1225 1269 1266 1391 1421 
1226 1286 1388 1322 1321 
1227 1305 1386 1316 1303 
1228 1381 1312 1313 1346 
1229 1397 1290 1273 1394 
1230 1386 1305 1310 1312 
1231 1258 1427 1340 1380 
1232 1336 1316 1386 1344 
1233 1293 1416 1383 1419 
1234 1308 1307 1289 1301 
1235 1281 1280 1279 1278 
1236 1368 1325 1324 1362 
1237 1318 1297 1298 1317 
1238 1302 1296 1304 1303 
1239 1297 1318 1349 1395 
1240 1388 1286 1273 1290 
1241 1285 1297 1395 1284 
1242 1337 1338 1397 1331 
1243 1290 1397 1338 1387 
1244 1397 1394 1275 1329 
1245 1273 1271 1275 1394 
1246 1308 1301 1417 1324 
1247 1324 1325 1326 1308 
1248 1265 1268 1398 1399 
1249 1337 1365 1384 1338 
1250 1393 1264 1267 1277 
1251 1401 1399 1402 1311 
1252 1409 1412 1363 1417 
1253 1267 1264 1263 1265 
1254 1280 1281 1285 1284 
1255 1265 1399 1401 1267 
1256 1346 1313 1315 1396 
1257 1356 1322 1388 1357 
1258 1296 1295 1292 1293 
1259 1270 1268 1266 1269 
1260 1422 1413 1408 1294 
1261 1277 1267 1401 1278 
1262 1270 1269 1272 1271 
1263 1303 1304 1309 1305 
1264 1271 1272 1276 1275 
1265 1330 1331 1397 1329 
1266 1325 1353 1354 1326 
1267 1278 1401 1311 1281 
1268 1414 1410 1408 1413 
1269 1264 1393 1260 1261 
1270 1390 1320 1352 1358 
1271 1264 1261 1262 1263 
1272 1391 1383 1416 1421 
1273 1301 1289 1288 1300 
1274 1271 1273 1274 1270 
1275 1389 1317 1298 1319 
1276 1303 1316 1335 1302 
1277 1268 1270 1274 1398 
1278 1357 1387 1338 1384 
1279 1402 1399 1398 1400 
1280 1329 1291 1405 1330 
1281 1284 1392 1282 1280 
1282 1410 1409 1300 1408 
1283 1312 1310 1314 1313 
1284 1329 1275 1276 1291 
1285 1385 1327 1314 1341 
1286 1305 1309 1415 1310 
1287 1331 1330 1334 1333 
1288 1268 1265 1263 1266 
1289 1294 1288 1283 1282 
1290 1262 1382 1383 1391 
1291 1293 1292 1291 1276 
1292 1273 1286 1287 1274 
1293 1398 1274 1287 1400 
1294 1310 1415 1341 1314 
1295 1272 1416 1293 1276 
1296 1294 1408 1300 1288 
1297 1328 1340 1415 1309 
1298 1313 1314 1327 1315 
1299 1286 1321 1299 1287 
1300 1377 1393 1277 1418 
1301 1322 1347 1403 1321 
1302 1262 1261 1260 1259 
1303 1380 1340 1328 1382 
1304 1280 1282 1283 1279 
1305 1389 1319 1320 1390 
1306 1296 1302 1406 1295 
1307 1282 1392 1422 1294 
1308 1318 1348 1350 1349 
1309 1430 1418 1279 1283 
1310 1395 1349 1351 1422 
1311 1373 1364 1359 1332 
1312 1385 1339 1332 1327 
1313 1426 1428 1402 1400 
1314 1291 1292 1306 1405 
1315 1269 1421 1416 1272 
1316 1292 1295 1406 1306 
1317 1278 1279 1418 1277 
1318 1293 1419 1304 1296 
1319 1359 1315 1327 1332 
1320 1382 1328 1419 1383 
1321 1299 1321 1403 1323 
1322 1417 1363 1362 1324 
1323 1420 1406 1302 1335 
1324 1301 1300 1409 1417 
1325 1309 1304 1419 1328 
1326 1330 1405 1423 1334 
1327 1284 1395 1422 1392 
1328 1403 1404 1429 1323 
1329 1306 1406 1420 1407 
1330 1281 1311 1425 1285 
1331 1367 93 94 1230 
1332 1407 1423 1405 1306 
1333 1449 106 107 1231 
1334 1343 1334 1423 1369 
1335 1230 1362 1363 1367 
1336 1297 1285 1425 1298 
1337 1320 1342 1429 1352 
1338 1376 1257 1259 1260 
1339 1298 1425 1428 1319 
1340 1428 1426 1429 1342 
1341 1287 1299 1426 1400 
1342 1446 73 6 1244 
1343 1407 1424 1369 1423 
1344 1311 1402 1428 1425 
1345 1340 1427 1341 1415 
1346 1320 1319 1428 1342 
1347 1299 1323 1429 1426 
1348 1288 1289 1430 1283 
1349 1427 1258 1255 1378 
1350 1380 1259 1257 1258 
1351 1355 1431 1379 1307 
1352 1379 1430 1289 1307 
1353 1431 1256 1257 1376 
1354 1377 1379 1431 1376 
1355 1355 1307 1308 1326 
1356 1258 1257 1256 1255 
1357 1375 1253 1255 1256 
1358 1378 1255 1253 1254 
1359 1252 1375 1355 1432 
1360 1326 1354 1432 1355 
1361 1371 1254 1253 1251 
1362 1370 1432 1354 1361 
1363 1375 1252 1251 1253 
1364 1372 1371 1251 1250 
1365 1252 1249 1250 1251 
1366 1325 1368 1485 1353 
1367 1366 1247 1249 1370 
1368 1384 1433 1356 1357 
1369 1365 1241 1473 1434 
1370 1250 1249 1247 1248 
1371 1245 1456 1229 1424 
1372 1370 1361 1490 1366 
1373 5 1444 1477 112 
1374 1356 1446 1244 1483 
1375 1433 1384 1365 1434 
1376 1440 1459 1381 1346 
1377 1459 1458 1225 1468 
1378 1349 1350 1435 1351 
1379 1409 1410 1448 1411 
1380 1227 1438 1404 1439 
1381 1463 1248 1234 1452 
1382 1334 1343 1462 1333 
1383 79 80 1232 1442 
1384 1373 1372 1463 1374 
1385 1452 1243 1374 1463 
1386 1352 1429 1404 1438 
1387 1424 1229 1445 1369 
1388 1360 1457 1223 1490 
1389 1470 1237 1404 1403 
1390 1360 1485 1238 1457 
1391 1462 1233 1478 1437 
1392 1365 1337 1462 1437 
1393 1461 1343 1369 1445 
1394 1248 1247 1246 1234 
1395 1245 1424 1407 1476 
1396 1336 1444 1236 1466 
1397 1356 1433 1222 1446 
1398 1435 1350 1475 1436 
1399 1362 1230 1465 1368 
1400 1436 1487 1235 1435 
1401 1470 1483 1244 1460 
1402 1226 91 92 1451 
1403 100 1234 1246 8 
1404 102 1243 1452 101 
1405 89 1242 1453 88 
1406 91 1226 1454 90 
1407 63 1245 1455 62 
1408 65 1229 1456 64 
1409 101 1452 1234 100 
1410 1242 89 90 1454 
1411 88 1453 1235 87 
1412 1245 63 64 1456 
1413 62 1455 1236 61 
1414 1238 96 97 1457 
1415 98 1223 1457 97 
1416 1240 109 110 1458 
1417 111 1225 1458 110 
1418 74 1460 1244 6 
1419 1445 66 67 1461 
1420 68 1233 1461 67 
1421 1336 1344 1468 1443 
1422 1331 1333 1462 1337 
1423 109 1240 1464 108 
1424 1348 1345 1471 1441 
1425 96 1238 1465 95 
1426 82 83 1467 1239 
1427 1390 1447 1471 1389 
1428 1351 1435 1481 1414 
1429 1242 1448 1481 1453 
1430 1363 1479 1451 1367 
1431 72 1222 1473 71 
1432 1346 1396 1488 1440 
1433 80 81 1474 1232 
1434 1248 1463 1372 1250 
1435 70 1241 1478 69 
1436 1243 1480 1228 1374 
1437 1352 1450 1442 1358 
1438 1231 107 108 1464 
1439 104 1228 1480 103 
1440 74 75 1482 1237 
1441 1247 1366 1472 1246 
1442 1436 1484 85 86 
1443 1230 94 95 1465 
1444 1436 86 7 1487 
1445 1433 1434 1473 1222 
1446 1316 1336 1466 1335 
1447 1224 1467 83 84 
1448 1464 1488 1449 1231 
1449 1364 1449 1488 1359 
1450 1488 1464 1240 1440 
1451 1440 1240 1458 1459 
1452 1475 1441 1467 1224 
1453 1228 1469 1449 1364 
1454 1365 1437 1478 1241 
1455 1336 1443 1477 1444 
1456 1228 104 105 1469 
1457 1317 1389 1471 1345 
1458 1468 1225 1477 1443 
1459 1390 1232 1474 1447 
1460 1223 98 99 1472 
1461 1241 70 71 1473 
1462 1239 1474 81 82 
1463 1344 1381 1459 1468 
1464 1441 1475 1350 1348 
1465 8 1246 1472 99 
1466 1489 1476 1407 1420 
1467 1225 111 112 1477 
1468 1233 68 69 1478 
1469 1335 1466 1489 1420 
1470 1243 102 103 1480 
1471 1439 1482 75 76 
1472 1363 1412 1486 1479 
1473 1322 1356 1483 1347 
1474 1486 1226 1451 1479 
1475 84 85 1484 1224 
1476 1354 1353 1485 1360 
1477 1403 1347 1483 1470 
1478 1409 1411 1486 1412 
1479 87 1235 1487 7 
1480 1315 1359 1488 1396 
1481 1354 1360 1490 1361 
1482 74 1237 1470 1460 
1483 1410 1414 1481 1448 
1484 1411 1454 1226 1486 
1485 1436 1475 1224 1484 
1486 1435 1235 1453 1481 
1487 1404 1237 1482 1439 
1488 1455 1489 1466 1236 
3 1 5 4736
1489 341 309 393 183 4011 3531 4791 1641 
1490 4011 3531 4791 1641 4012 3532 4792 1642 
1491 4012 3532 4792 1642 4013 3533 4793 1643 
1492 4013 3533 4793 1643 4014 3534 4794 1644 
1493 4014 3534 4794 1644 4015 3535 4795 1645 
1494 4015 3535 4795 1645 4016 3536 4796 1646 
1495 4016 3536 4796 1646 4017 3537 4797 1647 
1496 4017 3537 4797 1647 4018 3538 4798 1648 
1497 4018 3538 4798 1648 4019 3539 4799 1649 
1498 4019 3539 4799 1649 4020 3540 4800 1650 
1499 4020 3540 4800 1650 4021 3541 4801 1651 
1500 4021 3541 4801 1651 4022 3542 4802 1652 
1501 4022 3542 4802 1652 4023 3543 4803 1653 
1502 4023 3543 4803 1653 4024 3544 4804 1654 
1503 4024 3544 4804 1654 4025 3545 4805 1655 
1504 4025 3545 4805 1655 1390 1358 1442 1232 
1505 178 390 24 25 1566 4746 667 682 
1506 1566 4746 667 682 1567 4747 668 683 
1507 1567 4747 668 683 1568 4748 669 684 
1508 1568 4748 669 684 1569 4749 670 685 
1509 1569 4749 670 685 1570 4750 671 686 
1510 1570 4750 671 686 1571 4751 672 687 
1511 1571 4751 672 687 1572 4752 673 688 
1512 1572 4752 673 688 1573 4753 674 689 
1513 1573 4753 674 689 1574 4754 675 690 
1514 1574 4754 675 690 1575 4755 676 691 
1515 1575 4755 676 691 1576 4756 677 692 
1516 1576 4756 677 692 1577 4757 678 693 
1517 1577 4757 678 693 1578 4758 679 694 
1518 1578 4758 679 694 1579 4759 680 695 
1519 1579 4759 680 695 1580 4760 681 696 
1520 1580 4760 681 696 1227 1439 76 77 
1521 303 389 178 401 3441 4731 1566 4911 
1522 3441 4731 1566 4911 3442 4732 1567 4912 
1523 3442 4732 1567 4912 3443 4733 1568 4913 
1524 3443 4733 1568 4913 3444 4734 1569 4914 
1525 3444 4734 1569 4914 3445 4735 1570 4915 
1526 3445 4735 1570 4915 3446 4736 1571 4916 
1527 3446 4736 1571 4916 3447 4737 1572 4917 
1528 3447 4737 1572 4917 3448 4738 1573 4918 
1529 3448 4738 1573 4918 3449 4739 1574 4919 
1530 3449 4739 1574 4919 3450 4740 1575 4920 
1531 3450 4740 1575 4920 3451 4741 1576 4921 
1532 3451 4741 1576 4921 3452 4742 1577 4922 
1533 3452 4742 1577 4922 3453 4743 1578 4923 
1534 3453 4743 1578 4923 3454 4744 1579 4924 
1535 3454 4744 1579 4924 3455 4745 1580 4925 
1536 3455 4745 1580 4925 1352 1438 1227 1450 
1537 294 412 184 413 3306 5076 1656 5091 
1538 3306 5076 1656 5091 3307 5077 1657 5092 
1539 3307 5077 1657 5092 3308 5078 1658 5093 
1540 3308 5078 1658 5093 3309 5079 1659 5094 
1541 3309 5079 1659 5094 3310 5080 1660 5095 
1542 3310 5080 1660 5095 3311 5081 1661 5096 
1543 3311 5081 1661 5096 3312 5082 1662 5097 
1544 3312 5082 1662 5097 3313 5083 1663 5098 
1545 3313 5083 1663 5098 3314 5084 1664 5099 
1546 3314 5084 1664 5099 3315 5085 1665 5100 
1547 3315 5085 1665 5100 3316 5086 1666 5101 
1548 3316 5086 1666 5101 3317 5087 1667 5102 
1549 3317 5087 1667 5102 3318 5088 1668 5103 
1550 3318 5088 1668 5103 3319 5089 1669 5104 
1551 3319 5089 1669 5104 3320 5090 1670 5105 
1552 3320 5090 1670 5105 1343 1461 1233 1462 
1553 41 318 402 40 922 3666 4926 907 
1554 922 3666 4926 907 923 3667 4927 908 
1555 923 3667 4927 908 924 3668 4928 909 
1556 924 3668 4928 909 925 3669 4929 910 
1557 925 3669 4929 910 926 3670 4930 911 
1558 926 3670 4930 911 927 3671 4931 912 
1559 927 3671 4931 912 928 3672 4932 913 
1560 928 3672 4932 913 929 3673 4933 914 
1561 929 3673 4933 914 930 3674 4934 915 
1562 930 3674 4934 915 931 3675 4935 916 
1563 931 3675 4935 916 932 3676 4936 917 
1564 932 3676 4936 917 933 3677 4937 918 
1565 933 3677 4937 918 934 3678 4938 919 
1566 934 3678 4938 919 935 3679 4939 920 
1567 935 3679 4939 920 936 3680 4940 921 
1568 936 3680 4940 921 93 1367 1451 92 
1569 422 190 418 392 5226 1746 5166 4776 
1570 5226 1746 5166 4776 5227 1747 5167 4777 
1571 5227 1747 5167 4777 5228 1748 5168 4778 
1572 5228 1748 5168 4778 5229 1749 5169 4779 
1573 5229 1749 5169 4779 5230 1750 5170 4780 
1574 5230 1750 5170 4780 5231 1751 5171 4781 
1575 5231 1751 5171 4781 5232 1752 5172 4782 
1576 5232 1752 5172 4782 5233 1753 5173 4783 
1577 5233 1753 5173 4783 5234 1754 5174 4784 
1578 5234 1754 5174 4784 5235 1755 5175 4785 
1579 5235 1755 5175 4785 5236 1756 5176 4786 
1580 5236 1756 5176 4786 5237 1757 5177 4787 
1581 5237 1757 5177 4787 5238 1758 5178 4788 
1582 5238 1758 5178 4788 5239 1759 5179 4789 
1583 5239 1759 5179 4789 5240 1760 5180 4790 
1584 5240 1760 5180 4790 1471 1239 1467 1441 
1585 405 362 399 193 4971 4326 4881 1791 
1586 4971 4326 4881 1791 4972 4327 4882 1792 
1587 4972 4327 4882 1792 4973 4328 4883 1793 
1588 4973 4328 4883 1793 4974 4329 4884 1794 
1589 4974 4329 4884 1794 4975 4330 4885 1795 
1590 4975 4330 4885 1795 4976 4331 4886 1796 
1591 4976 4331 4886 1796 4977 4332 4887 1797 
1592 4977 4332 4887 1797 4978 4333 4888 1798 
1593 4978 4333 4888 1798 4979 4334 4889 1799 
1594 4979 4334 4889 1799 4980 4335 4890 1800 
1595 4980 4335 4890 1800 4981 4336 4891 1801 
1596 4981 4336 4891 1801 4982 4337 4892 1802 
1597 4982 4337 4892 1802 4983 4338 4893 1803 
1598 4983 4338 4893 1803 4984 4339 4894 1804 
1599 4984 4339 4894 1804 4985 4340 4895 1805 
1600 4985 4340 4895 1805 1454 1411 1448 1242 
1601 21 397 173 20 622 4851 1491 607 
1602 622 4851 1491 607 623 4852 1492 608 
1603 623 4852 1492 608 624 4853 1493 609 
1604 624 4853 1493 609 625 4854 1494 610 
1605 625 4854 1494 610 626 4855 1495 611 
1606 626 4855 1495 611 627 4856 1496 612 
1607 627 4856 1496 612 628 4857 1497 613 
1608 628 4857 1497 613 629 4858 1498 614 
1609 629 4858 1498 614 630 4859 1499 615 
1610 630 4859 1499 615 631 4860 1500 616 
1611 631 4860 1500 616 632 4861 1501 617 
1612 632 4861 1501 617 633 4862 1502 618 
1613 633 4862 1502 618 634 4863 1503 619 
1614 634 4863 1503 619 635 4864 1504 620 
1615 635 4864 1504 620 636 4865 1505 621 
1616 636 4865 1505 621 73 1446 1222 72 
1617 26 27 393 401 697 712 4791 4911 
1618 697 712 4791 4911 698 713 4792 4912 
1619 698 713 4792 4912 699 714 4793 4913 
1620 699 714 4793 4913 700 715 4794 4914 
1621 700 715 4794 4914 701 716 4795 4915 
1622 701 716 4795 4915 702 717 4796 4916 
1623 702 717 4796 4916 703 718 4797 4917 
1624 703 718 4797 4917 704 719 4798 4918 
1625 704 719 4798 4918 705 720 4799 4919 
1626 705 720 4799 4919 706 721 4800 4920 
1627 706 721 4800 4920 707 722 4801 4921 
1628 707 722 4801 4921 708 723 4802 4922 
1629 708 723 4802 4922 709 724 4803 4923 
1630 709 724 4803 4923 710 725 4804 4924 
1631 710 725 4804 4924 711 726 4805 4925 
1632 711 726 4805 4925 78 79 1442 1450 
1633 14 396 180 13 517 4836 1596 502 
1634 517 4836 1596 502 518 4837 1597 503 
1635 518 4837 1597 503 519 4838 1598 504 
1636 519 4838 1598 504 520 4839 1599 505 
1637 520 4839 1599 505 521 4840 1600 506 
1638 521 4840 1600 506 522 4841 1601 507 
1639 522 4841 1601 507 523 4842 1602 508 
1640 523 4842 1602 508 524 4843 1603 509 
1641 524 4843 1603 509 525 4844 1604 510 
1642 525 4844 1604 510 526 4845 1605 511 
1643 526 4845 1605 511 527 4846 1606 512 
1644 527 4846 1606 512 528 4847 1607 513 
1645 528 4847 1607 513 529 4848 1608 514 
1646 529 4848 1608 514 530 4849 1609 515 
1647 530 4849 1609 515 531 4850 1610 516 
1648 531 4850 1610 516 66 1445 1229 65 
1649 436 319 416 189 5436 3681 5136 1731 
1650 5436 3681 5136 1731 5437 3682 5137 1732 
1651 5437 3682 5137 1732 5438 3683 5138 1733 
1652 5438 3683 5138 1733 5439 3684 5139 1734 
1653 5439 3684 5139 1734 5440 3685 5140 1735 
1654 5440 3685 5140 1735 5441 3686 5141 1736 
1655 5441 3686 5141 1736 5442 3687 5142 1737 
1656 5442 3687 5142 1737 5443 3688 5143 1738 
1657 5443 3688 5143 1738 5444 3689 5144 1739 
1658 5444 3689 5144 1739 5445 3690 5145 1740 
1659 5445 3690 5145 1740 5446 3691 5146 1741 
1660 5446 3691 5146 1741 5447 3692 5147 1742 
1661 5447 3692 5147 1742 5448 3693 5148 1743 
1662 5448 3693 5148 1743 5449 3694 5149 1744 
1663 5449 3694 5149 1744 5450 3695 5150 1745 
1664 5450 3695 5150 1745 1485 1368 1465 1238 
1665 315 324 325 179 3621 3756 3771 1581 
1666 3621 3756 3771 1581 3622 3757 3772 1582 
1667 3622 3757 3772 1582 3623 3758 3773 1583 
1668 3623 3758 3773 1583 3624 3759 3774 1584 
1669 3624 3759 3774 1584 3625 3760 3775 1585 
1670 3625 3760 3775 1585 3626 3761 3776 1586 
1671 3626 3761 3776 1586 3627 3762 3777 1587 
1672 3627 3762 3777 1587 3628 3763 3778 1588 
1673 3628 3763 3778 1588 3629 3764 3779 1589 
1674 3629 3764 3779 1589 3630 3765 3780 1590 
1675 3630 3765 3780 1590 3631 3766 3781 1591 
1676 3631 3766 3781 1591 3632 3767 3782 1592 
1677 3632 3767 3782 1592 3633 3768 3783 1593 
1678 3633 3768 3783 1593 3634 3769 3784 1594 
1679 3634 3769 3784 1594 3635 3770 3785 1595 
1680 3635 3770 3785 1595 1364 1373 1374 1228 
1681 441 174 423 317 5511 1506 5241 3651 
1682 5511 1506 5241 3651 5512 1507 5242 3652 
1683 5512 1507 5242 3652 5513 1508 5243 3653 
1684 5513 1508 5243 3653 5514 1509 5244 3654 
1685 5514 1509 5244 3654 5515 1510 5245 3655 
1686 5515 1510 5245 3655 5516 1511 5246 3656 
1687 5516 1511 5246 3656 5517 1512 5247 3657 
1688 5517 1512 5247 3657 5518 1513 5248 3658 
1689 5518 1513 5248 3658 5519 1514 5249 3659 
1690 5519 1514 5249 3659 5520 1515 5250 3660 
1691 5520 1515 5250 3660 5521 1516 5251 3661 
1692 5521 1516 5251 3661 5522 1517 5252 3662 
1693 5522 1517 5252 3662 5523 1518 5253 3663 
1694 5523 1518 5253 3663 5524 1519 5254 3664 
1695 5524 1519 5254 3664 5525 1520 5255 3665 
1696 5525 1520 5255 3665 1490 1223 1472 1366 
1697 440 406 196 427 5496 4986 1836 5301 
1698 5496 4986 1836 5301 5497 4987 1837 5302 
1699 5497 4987 1837 5302 5498 4988 1838 5303 
1700 5498 4988 1838 5303 5499 4989 1839 5304 
1701 5499 4989 1839 5304 5500 4990 1840 5305 
1702 5500 4990 1840 5305 5501 4991 1841 5306 
1703 5501 4991 1841 5306 5502 4992 1842 5307 
1704 5502 4992 1842 5307 5503 4993 1843 5308 
1705 5503 4993 1843 5308 5504 4994 1844 5309 
1706 5504 4994 1844 5309 5505 4995 1845 5310 
1707 5505 4995 1845 5310 5506 4996 1846 5311 
1708 5506 4996 1846 5311 5507 4997 1847 5312 
1709 5507 4997 1847 5312 5508 4998 1848 5313 
1710 5508 4998 1848 5313 5509 4999 1849 5314 
1711 5509 4999 1849 5314 5510 5000 1850 5315 
1712 5510 5000 1850 5315 1489 1455 1245 1476 
1713 422 398 425 190 5226 4866 5271 1746 
1714 5226 4866 5271 1746 5227 4867 5272 1747 
1715 5227 4867 5272 1747 5228 4868 5273 1748 
1716 5228 4868 5273 1748 5229 4869 5274 1749 
1717 5229 4869 5274 1749 5230 4870 5275 1750 
1718 5230 4870 5275 1750 5231 4871 5276 1751 
1719 5231 4871 5276 1751 5232 4872 5277 1752 
1720 5232 4872 5277 1752 5233 4873 5278 1753 
1721 5233 4873 5278 1753 5234 4874 5279 1754 
1722 5234 4874 5279 1754 5235 4875 5280 1755 
1723 5235 4875 5280 1755 5236 4876 5281 1756 
1724 5236 4876 5281 1756 5237 4877 5282 1757 
1725 5237 4877 5282 1757 5238 4878 5283 1758 
1726 5238 4878 5283 1758 5239 4879 5284 1759 
1727 5239 4879 5284 1759 5240 4880 5285 1760 
1728 5240 4880 5285 1760 1471 1447 1474 1239 
1729 54 400 420 53 1117 4896 5196 1102 
1730 1117 4896 5196 1102 1118 4897 5197 1103 
1731 1118 4897 5197 1103 1119 4898 5198 1104 
1732 1119 4898 5198 1104 1120 4899 5199 1105 
1733 1120 4899 5199 1105 1121 4900 5200 1106 
1734 1121 4900 5200 1106 1122 4901 5201 1107 
1735 1122 4901 5201 1107 1123 4902 5202 1108 
1736 1123 4902 5202 1108 1124 4903 5203 1109 
1737 1124 4903 5203 1109 1125 4904 5204 1110 
1738 1125 4904 5204 1110 1126 4905 5205 1111 
1739 1126 4905 5205 1111 1127 4906 5206 1112 
1740 1127 4906 5206 1112 1128 4907 5207 1113 
1741 1128 4907 5207 1113 1129 4908 5208 1114 
1742 1129 4908 5208 1114 1130 4909 5209 1115 
1743 1130 4909 5209 1115 1131 4910 5210 1116 
1744 1131 4910 5210 1116 106 1449 1469 105 
1745 383 321 200 203 4641 3711 1896 1941 
1746 4641 3711 1896 1941 4642 3712 1897 1942 
1747 4642 3712 1897 1942 4643 3713 1898 1943 
1748 4643 3713 1898 1943 4644 3714 1899 1944 
1749 4644 3714 1899 1944 4645 3715 1900 1945 
1750 4645 3715 1900 1945 4646 3716 1901 1946 
1751 4646 3716 1901 1946 4647 3717 1902 1947 
1752 4647 3717 1902 1947 4648 3718 1903 1948 
1753 4648 3718 1903 1948 4649 3719 1904 1949 
1754 4649 3719 1904 1949 4650 3720 1905 1950 
1755 4650 3720 1905 1950 4651 3721 1906 1951 
1756 4651 3721 1906 1951 4652 3722 1907 1952 
1757 4652 3722 1907 1952 4653 3723 1908 1953 
1758 4653 3723 1908 1953 4654 3724 1909 1954 
1759 4654 3724 1909 1954 4655 3725 1910 1955 
1760 4655 3725 1910 1955 1432 1370 1249 1252 
1761 323 324 283 290 3741 3756 3141 3246 
1762 3741 3756 3141 3246 3742 3757 3142 3247 
1763 3742 3757 3142 3247 3743 3758 3143 3248 
1764 3743 3758 3143 3248 3744 3759 3144 3249 
1765 3744 3759 3144 3249 3745 3760 3145 3250 
1766 3745 3760 3145 3250 3746 3761 3146 3251 
1767 3746 3761 3146 3251 3747 3762 3147 3252 
1768 3747 3762 3147 3252 3748 3763 3148 3253 
1769 3748 3763 3148 3253 3749 3764 3149 3254 
1770 3749 3764 3149 3254 3750 3765 3150 3255 
1771 3750 3765 3150 3255 3751 3766 3151 3256 
1772 3751 3766 3151 3256 3752 3767 3152 3257 
1773 3752 3767 3152 3257 3753 3768 3153 3258 
1774 3753 3768 3153 3258 3754 3769 3154 3259 
1775 3754 3769 3154 3259 3755 3770 3155 3260 
1776 3755 3770 3155 3260 1372 1373 1332 1339 
1777 323 290 336 322 3741 3246 3936 3726 
1778 3741 3246 3936 3726 3742 3247 3937 3727 
1779 3742 3247 3937 3727 3743 3248 3938 3728 
1780 3743 3248 3938 3728 3744 3249 3939 3729 
1781 3744 3249 3939 3729 3745 3250 3940 3730 
1782 3745 3250 3940 3730 3746 3251 3941 3731 
1783 3746 3251 3941 3731 3747 3252 3942 3732 
1784 3747 3252 3942 3732 3748 3253 3943 3733 
1785 3748 3253 3943 3733 3749 3254 3944 3734 
1786 3749 3254 3944 3734 3750 3255 3945 3735 
1787 3750 3255 3945 3735 3751 3256 3946 3736 
1788 3751 3256 3946 3736 3752 3257 3947 3737 
1789 3752 3257 3947 3737 3753 3258 3948 3738 
1790 3753 3258 3948 3738 3754 3259 3949 3739 
1791 3754 3259 3949 3739 3755 3260 3950 3740 
1792 3755 3260 3950 3740 1372 1339 1385 1371 
1793 207 382 306 326 2001 4626 3486 3786 
1794 2001 4626 3486 3786 2002 4627 3487 3787 
1795 2002 4627 3487 3787 2003 4628 3488 3788 
1796 2003 4628 3488 3788 2004 4629 3489 3789 
1797 2004 4629 3489 3789 2005 4630 3490 3790 
1798 2005 4630 3490 3790 2006 4631 3491 3791 
1799 2006 4631 3491 3791 2007 4632 3492 3792 
1800 2007 4632 3492 3792 2008 4633 3493 3793 
1801 2008 4633 3493 3793 2009 4634 3494 3794 
1802 2009 4634 3494 3794 2010 4635 3495 3795 
1803 2010 4635 3495 3795 2011 4636 3496 3796 
1804 2011 4636 3496 3796 2012 4637 3497 3797 
1805 2012 4637 3497 3797 2013 4638 3498 3798 
1806 2013 4638 3498 3798 2014 4639 3499 3799 
1807 2014 4639 3499 3799 2015 4640 3500 3800 
1808 2015 4640 3500 3800 1256 1431 1355 1375 
1809 322 336 329 205 3726 3936 3831 1971 
1810 3726 3936 3831 1971 3727 3937 3832 1972 
1811 3727 3937 3832 1972 3728 3938 3833 1973 
1812 3728 3938 3833 1973 3729 3939 3834 1974 
1813 3729 3939 3834 1974 3730 3940 3835 1975 
1814 3730 3940 3835 1975 3731 3941 3836 1976 
1815 3731 3941 3836 1976 3732 3942 3837 1977 
1816 3732 3942 3837 1977 3733 3943 3838 1978 
1817 3733 3943 3838 1978 3734 3944 3839 1979 
1818 3734 3944 3839 1979 3735 3945 3840 1980 
1819 3735 3945 3840 1980 3736 3946 3841 1981 
1820 3736 3946 3841 1981 3737 3947 3842 1982 
1821 3737 3947 3842 1982 3738 3948 3843 1983 
1822 3738 3948 3843 1983 3739 3949 3844 1984 
1823 3739 3949 3844 1984 3740 3950 3845 1985 
1824 3740 3950 3845 1985 1371 1385 1378 1254 
1825 327 211 344 328 3801 2061 4056 3816 
1826 3801 2061 4056 3816 3802 2062 4057 3817 
1827 3802 2062 4057 3817 3803 2063 4058 3818 
1828 3803 2063 4058 3818 3804 2064 4059 3819 
1829 3804 2064 4059 3819 3805 2065 4060 3820 
1830 3805 2065 4060 3820 3806 2066 4061 3821 
1831 3806 2066 4061 3821 3807 2067 4062 3822 
1832 3807 2067 4062 3822 3808 2068 4063 3823 
1833 3808 2068 4063 3823 3809 2069 4064 3824 
1834 3809 2069 4064 3824 3810 2070 4065 3825 
1835 3810 2070 4065 3825 3811 2071 4066 3826 
1836 3811 2071 4066 3826 3812 2072 4067 3827 
1837 3812 2072 4067 3827 3813 2073 4068 3828 
1838 3813 2073 4068 3828 3814 2074 4069 3829 
1839 3814 2074 4069 3829 3815 2075 4070 3830 
1840 3815 2075 4070 3830 1376 1260 1393 1377 
1841 336 292 378 329 3936 3276 4566 3831 
1842 3936 3276 4566 3831 3937 3277 4567 3832 
1843 3937 3277 4567 3832 3938 3278 4568 3833 
1844 3938 3278 4568 3833 3939 3279 4569 3834 
1845 3939 3279 4569 3834 3940 3280 4570 3835 
1846 3940 3280 4570 3835 3941 3281 4571 3836 
1847 3941 3281 4571 3836 3942 3282 4572 3837 
1848 3942 3282 4572 3837 3943 3283 4573 3838 
1849 3943 3283 4573 3838 3944 3284 4574 3839 
1850 3944 3284 4574 3839 3945 3285 4575 3840 
1851 3945 3285 4575 3840 3946 3286 4576 3841 
1852 3946 3286 4576 3841 3947 3287 4577 3842 
1853 3947 3287 4577 3842 3948 3288 4578 3843 
1854 3948 3288 4578 3843 3949 3289 4579 3844 
1855 3949 3289 4579 3844 3950 3290 4580 3845 
1856 3950 3290 4580 3845 1385 1341 1427 1378 
1857 330 328 369 381 3846 3816 4431 4611 
1858 3846 3816 4431 4611 3847 3817 4432 4612 
1859 3847 3817 4432 4612 3848 3818 4433 4613 
1860 3848 3818 4433 4613 3849 3819 4434 4614 
1861 3849 3819 4434 4614 3850 3820 4435 4615 
1862 3850 3820 4435 4615 3851 3821 4436 4616 
1863 3851 3821 4436 4616 3852 3822 4437 4617 
1864 3852 3822 4437 4617 3853 3823 4438 4618 
1865 3853 3823 4438 4618 3854 3824 4439 4619 
1866 3854 3824 4439 4619 3855 3825 4440 4620 
1867 3855 3825 4440 4620 3856 3826 4441 4621 
1868 3856 3826 4441 4621 3857 3827 4442 4622 
1869 3857 3827 4442 4622 3858 3828 4443 4623 
1870 3858 3828 4443 4623 3859 3829 4444 4624 
1871 3859 3829 4444 4624 3860 3830 4445 4625 
1872 3860 3830 4445 4625 1379 1377 1418 1430 
1873 395 1 9 187 4821 113 442 1701 
1874 4821 113 442 1701 4822 114 443 1702 
1875 4822 114 443 1702 4823 115 444 1703 
1876 4823 115 444 1703 4824 116 445 1704 
1877 4824 116 445 1704 4825 117 446 1705 
1878 4825 117 446 1705 4826 118 447 1706 
1879 4826 118 447 1706 4827 119 448 1707 
1880 4827 119 448 1707 4828 120 449 1708 
1881 4828 120 449 1708 4829 121 450 1709 
1882 4829 121 450 1709 4830 122 451 1710 
1883 4830 122 451 1710 4831 123 452 1711 
1884 4831 123 452 1711 4832 124 453 1712 
1885 4832 124 453 1712 4833 125 454 1713 
1886 4833 125 454 1713 4834 126 455 1714 
1887 4834 126 455 1714 4835 127 456 1715 
1888 4835 127 456 1715 1444 5 61 1236 
1889 241 338 308 339 2511 3966 3516 3981 
1890 2511 3966 3516 3981 2512 3967 3517 3982 
1891 2512 3967 3517 3982 2513 3968 3518 3983 
1892 2513 3968 3518 3983 2514 3969 3519 3984 
1893 2514 3969 3519 3984 2515 3970 3520 3985 
1894 2515 3970 3520 3985 2516 3971 3521 3986 
1895 2516 3971 3521 3986 2517 3972 3522 3987 
1896 2517 3972 3522 3987 2518 3973 3523 3988 
1897 2518 3973 3523 3988 2519 3974 3524 3989 
1898 2519 3974 3524 3989 2520 3975 3525 3990 
1899 2520 3975 3525 3990 2521 3976 3526 3991 
1900 2521 3976 3526 3991 2522 3977 3527 3992 
1901 2522 3977 3527 3992 2523 3978 3528 3993 
1902 2523 3978 3528 3993 2524 3979 3529 3994 
1903 2524 3979 3529 3994 2525 3980 3530 3995 
1904 2525 3980 3530 3995 1290 1387 1357 1388 
1905 295 337 263 332 3321 3951 2841 3876 
1906 3321 3951 2841 3876 3322 3952 2842 3877 
1907 3322 3952 2842 3877 3323 3953 2843 3878 
1908 3323 3953 2843 3878 3324 3954 2844 3879 
1909 3324 3954 2844 3879 3325 3955 2845 3880 
1910 3325 3955 2845 3880 3326 3956 2846 3881 
1911 3326 3956 2846 3881 3327 3957 2847 3882 
1912 3327 3957 2847 3882 3328 3958 2848 3883 
1913 3328 3958 2848 3883 3329 3959 2849 3884 
1914 3329 3959 2849 3884 3330 3960 2850 3885 
1915 3330 3960 2850 3885 3331 3961 2851 3886 
1916 3331 3961 2851 3886 3332 3962 2852 3887 
1917 3332 3962 2852 3887 3333 3963 2853 3888 
1918 3333 3963 2853 3888 3334 3964 2854 3889 
1919 3334 3964 2854 3889 3335 3965 2855 3890 
1920 3335 3965 2855 3890 1344 1386 1312 1381 
1921 333 213 210 331 3891 2091 2046 3861 
1922 3891 2091 2046 3861 3892 2092 2047 3862 
1923 3892 2092 2047 3862 3893 2093 2048 3863 
1924 3893 2093 2048 3863 3894 2094 2049 3864 
1925 3894 2094 2049 3864 3895 2095 2050 3865 
1926 3895 2095 2050 3865 3896 2096 2051 3866 
1927 3896 2096 2051 3866 3897 2097 2052 3867 
1928 3897 2097 2052 3867 3898 2098 2053 3868 
1929 3898 2098 2053 3868 3899 2099 2054 3869 
1930 3899 2099 2054 3869 3900 2100 2055 3870 
1931 3900 2100 2055 3870 3901 2101 2056 3871 
1932 3901 2101 2056 3871 3902 2102 2057 3872 
1933 3902 2102 2057 3872 3903 2103 2058 3873 
1934 3903 2103 2058 3873 3904 2104 2059 3874 
1935 3904 2104 2059 3874 3905 2105 2060 3875 
1936 3905 2105 2060 3875 1382 1262 1259 1380 
1937 213 342 217 214 2091 4026 2151 2106 
1938 2091 4026 2151 2106 2092 4027 2152 2107 
1939 2092 4027 2152 2107 2093 4028 2153 2108 
1940 2093 4028 2153 2108 2094 4029 2154 2109 
1941 2094 4029 2154 2109 2095 4030 2155 2110 
1942 2095 4030 2155 2110 2096 4031 2156 2111 
1943 2096 4031 2156 2111 2097 4032 2157 2112 
1944 2097 4032 2157 2112 2098 4033 2158 2113 
1945 2098 4033 2158 2113 2099 4034 2159 2114 
1946 2099 4034 2159 2114 2100 4035 2160 2115 
1947 2100 4035 2160 2115 2101 4036 2161 2116 
1948 2101 4036 2161 2116 2102 4037 2162 2117 
1949 2102 4037 2162 2117 2103 4038 2163 2118 
1950 2103 4038 2163 2118 2104 4039 2164 2119 
1951 2104 4039 2164 2119 2105 4040 2165 2120 
1952 2105 4040 2165 2120 1262 1391 1266 1263 
1953 401 178 25 26 4911 1566 682 697 
1954 4911 1566 682 697 4912 1567 683 698 
1955 4912 1567 683 698 4913 1568 684 699 
1956 4913 1568 684 699 4914 1569 685 700 
1957 4914 1569 685 700 4915 1570 686 701 
1958 4915 1570 686 701 4916 1571 687 702 
1959 4916 1571 687 702 4917 1572 688 703 
1960 4917 1572 688 703 4918 1573 689 704 
1961 4918 1573 689 704 4919 1574 690 705 
1962 4919 1574 690 705 4920 1575 691 706 
1963 4920 1575 691 706 4921 1576 692 707 
1964 4921 1576 692 707 4922 1577 693 708 
1965 4922 1577 693 708 4923 1578 694 709 
1966 4923 1578 694 709 4924 1579 695 710 
1967 4924 1579 695 710 4925 1580 696 711 
1968 4925 1580 696 711 1450 1227 77 78 
1969 365 364 373 302 4371 4356 4491 3426 
1970 4371 4356 4491 3426 4372 4357 4492 3427 
1971 4372 4357 4492 3427 4373 4358 4493 3428 
1972 4373 4358 4493 3428 4374 4359 4494 3429 
1973 4374 4359 4494 3429 4375 4360 4495 3430 
1974 4375 4360 4495 3430 4376 4361 4496 3431 
1975 4376 4361 4496 3431 4377 4362 4497 3432 
1976 4377 4362 4497 3432 4378 4363 4498 3433 
1977 4378 4363 4498 3433 4379 4364 4499 3434 
1978 4379 4364 4499 3434 4380 4365 4500 3435 
1979 4380 4365 4500 3435 4381 4366 4501 3436 
1980 4381 4366 4501 3436 4382 4367 4502 3437 
1981 4382 4367 4502 3437 4383 4368 4503 3438 
1982 4383 4368 4503 3438 4384 4369 4504 3439 
1983 4384 4369 4504 3439 4385 4370 4505 3440 
1984 4385 4370 4505 3440 1414 1413 1422 1351 
1985 268 296 299 269 2916 3336 3381 2931 
1986 2916 3336 3381 2931 2917 3337 3382 2932 
1987 2917 3337 3382 2932 2918 3338 3383 2933 
1988 2918 3338 3383 2933 2919 3339 3384 2934 
1989 2919 3339 3384 2934 2920 3340 3385 2935 
1990 2920 3340 3385 2935 2921 3341 3386 2936 
1991 2921 3341 3386 2936 2922 3342 3387 2937 
1992 2922 3342 3387 2937 2923 3343 3388 2938 
1993 2923 3343 3388 2938 2924 3344 3389 2939 
1994 2924 3344 3389 2939 2925 3345 3390 2940 
1995 2925 3345 3390 2940 2926 3346 3391 2941 
1996 2926 3346 3391 2941 2927 3347 3392 2942 
1997 2927 3347 3392 2942 2928 3348 3393 2943 
1998 2928 3348 3393 2943 2929 3349 3394 2944 
1999 2929 3349 3394 2944 2930 3350 3395 2945 
2000 2930 3350 3395 2945 1317 1345 1348 1318 
2001 220 217 342 372 2196 2151 4026 4476 
2002 2196 2151 4026 4476 2197 2152 4027 4477 
2003 2197 2152 4027 4477 2198 2153 4028 4478 
2004 2198 2153 4028 4478 2199 2154 4029 4479 
2005 2199 2154 4029 4479 2200 2155 4030 4480 
2006 2200 2155 4030 4480 2201 2156 4031 4481 
2007 2201 2156 4031 4481 2202 2157 4032 4482 
2008 2202 2157 4032 4482 2203 2158 4033 4483 
2009 2203 2158 4033 4483 2204 2159 4034 4484 
2010 2204 2159 4034 4484 2205 2160 4035 4485 
2011 2205 2160 4035 4485 2206 2161 4036 4486 
2012 2206 2161 4036 4486 2207 2162 4037 4487 
2013 2207 2162 4037 4487 2208 2163 4038 4488 
2014 2208 2163 4038 4488 2209 2164 4039 4489 
2015 2209 2164 4039 4489 2210 2165 4040 4490 
2016 2210 2165 4040 4490 1269 1266 1391 1421 
2017 237 339 273 272 2451 3981 2991 2976 
2018 2451 3981 2991 2976 2452 3982 2992 2977 
2019 2452 3982 2992 2977 2453 3983 2993 2978 
2020 2453 3983 2993 2978 2454 3984 2994 2979 
2021 2454 3984 2994 2979 2455 3985 2995 2980 
2022 2455 3985 2995 2980 2456 3986 2996 2981 
2023 2456 3986 2996 2981 2457 3987 2997 2982 
2024 2457 3987 2997 2982 2458 3988 2998 2983 
2025 2458 3988 2998 2983 2459 3989 2999 2984 
2026 2459 3989 2999 2984 2460 3990 3000 2985 
2027 2460 3990 3000 2985 2461 3991 3001 2986 
2028 2461 3991 3001 2986 2462 3992 3002 2987 
2029 2462 3992 3002 2987 2463 3993 3003 2988 
2030 2463 3993 3003 2988 2464 3994 3004 2989 
2031 2464 3994 3004 2989 2465 3995 3005 2990 
2032 2465 3995 3005 2990 1286 1388 1322 1321 
2033 256 337 267 254 2736 3951 2901 2706 
2034 2736 3951 2901 2706 2737 3952 2902 2707 
2035 2737 3952 2902 2707 2738 3953 2903 2708 
2036 2738 3953 2903 2708 2739 3954 2904 2709 
2037 2739 3954 2904 2709 2740 3955 2905 2710 
2038 2740 3955 2905 2710 2741 3956 2906 2711 
2039 2741 3956 2906 2711 2742 3957 2907 2712 
2040 2742 3957 2907 2712 2743 3958 2908 2713 
2041 2743 3958 2908 2713 2744 3959 2909 2714 
2042 2744 3959 2909 2714 2745 3960 2910 2715 
2043 2745 3960 2910 2715 2746 3961 2911 2716 
2044 2746 3961 2911 2716 2747 3962 2912 2717 
2045 2747 3962 2912 2717 2748 3963 2913 2718 
2046 2748 3963 2913 2718 2749 3964 2914 2719 
2047 2749 3964 2914 2719 2750 3965 2915 2720 
2048 2750 3965 2915 2720 1305 1386 1316 1303 
2049 332 263 264 297 3876 2841 2856 3351 
2050 3876 2841 2856 3351 3877 2842 2857 3352 
2051 3877 2842 2857 3352 3878 2843 2858 3353 
2052 3878 2843 2858 3353 3879 2844 2859 3354 
2053 3879 2844 2859 3354 3880 2845 2860 3355 
2054 3880 2845 2860 3355 3881 2846 2861 3356 
2055 3881 2846 2861 3356 3882 2847 2862 3357 
2056 3882 2847 2862 3357 3883 2848 2863 3358 
2057 3883 2848 2863 3358 3884 2849 2864 3359 
2058 3884 2849 2864 3359 3885 2850 2865 3360 
2059 3885 2850 2865 3360 3886 2851 2866 3361 
2060 3886 2851 2866 3361 3887 2852 2867 3362 
2061 3887 2852 2867 3362 3888 2853 2868 3363 
2062 3888 2853 2868 3363 3889 2854 2869 3364 
2063 3889 2854 2869 3364 3890 2855 2870 3365 
2064 3890 2855 2870 3365 1381 1312 1313 1346 
2065 348 241 224 345 4116 2511 2256 4071 
2066 4116 2511 2256 4071 4117 2512 2257 4072 
2067 4117 2512 2257 4072 4118 2513 2258 4073 
2068 4118 2513 2258 4073 4119 2514 2259 4074 
2069 4119 2514 2259 4074 4120 2515 2260 4075 
2070 4120 2515 2260 4075 4121 2516 2261 4076 
2071 4121 2516 2261 4076 4122 2517 2262 4077 
2072 4122 2517 2262 4077 4123 2518 2263 4078 
2073 4123 2518 2263 4078 4124 2519 2264 4079 
2074 4124 2519 2264 4079 4125 2520 2265 4080 
2075 4125 2520 2265 4080 4126 2521 2266 4081 
2076 4126 2521 2266 4081 4127 2522 2267 4082 
2077 4127 2522 2267 4082 4128 2523 2268 4083 
2078 4128 2523 2268 4083 4129 2524 2269 4084 
2079 4129 2524 2269 4084 4130 2525 2270 4085 
2080 4130 2525 2270 4085 1397 1290 1273 1394 
2081 337 256 261 263 3951 2736 2811 2841 
2082 3951 2736 2811 2841 3952 2737 2812 2842 
2083 3952 2737 2812 2842 3953 2738 2813 2843 
2084 3953 2738 2813 2843 3954 2739 2814 2844 
2085 3954 2739 2814 2844 3955 2740 2815 2845 
2086 3955 2740 2815 2845 3956 2741 2816 2846 
2087 3956 2741 2816 2846 3957 2742 2817 2847 
2088 3957 2742 2817 2847 3958 2743 2818 2848 
2089 3958 2743 2818 2848 3959 2744 2819 2849 
2090 3959 2744 2819 2849 3960 2745 2820 2850 
2091 3960 2745 2820 2850 3961 2746 2821 2851 
2092 3961 2746 2821 2851 3962 2747 2822 2852 
2093 3962 2747 2822 2852 3963 2748 2823 2853 
2094 3963 2748 2823 2853 3964 2749 2824 2854 
2095 3964 2749 2824 2854 3965 2750 2825 2855 
2096 3965 2750 2825 2855 1386 1305 1310 1312 
2097 209 378 291 331 2031 4566 3261 3861 
2098 2031 4566 3261 3861 2032 4567 3262 3862 
2099 2032 4567 3262 3862 2033 4568 3263 3863 
2100 2033 4568 3263 3863 2034 4569 3264 3864 
2101 2034 4569 3264 3864 2035 4570 3265 3865 
2102 2035 4570 3265 3865 2036 4571 3266 3866 
2103 2036 4571 3266 3866 2037 4572 3267 3867 
2104 2037 4572 3267 3867 2038 4573 3268 3868 
2105 2038 4573 3268 3868 2039 4574 3269 3869 
2106 2039 4574 3269 3869 2040 4575 3270 3870 
2107 2040 4575 3270 3870 2041 4576 3271 3871 
2108 2041 4576 3271 3871 2042 4577 3272 3872 
2109 2042 4577 3272 3872 2043 4578 3273 3873 
2110 2043 4578 3273 3873 2044 4579 3274 3874 
2111 2044 4579 3274 3874 2045 4580 3275 3875 
2112 2045 4580 3275 3875 1258 1427 1340 1380 
2113 287 267 337 295 3201 2901 3951 3321 
2114 3201 2901 3951 3321 3202 2902 3952 3322 
2115 3202 2902 3952 3322 3203 2903 3953 3323 
2116 3203 2903 3953 3323 3204 2904 3954 3324 
2117 3204 2904 3954 3324 3205 2905 3955 3325 
2118 3205 2905 3955 3325 3206 2906 3956 3326 
2119 3206 2906 3956 3326 3207 2907 3957 3327 
2120 3207 2907 3957 3327 3208 2908 3958 3328 
2121 3208 2908 3958 3328 3209 2909 3959 3329 
2122 3209 2909 3959 3329 3210 2910 3960 3330 
2123 3210 2910 3960 3330 3211 2911 3961 3331 
2124 3211 2911 3961 3331 3212 2912 3962 3332 
2125 3212 2912 3962 3332 3213 2913 3963 3333 
2126 3213 2913 3963 3333 3214 2914 3964 3334 
2127 3214 2914 3964 3334 3215 2915 3965 3335 
2128 3215 2915 3965 3335 1336 1316 1386 1344 
2129 244 367 334 370 2556 4401 3906 4446 
2130 2556 4401 3906 4446 2557 4402 3907 4447 
2131 2557 4402 3907 4447 2558 4403 3908 4448 
2132 2558 4403 3908 4448 2559 4404 3909 4449 
2133 2559 4404 3909 4449 2560 4405 3910 4450 
2134 2560 4405 3910 4450 2561 4406 3911 4451 
2135 2561 4406 3911 4451 2562 4407 3912 4452 
2136 2562 4407 3912 4452 2563 4408 3913 4453 
2137 2563 4408 3913 4453 2564 4409 3914 4454 
2138 2564 4409 3914 4454 2565 4410 3915 4455 
2139 2565 4410 3915 4455 2566 4411 3916 4456 
2140 2566 4411 3916 4456 2567 4412 3917 4457 
2141 2567 4412 3917 4457 2568 4413 3918 4458 
2142 2568 4413 3918 4458 2569 4414 3919 4459 
2143 2569 4414 3919 4459 2570 4415 3920 4460 
2144 2570 4415 3920 4460 1293 1416 1383 1419 
2145 259 258 240 252 2781 2766 2496 2676 
2146 2781 2766 2496 2676 2782 2767 2497 2677 
2147 2782 2767 2497 2677 2783 2768 2498 2678 
2148 2783 2768 2498 2678 2784 2769 2499 2679 
2149 2784 2769 2499 2679 2785 2770 2500 2680 
2150 2785 2770 2500 2680 2786 2771 2501 2681 
2151 2786 2771 2501 2681 2787 2772 2502 2682 
2152 2787 2772 2502 2682 2788 2773 2503 2683 
2153 2788 2773 2503 2683 2789 2774 2504 2684 
2154 2789 2774 2504 2684 2790 2775 2505 2685 
2155 2790 2775 2505 2685 2791 2776 2506 2686 
2156 2791 2776 2506 2686 2792 2777 2507 2687 
2157 2792 2777 2507 2687 2793 2778 2508 2688 
2158 2793 2778 2508 2688 2794 2779 2509 2689 
2159 2794 2779 2509 2689 2795 2780 2510 2690 
2160 2795 2780 2510 2690 1308 1307 1289 1301 
2161 232 231 230 229 2376 2361 2346 2331 
2162 2376 2361 2346 2331 2377 2362 2347 2332 
2163 2377 2362 2347 2332 2378 2363 2348 2333 
2164 2378 2363 2348 2333 2379 2364 2349 2334 
2165 2379 2364 2349 2334 2380 2365 2350 2335 
2166 2380 2365 2350 2335 2381 2366 2351 2336 
2167 2381 2366 2351 2336 2382 2367 2352 2337 
2168 2382 2367 2352 2337 2383 2368 2353 2338 
2169 2383 2368 2353 2338 2384 2369 2354 2339 
2170 2384 2369 2354 2339 2385 2370 2355 2340 
2171 2385 2370 2355 2340 2386 2371 2356 2341 
2172 2386 2371 2356 2341 2387 2372 2357 2342 
2173 2387 2372 2357 2342 2388 2373 2358 2343 
2174 2388 2373 2358 2343 2389 2374 2359 2344 
2175 2389 2374 2359 2344 2390 2375 2360 2345 
2176 2390 2375 2360 2345 1281 1280 1279 1278 
2177 319 276 275 313 3681 3036 3021 3591 
2178 3681 3036 3021 3591 3682 3037 3022 3592 
2179 3682 3037 3022 3592 3683 3038 3023 3593 
2180 3683 3038 3023 3593 3684 3039 3024 3594 
2181 3684 3039 3024 3594 3685 3040 3025 3595 
2182 3685 3040 3025 3595 3686 3041 3026 3596 
2183 3686 3041 3026 3596 3687 3042 3027 3597 
2184 3687 3042 3027 3597 3688 3043 3028 3598 
2185 3688 3043 3028 3598 3689 3044 3029 3599 
2186 3689 3044 3029 3599 3690 3045 3030 3600 
2187 3690 3045 3030 3600 3691 3046 3031 3601 
2188 3691 3046 3031 3601 3692 3047 3032 3602 
2189 3692 3047 3032 3602 3693 3048 3033 3603 
2190 3693 3048 3033 3603 3694 3049 3034 3604 
2191 3694 3049 3034 3604 3695 3050 3035 3605 
2192 3695 3050 3035 3605 1368 1325 1324 1362 
2193 269 248 249 268 2931 2616 2631 2916 
2194 2931 2616 2631 2916 2932 2617 2632 2917 
2195 2932 2617 2632 2917 2933 2618 2633 2918 
2196 2933 2618 2633 2918 2934 2619 2634 2919 
2197 2934 2619 2634 2919 2935 2620 2635 2920 
2198 2935 2620 2635 2920 2936 2621 2636 2921 
2199 2936 2621 2636 2921 2937 2622 2637 2922 
2200 2937 2622 2637 2922 2938 2623 2638 2923 
2201 2938 2623 2638 2923 2939 2624 2639 2924 
2202 2939 2624 2639 2924 2940 2625 2640 2925 
2203 2940 2625 2640 2925 2941 2626 2641 2926 
2204 2941 2626 2641 2926 2942 2627 2642 2927 
2205 2942 2627 2642 2927 2943 2628 2643 2928 
2206 2943 2628 2643 2928 2944 2629 2644 2929 
2207 2944 2629 2644 2929 2945 2630 2645 2930 
2208 2945 2630 2645 2930 1318 1297 1298 1317 
2209 253 247 255 254 2691 2601 2721 2706 
2210 2691 2601 2721 2706 2692 2602 2722 2707 
2211 2692 2602 2722 2707 2693 2603 2723 2708 
2212 2693 2603 2723 2708 2694 2604 2724 2709 
2213 2694 2604 2724 2709 2695 2605 2725 2710 
2214 2695 2605 2725 2710 2696 2606 2726 2711 
2215 2696 2606 2726 2711 2697 2607 2727 2712 
2216 2697 2607 2727 2712 2698 2608 2728 2713 
2217 2698 2608 2728 2713 2699 2609 2729 2714 
2218 2699 2609 2729 2714 2700 2610 2730 2715 
2219 2700 2610 2730 2715 2701 2611 2731 2716 
2220 2701 2611 2731 2716 2702 2612 2732 2717 
2221 2702 2612 2732 2717 2703 2613 2733 2718 
2222 2703 2613 2733 2718 2704 2614 2734 2719 
2223 2704 2614 2734 2719 2705 2615 2735 2720 
2224 2705 2615 2735 2720 1302 1296 1304 1303 
2225 248 269 300 346 2616 2931 3396 4086 
2226 2616 2931 3396 4086 2617 2932 3397 4087 
2227 2617 2932 3397 4087 2618 2933 3398 4088 
2228 2618 2933 3398 4088 2619 2934 3399 4089 
2229 2619 2934 3399 4089 2620 2935 3400 4090 
2230 2620 2935 3400 4090 2621 2936 3401 4091 
2231 2621 2936 3401 4091 2622 2937 3402 4092 
2232 2622 2937 3402 4092 2623 2938 3403 4093 
2233 2623 2938 3403 4093 2624 2939 3404 4094 
2234 2624 2939 3404 4094 2625 2940 3405 4095 
2235 2625 2940 3405 4095 2626 2941 3406 4096 
2236 2626 2941 3406 4096 2627 2942 3407 4097 
2237 2627 2942 3407 4097 2628 2943 3408 4098 
2238 2628 2943 3408 4098 2629 2944 3409 4099 
2239 2629 2944 3409 4099 2630 2945 3410 4100 
2240 2630 2945 3410 4100 1297 1318 1349 1395 
2241 339 237 224 241 3981 2451 2256 2511 
2242 3981 2451 2256 2511 3982 2452 2257 2512 
2243 3982 2452 2257 2512 3983 2453 2258 2513 
2244 3983 2453 2258 2513 3984 2454 2259 2514 
2245 3984 2454 2259 2514 3985 2455 2260 2515 
2246 3985 2455 2260 2515 3986 2456 2261 2516 
2247 3986 2456 2261 2516 3987 2457 2262 2517 
2248 3987 2457 2262 2517 3988 2458 2263 2518 
2249 3988 2458 2263 2518 3989 2459 2264 2519 
2250 3989 2459 2264 2519 3990 2460 2265 2520 
2251 3990 2460 2265 2520 3991 2461 2266 2521 
2252 3991 2461 2266 2521 3992 2462 2267 2522 
2253 3992 2462 2267 2522 3993 2463 2268 2523 
2254 3993 2463 2268 2523 3994 2464 2269 2524 
2255 3994 2464 2269 2524 3995 2465 2270 2525 
2256 3995 2465 2270 2525 1388 1286 1273 1290 
2257 236 248 346 235 2436 2616 4086 2421 
2258 2436 2616 4086 2421 2437 2617 4087 2422 
2259 2437 2617 4087 2422 2438 2618 4088 2423 
2260 2438 2618 4088 2423 2439 2619 4089 2424 
2261 2439 2619 4089 2424 2440 2620 4090 2425 
2262 2440 2620 4090 2425 2441 2621 4091 2426 
2263 2441 2621 4091 2426 2442 2622 4092 2427 
2264 2442 2622 4092 2427 2443 2623 4093 2428 
2265 2443 2623 4093 2428 2444 2624 4094 2429 
2266 2444 2624 4094 2429 2445 2625 4095 2430 
2267 2445 2625 4095 2430 2446 2626 4096 2431 
2268 2446 2626 4096 2431 2447 2627 4097 2432 
2269 2447 2627 4097 2432 2448 2628 4098 2433 
2270 2448 2628 4098 2433 2449 2629 4099 2434 
2271 2449 2629 4099 2434 2450 2630 4100 2435 
2272 2450 2630 4100 2435 1285 1297 1395 1284 
2273 288 289 348 282 3216 3231 4116 3126 
2274 3216 3231 4116 3126 3217 3232 4117 3127 
2275 3217 3232 4117 3127 3218 3233 4118 3128 
2276 3218 3233 4118 3128 3219 3234 4119 3129 
2277 3219 3234 4119 3129 3220 3235 4120 3130 
2278 3220 3235 4120 3130 3221 3236 4121 3131 
2279 3221 3236 4121 3131 3222 3237 4122 3132 
2280 3222 3237 4122 3132 3223 3238 4123 3133 
2281 3223 3238 4123 3133 3224 3239 4124 3134 
2282 3224 3239 4124 3134 3225 3240 4125 3135 
2283 3225 3240 4125 3135 3226 3241 4126 3136 
2284 3226 3241 4126 3136 3227 3242 4127 3137 
2285 3227 3242 4127 3137 3228 3243 4128 3138 
2286 3228 3243 4128 3138 3229 3244 4129 3139 
2287 3229 3244 4129 3139 3230 3245 4130 3140 
2288 3230 3245 4130 3140 1337 1338 1397 1331 
2289 241 348 289 338 2511 4116 3231 3966 
2290 2511 4116 3231 3966 2512 4117 3232 3967 
2291 2512 4117 3232 3967 2513 4118 3233 3968 
2292 2513 4118 3233 3968 2514 4119 3234 3969 
2293 2514 4119 3234 3969 2515 4120 3235 3970 
2294 2515 4120 3235 3970 2516 4121 3236 3971 
2295 2516 4121 3236 3971 2517 4122 3237 3972 
2296 2517 4122 3237 3972 2518 4123 3238 3973 
2297 2518 4123 3238 3973 2519 4124 3239 3974 
2298 2519 4124 3239 3974 2520 4125 3240 3975 
2299 2520 4125 3240 3975 2521 4126 3241 3976 
2300 2521 4126 3241 3976 2522 4127 3242 3977 
2301 2522 4127 3242 3977 2523 4128 3243 3978 
2302 2523 4128 3243 3978 2524 4129 3244 3979 
2303 2524 4129 3244 3979 2525 4130 3245 3980 
2304 2525 4130 3245 3980 1290 1397 1338 1387 
2305 348 345 226 280 4116 4071 2286 3096 
2306 4116 4071 2286 3096 4117 4072 2287 3097 
2307 4117 4072 2287 3097 4118 4073 2288 3098 
2308 4118 4073 2288 3098 4119 4074 2289 3099 
2309 4119 4074 2289 3099 4120 4075 2290 3100 
2310 4120 4075 2290 3100 4121 4076 2291 3101 
2311 4121 4076 2291 3101 4122 4077 2292 3102 
2312 4122 4077 2292 3102 4123 4078 2293 3103 
2313 4123 4078 2293 3103 4124 4079 2294 3104 
2314 4124 4079 2294 3104 4125 4080 2295 3105 
2315 4125 4080 2295 3105 4126 4081 2296 3106 
2316 4126 4081 2296 3106 4127 4082 2297 3107 
2317 4127 4082 2297 3107 4128 4083 2298 3108 
2318 4128 4083 2298 3108 4129 4084 2299 3109 
2319 4129 4084 2299 3109 4130 4085 2300 3110 
2320 4130 4085 2300 3110 1397 1394 1275 1329 
2321 224 222 226 345 2256 2226 2286 4071 
2322 2256 2226 2286 4071 2257 2227 2287 4072 
2323 2257 2227 2287 4072 2258 2228 2288 4073 
2324 2258 2228 2288 4073 2259 2229 2289 4074 
2325 2259 2229 2289 4074 2260 2230 2290 4075 
2326 2260 2230 2290 4075 2261 2231 2291 4076 
2327 2261 2231 2291 4076 2262 2232 2292 4077 
2328 2262 2232 2292 4077 2263 2233 2293 4078 
2329 2263 2233 2293 4078 2264 2234 2294 4079 
2330 2264 2234 2294 4079 2265 2235 2295 4080 
2331 2265 2235 2295 4080 2266 2236 2296 4081 
2332 2266 2236 2296 4081 2267 2237 2297 4082 
2333 2267 2237 2297 4082 2268 2238 2298 4083 
2334 2268 2238 2298 4083 2269 2239 2299 4084 
2335 2269 2239 2299 4084 2270 2240 2300 4085 
2336 2270 2240 2300 4085 1273 1271 1275 1394 
2337 259 252 368 275 2781 2676 4416 3021 
2338 2781 2676 4416 3021 2782 2677 4417 3022 
2339 2782 2677 4417 3022 2783 2678 4418 3023 
2340 2783 2678 4418 3023 2784 2679 4419 3024 
2341 2784 2679 4419 3024 2785 2680 4420 3025 
2342 2785 2680 4420 3025 2786 2681 4421 3026 
2343 2786 2681 4421 3026 2787 2682 4422 3027 
2344 2787 2682 4422 3027 2788 2683 4423 3028 
2345 2788 2683 4423 3028 2789 2684 4424 3029 
2346 2789 2684 4424 3029 2790 2685 4425 3030 
2347 2790 2685 4425 3030 2791 2686 4426 3031 
2348 2791 2686 4426 3031 2792 2687 4427 3032 
2349 2792 2687 4427 3032 2793 2688 4428 3033 
2350 2793 2688 4428 3033 2794 2689 4429 3034 
2351 2794 2689 4429 3034 2795 2690 4430 3035 
2352 2795 2690 4430 3035 1308 1301 1417 1324 
2353 275 276 277 259 3021 3036 3051 2781 
2354 3021 3036 3051 2781 3022 3037 3052 2782 
2355 3022 3037 3052 2782 3023 3038 3053 2783 
2356 3023 3038 3053 2783 3024 3039 3054 2784 
2357 3024 3039 3054 2784 3025 3040 3055 2785 
2358 3025 3040 3055 2785 3026 3041 3056 2786 
2359 3026 3041 3056 2786 3027 3042 3057 2787 
2360 3027 3042 3057 2787 3028 3043 3058 2788 
2361 3028 3043 3058 2788 3029 3044 3059 2789 
2362 3029 3044 3059 2789 3030 3045 3060 2790 
2363 3030 3045 3060 2790 3031 3046 3061 2791 
2364 3031 3046 3061 2791 3032 3047 3062 2792 
2365 3032 3047 3062 2792 3033 3048 3063 2793 
2366 3033 3048 3063 2793 3034 3049 3064 2794 
2367 3034 3049 3064 2794 3035 3050 3065 2795 
2368 3035 3050 3065 2795 1324 1325 1326 1308 
2369 216 219 349 350 2136 2181 4131 4146 
2370 2136 2181 4131 4146 2137 2182 4132 4147 
2371 2137 2182 4132 4147 2138 2183 4133 4148 
2372 2138 2183 4133 4148 2139 2184 4134 4149 
2373 2139 2184 4134 4149 2140 2185 4135 4150 
2374 2140 2185 4135 4150 2141 2186 4136 4151 
2375 2141 2186 4136 4151 2142 2187 4137 4152 
2376 2142 2187 4137 4152 2143 2188 4138 4153 
2377 2143 2188 4138 4153 2144 2189 4139 4154 
2378 2144 2189 4139 4154 2145 2190 4140 4155 
2379 2145 2190 4140 4155 2146 2191 4141 4156 
2380 2146 2191 4141 4156 2147 2192 4142 4157 
2381 2147 2192 4142 4157 2148 2193 4143 4158 
2382 2148 2193 4143 4158 2149 2194 4144 4159 
2383 2149 2194 4144 4159 2150 2195 4145 4160 
2384 2150 2195 4145 4160 1265 1268 1398 1399 
2385 288 316 335 289 3216 3636 3921 3231 
2386 3216 3636 3921 3231 3217 3637 3922 3232 
2387 3217 3637 3922 3232 3218 3638 3923 3233 
2388 3218 3638 3923 3233 3219 3639 3924 3234 
2389 3219 3639 3924 3234 3220 3640 3925 3235 
2390 3220 3640 3925 3235 3221 3641 3926 3236 
2391 3221 3641 3926 3236 3222 3642 3927 3237 
2392 3222 3642 3927 3237 3223 3643 3928 3238 
2393 3223 3643 3928 3238 3224 3644 3929 3239 
2394 3224 3644 3929 3239 3225 3645 3930 3240 
2395 3225 3645 3930 3240 3226 3646 3931 3241 
2396 3226 3646 3931 3241 3227 3647 3932 3242 
2397 3227 3647 3932 3242 3228 3648 3933 3243 
2398 3228 3648 3933 3243 3229 3649 3934 3244 
2399 3229 3649 3934 3244 3230 3650 3935 3245 
2400 3230 3650 3935 3245 1337 1365 1384 1338 
2401 344 215 218 228 4056 2121 2166 2316 
2402 4056 2121 2166 2316 4057 2122 2167 2317 
2403 4057 2122 2167 2317 4058 2123 2168 2318 
2404 4058 2123 2168 2318 4059 2124 2169 2319 
2405 4059 2124 2169 2319 4060 2125 2170 2320 
2406 4060 2125 2170 2320 4061 2126 2171 2321 
2407 4061 2126 2171 2321 4062 2127 2172 2322 
2408 4062 2127 2172 2322 4063 2128 2173 2323 
2409 4063 2128 2173 2323 4064 2129 2174 2324 
2410 4064 2129 2174 2324 4065 2130 2175 2325 
2411 4065 2130 2175 2325 4066 2131 2176 2326 
2412 4066 2131 2176 2326 4067 2132 2177 2327 
2413 4067 2132 2177 2327 4068 2133 2178 2328 
2414 4068 2133 2178 2328 4069 2134 2179 2329 
2415 4069 2134 2179 2329 4070 2135 2180 2330 
2416 4070 2135 2180 2330 1393 1264 1267 1277 
2417 352 350 353 262 4176 4146 4191 2826 
2418 4176 4146 4191 2826 4177 4147 4192 2827 
2419 4177 4147 4192 2827 4178 4148 4193 2828 
2420 4178 4148 4193 2828 4179 4149 4194 2829 
2421 4179 4149 4194 2829 4180 4150 4195 2830 
2422 4180 4150 4195 2830 4181 4151 4196 2831 
2423 4181 4151 4196 2831 4182 4152 4197 2832 
2424 4182 4152 4197 2832 4183 4153 4198 2833 
2425 4183 4153 4198 2833 4184 4154 4199 2834 
2426 4184 4154 4199 2834 4185 4155 4200 2835 
2427 4185 4155 4200 2835 4186 4156 4201 2836 
2428 4186 4156 4201 2836 4187 4157 4202 2837 
2429 4187 4157 4202 2837 4188 4158 4203 2838 
2430 4188 4158 4203 2838 4189 4159 4204 2839 
2431 4189 4159 4204 2839 4190 4160 4205 2840 
2432 4190 4160 4205 2840 1401 1399 1402 1311 
2433 360 363 314 368 4296 4341 3606 4416 
2434 4296 4341 3606 4416 4297 4342 3607 4417 
2435 4297 4342 3607 4417 4298 4343 3608 4418 
2436 4298 4343 3608 4418 4299 4344 3609 4419 
2437 4299 4344 3609 4419 4300 4345 3610 4420 
2438 4300 4345 3610 4420 4301 4346 3611 4421 
2439 4301 4346 3611 4421 4302 4347 3612 4422 
2440 4302 4347 3612 4422 4303 4348 3613 4423 
2441 4303 4348 3613 4423 4304 4349 3614 4424 
2442 4304 4349 3614 4424 4305 4350 3615 4425 
2443 4305 4350 3615 4425 4306 4351 3616 4426 
2444 4306 4351 3616 4426 4307 4352 3617 4427 
2445 4307 4352 3617 4427 4308 4353 3618 4428 
2446 4308 4353 3618 4428 4309 4354 3619 4429 
2447 4309 4354 3619 4429 4310 4355 3620 4430 
2448 4310 4355 3620 4430 1409 1412 1363 1417 
2449 218 215 214 216 2166 2121 2106 2136 
2450 2166 2121 2106 2136 2167 2122 2107 2137 
2451 2167 2122 2107 2137 2168 2123 2108 2138 
2452 2168 2123 2108 2138 2169 2124 2109 2139 
2453 2169 2124 2109 2139 2170 2125 2110 2140 
2454 2170 2125 2110 2140 2171 2126 2111 2141 
2455 2171 2126 2111 2141 2172 2127 2112 2142 
2456 2172 2127 2112 2142 2173 2128 2113 2143 
2457 2173 2128 2113 2143 2174 2129 2114 2144 
2458 2174 2129 2114 2144 2175 2130 2115 2145 
2459 2175 2130 2115 2145 2176 2131 2116 2146 
2460 2176 2131 2116 2146 2177 2132 2117 2147 
2461 2177 2132 2117 2147 2178 2133 2118 2148 
2462 2178 2133 2118 2148 2179 2134 2119 2149 
2463 2179 2134 2119 2149 2180 2135 2120 2150 
2464 2180 2135 2120 2150 1267 1264 1263 1265 
2465 231 232 236 235 2361 2376 2436 2421 
2466 2361 2376 2436 2421 2362 2377 2437 2422 
2467 2362 2377 2437 2422 2363 2378 2438 2423 
2468 2363 2378 2438 2423 2364 2379 2439 2424 
2469 2364 2379 2439 2424 2365 2380 2440 2425 
2470 2365 2380 2440 2425 2366 2381 2441 2426 
2471 2366 2381 2441 2426 2367 2382 2442 2427 
2472 2367 2382 2442 2427 2368 2383 2443 2428 
2473 2368 2383 2443 2428 2369 2384 2444 2429 
2474 2369 2384 2444 2429 2370 2385 2445 2430 
2475 2370 2385 2445 2430 2371 2386 2446 2431 
2476 2371 2386 2446 2431 2372 2387 2447 2432 
2477 2372 2387 2447 2432 2373 2388 2448 2433 
2478 2373 2388 2448 2433 2374 2389 2449 2434 
2479 2374 2389 2449 2434 2375 2390 2450 2435 
2480 2375 2390 2450 2435 1280 1281 1285 1284 
2481 216 350 352 218 2136 4146 4176 2166 
2482 2136 4146 4176 2166 2137 4147 4177 2167 
2483 2137 4147 4177 2167 2138 4148 4178 2168 
2484 2138 4148 4178 2168 2139 4149 4179 2169 
2485 2139 4149 4179 2169 2140 4150 4180 2170 
2486 2140 4150 4180 2170 2141 4151 4181 2171 
2487 2141 4151 4181 2171 2142 4152 4182 2172 
2488 2142 4152 4182 2172 2143 4153 4183 2173 
2489 2143 4153 4183 2173 2144 4154 4184 2174 
2490 2144 4154 4184 2174 2145 4155 4185 2175 
2491 2145 4155 4185 2175 2146 4156 4186 2176 
2492 2146 4156 4186 2176 2147 4157 4187 2177 
2493 2147 4157 4187 2177 2148 4158 4188 2178 
2494 2148 4158 4188 2178 2149 4159 4189 2179 
2495 2149 4159 4189 2179 2150 4160 4190 2180 
2496 2150 4160 4190 2180 1265 1399 1401 1267 
2497 297 264 266 347 3351 2856 2886 4101 
2498 3351 2856 2886 4101 3352 2857 2887 4102 
2499 3352 2857 2887 4102 3353 2858 2888 4103 
2500 3353 2858 2888 4103 3354 2859 2889 4104 
2501 3354 2859 2889 4104 3355 2860 2890 4105 
2502 3355 2860 2890 4105 3356 2861 2891 4106 
2503 3356 2861 2891 4106 3357 2862 2892 4107 
2504 3357 2862 2892 4107 3358 2863 2893 4108 
2505 3358 2863 2893 4108 3359 2864 2894 4109 
2506 3359 2864 2894 4109 3360 2865 2895 4110 
2507 3360 2865 2895 4110 3361 2866 2896 4111 
2508 3361 2866 2896 4111 3362 2867 2897 4112 
2509 3362 2867 2897 4112 3363 2868 2898 4113 
2510 3363 2868 2898 4113 3364 2869 2899 4114 
2511 3364 2869 2899 4114 3365 2870 2900 4115 
2512 3365 2870 2900 4115 1346 1313 1315 1396 
2513 307 273 339 308 3501 2991 3981 3516 
2514 3501 2991 3981 3516 3502 2992 3982 3517 
2515 3502 2992 3982 3517 3503 2993 3983 3518 
2516 3503 2993 3983 3518 3504 2994 3984 3519 
2517 3504 2994 3984 3519 3505 2995 3985 3520 
2518 3505 2995 3985 3520 3506 2996 3986 3521 
2519 3506 2996 3986 3521 3507 2997 3987 3522 
2520 3507 2997 3987 3522 3508 2998 3988 3523 
2521 3508 2998 3988 3523 3509 2999 3989 3524 
2522 3509 2999 3989 3524 3510 3000 3990 3525 
2523 3510 3000 3990 3525 3511 3001 3991 3526 
2524 3511 3001 3991 3526 3512 3002 3992 3527 
2525 3512 3002 3992 3527 3513 3003 3993 3528 
2526 3513 3003 3993 3528 3514 3004 3994 3529 
2527 3514 3004 3994 3529 3515 3005 3995 3530 
2528 3515 3005 3995 3530 1356 1322 1388 1357 
2529 247 246 243 244 2601 2586 2541 2556 
2530 2601 2586 2541 2556 2602 2587 2542 2557 
2531 2602 2587 2542 2557 2603 2588 2543 2558 
2532 2603 2588 2543 2558 2604 2589 2544 2559 
2533 2604 2589 2544 2559 2605 2590 2545 2560 
2534 2605 2590 2545 2560 2606 2591 2546 2561 
2535 2606 2591 2546 2561 2607 2592 2547 2562 
2536 2607 2592 2547 2562 2608 2593 2548 2563 
2537 2608 2593 2548 2563 2609 2594 2549 2564 
2538 2609 2594 2549 2564 2610 2595 2550 2565 
2539 2610 2595 2550 2565 2611 2596 2551 2566 
2540 2611 2596 2551 2566 2612 2597 2552 2567 
2541 2612 2597 2552 2567 2613 2598 2553 2568 
2542 2613 2598 2553 2568 2614 2599 2554 2569 
2543 2614 2599 2554 2569 2615 2600 2555 2570 
2544 2615 2600 2555 2570 1296 1295 1292 1293 
2545 221 219 217 220 2211 2181 2151 2196 
2546 2211 2181 2151 2196 2212 2182 2152 2197 
2547 2212 2182 2152 2197 2213 2183 2153 2198 
2548 2213 2183 2153 2198 2214 2184 2154 2199 
2549 2214 2184 2154 2199 2215 2185 2155 2200 
2550 2215 2185 2155 2200 2216 2186 2156 2201 
2551 2216 2186 2156 2201 2217 2187 2157 2202 
2552 2217 2187 2157 2202 2218 2188 2158 2203 
2553 2218 2188 2158 2203 2219 2189 2159 2204 
2554 2219 2189 2159 2204 2220 2190 2160 2205 
2555 2220 2190 2160 2205 2221 2191 2161 2206 
2556 2221 2191 2161 2206 2222 2192 2162 2207 
2557 2222 2192 2162 2207 2223 2193 2163 2208 
2558 2223 2193 2163 2208 2224 2194 2164 2209 
2559 2224 2194 2164 2209 2225 2195 2165 2210 
2560 2225 2195 2165 2210 1270 1268 1266 1269 
2561 373 364 359 245 4491 4356 4281 2571 
2562 4491 4356 4281 2571 4492 4357 4282 2572 
2563 4492 4357 4282 2572 4493 4358 4283 2573 
2564 4493 4358 4283 2573 4494 4359 4284 2574 
2565 4494 4359 4284 2574 4495 4360 4285 2575 
2566 4495 4360 4285 2575 4496 4361 4286 2576 
2567 4496 4361 4286 2576 4497 4362 4287 2577 
2568 4497 4362 4287 2577 4498 4363 4288 2578 
2569 4498 4363 4288 2578 4499 4364 4289 2579 
2570 4499 4364 4289 2579 4500 4365 4290 2580 
2571 4500 4365 4290 2580 4501 4366 4291 2581 
2572 4501 4366 4291 2581 4502 4367 4292 2582 
2573 4502 4367 4292 2582 4503 4368 4293 2583 
2574 4503 4368 4293 2583 4504 4369 4294 2584 
2575 4504 4369 4294 2584 4505 4370 4295 2585 
2576 4505 4370 4295 2585 1422 1413 1408 1294 
2577 228 218 352 229 2316 2166 4176 2331 
2578 2316 2166 4176 2331 2317 2167 4177 2332 
2579 2317 2167 4177 2332 2318 2168 4178 2333 
2580 2318 2168 4178 2333 2319 2169 4179 2334 
2581 2319 2169 4179 2334 2320 2170 4180 2335 
2582 2320 2170 4180 2335 2321 2171 4181 2336 
2583 2321 2171 4181 2336 2322 2172 4182 2337 
2584 2322 2172 4182 2337 2323 2173 4183 2338 
2585 2323 2173 4183 2338 2324 2174 4184 2339 
2586 2324 2174 4184 2339 2325 2175 4185 2340 
2587 2325 2175 4185 2340 2326 2176 4186 2341 
2588 2326 2176 4186 2341 2327 2177 4187 2342 
2589 2327 2177 4187 2342 2328 2178 4188 2343 
2590 2328 2178 4188 2343 2329 2179 4189 2344 
2591 2329 2179 4189 2344 2330 2180 4190 2345 
2592 2330 2180 4190 2345 1277 1267 1401 1278 
2593 221 220 223 222 2211 2196 2241 2226 
2594 2211 2196 2241 2226 2212 2197 2242 2227 
2595 2212 2197 2242 2227 2213 2198 2243 2228 
2596 2213 2198 2243 2228 2214 2199 2244 2229 
2597 2214 2199 2244 2229 2215 2200 2245 2230 
2598 2215 2200 2245 2230 2216 2201 2246 2231 
2599 2216 2201 2246 2231 2217 2202 2247 2232 
2600 2217 2202 2247 2232 2218 2203 2248 2233 
2601 2218 2203 2248 2233 2219 2204 2249 2234 
2602 2219 2204 2249 2234 2220 2205 2250 2235 
2603 2220 2205 2250 2235 2221 2206 2251 2236 
2604 2221 2206 2251 2236 2222 2207 2252 2237 
2605 2222 2207 2252 2237 2223 2208 2253 2238 
2606 2223 2208 2253 2238 2224 2209 2254 2239 
2607 2224 2209 2254 2239 2225 2210 2255 2240 
2608 2225 2210 2255 2240 1270 1269 1272 1271 
2609 254 255 260 256 2706 2721 2796 2736 
2610 2706 2721 2796 2736 2707 2722 2797 2737 
2611 2707 2722 2797 2737 2708 2723 2798 2738 
2612 2708 2723 2798 2738 2709 2724 2799 2739 
2613 2709 2724 2799 2739 2710 2725 2800 2740 
2614 2710 2725 2800 2740 2711 2726 2801 2741 
2615 2711 2726 2801 2741 2712 2727 2802 2742 
2616 2712 2727 2802 2742 2713 2728 2803 2743 
2617 2713 2728 2803 2743 2714 2729 2804 2744 
2618 2714 2729 2804 2744 2715 2730 2805 2745 
2619 2715 2730 2805 2745 2716 2731 2806 2746 
2620 2716 2731 2806 2746 2717 2732 2807 2747 
2621 2717 2732 2807 2747 2718 2733 2808 2748 
2622 2718 2733 2808 2748 2719 2734 2809 2749 
2623 2719 2734 2809 2749 2720 2735 2810 2750 
2624 2720 2735 2810 2750 1303 1304 1309 1305 
2625 222 223 227 226 2226 2241 2301 2286 
2626 2226 2241 2301 2286 2227 2242 2302 2287 
2627 2227 2242 2302 2287 2228 2243 2303 2288 
2628 2228 2243 2303 2288 2229 2244 2304 2289 
2629 2229 2244 2304 2289 2230 2245 2305 2290 
2630 2230 2245 2305 2290 2231 2246 2306 2291 
2631 2231 2246 2306 2291 2232 2247 2307 2292 
2632 2232 2247 2307 2292 2233 2248 2308 2293 
2633 2233 2248 2308 2293 2234 2249 2309 2294 
2634 2234 2249 2309 2294 2235 2250 2310 2295 
2635 2235 2250 2310 2295 2236 2251 2311 2296 
2636 2236 2251 2311 2296 2237 2252 2312 2297 
2637 2237 2252 2312 2297 2238 2253 2313 2298 
2638 2238 2253 2313 2298 2239 2254 2314 2299 
2639 2239 2254 2314 2299 2240 2255 2315 2300 
2640 2240 2255 2315 2300 1271 1272 1276 1275 
2641 281 282 348 280 3111 3126 4116 3096 
2642 3111 3126 4116 3096 3112 3127 4117 3097 
2643 3112 3127 4117 3097 3113 3128 4118 3098 
2644 3113 3128 4118 3098 3114 3129 4119 3099 
2645 3114 3129 4119 3099 3115 3130 4120 3100 
2646 3115 3130 4120 3100 3116 3131 4121 3101 
2647 3116 3131 4121 3101 3117 3132 4122 3102 
2648 3117 3132 4122 3102 3118 3133 4123 3103 
2649 3118 3133 4123 3103 3119 3134 4124 3104 
2650 3119 3134 4124 3104 3120 3135 4125 3105 
2651 3120 3135 4125 3105 3121 3136 4126 3106 
2652 3121 3136 4126 3106 3122 3137 4127 3107 
2653 3122 3137 4127 3107 3123 3138 4128 3108 
2654 3123 3138 4128 3108 3124 3139 4129 3109 
2655 3124 3139 4129 3109 3125 3140 4130 3110 
2656 3125 3140 4130 3110 1330 1331 1397 1329 
2657 276 304 305 277 3036 3456 3471 3051 
2658 3036 3456 3471 3051 3037 3457 3472 3052 
2659 3037 3457 3472 3052 3038 3458 3473 3053 
2660 3038 3458 3473 3053 3039 3459 3474 3054 
2661 3039 3459 3474 3054 3040 3460 3475 3055 
2662 3040 3460 3475 3055 3041 3461 3476 3056 
2663 3041 3461 3476 3056 3042 3462 3477 3057 
2664 3042 3462 3477 3057 3043 3463 3478 3058 
2665 3043 3463 3478 3058 3044 3464 3479 3059 
2666 3044 3464 3479 3059 3045 3465 3480 3060 
2667 3045 3465 3480 3060 3046 3466 3481 3061 
2668 3046 3466 3481 3061 3047 3467 3482 3062 
2669 3047 3467 3482 3062 3048 3468 3483 3063 
2670 3048 3468 3483 3063 3049 3469 3484 3064 
2671 3049 3469 3484 3064 3050 3470 3485 3065 
2672 3050 3470 3485 3065 1325 1353 1354 1326 
2673 229 352 262 232 2331 4176 2826 2376 
2674 2331 4176 2826 2376 2332 4177 2827 2377 
2675 2332 4177 2827 2377 2333 4178 2828 2378 
2676 2333 4178 2828 2378 2334 4179 2829 2379 
2677 2334 4179 2829 2379 2335 4180 2830 2380 
2678 2335 4180 2830 2380 2336 4181 2831 2381 
2679 2336 4181 2831 2381 2337 4182 2832 2382 
2680 2337 4182 2832 2382 2338 4183 2833 2383 
2681 2338 4183 2833 2383 2339 4184 2834 2384 
2682 2339 4184 2834 2384 2340 4185 2835 2385 
2683 2340 4185 2835 2385 2341 4186 2836 2386 
2684 2341 4186 2836 2386 2342 4187 2837 2387 
2685 2342 4187 2837 2387 2343 4188 2838 2388 
2686 2343 4188 2838 2388 2344 4189 2839 2389 
2687 2344 4189 2839 2389 2345 4190 2840 2390 
2688 2345 4190 2840 2390 1278 1401 1311 1281 
2689 365 361 359 364 4371 4311 4281 4356 
2690 4371 4311 4281 4356 4372 4312 4282 4357 
2691 4372 4312 4282 4357 4373 4313 4283 4358 
2692 4373 4313 4283 4358 4374 4314 4284 4359 
2693 4374 4314 4284 4359 4375 4315 4285 4360 
2694 4375 4315 4285 4360 4376 4316 4286 4361 
2695 4376 4316 4286 4361 4377 4317 4287 4362 
2696 4377 4317 4287 4362 4378 4318 4288 4363 
2697 4378 4318 4288 4363 4379 4319 4289 4364 
2698 4379 4319 4289 4364 4380 4320 4290 4365 
2699 4380 4320 4290 4365 4381 4321 4291 4366 
2700 4381 4321 4291 4366 4382 4322 4292 4367 
2701 4382 4322 4292 4367 4383 4323 4293 4368 
2702 4383 4323 4293 4368 4384 4324 4294 4369 
2703 4384 4324 4294 4369 4385 4325 4295 4370 
2704 4385 4325 4295 4370 1414 1410 1408 1413 
2705 215 344 211 212 2121 4056 2061 2076 
2706 2121 4056 2061 2076 2122 4057 2062 2077 
2707 2122 4057 2062 2077 2123 4058 2063 2078 
2708 2123 4058 2063 2078 2124 4059 2064 2079 
2709 2124 4059 2064 2079 2125 4060 2065 2080 
2710 2125 4060 2065 2080 2126 4061 2066 2081 
2711 2126 4061 2066 2081 2127 4062 2067 2082 
2712 2127 4062 2067 2082 2128 4063 2068 2083 
2713 2128 4063 2068 2083 2129 4064 2069 2084 
2714 2129 4064 2069 2084 2130 4065 2070 2085 
2715 2130 4065 2070 2085 2131 4066 2071 2086 
2716 2131 4066 2071 2086 2132 4067 2072 2087 
2717 2132 4067 2072 2087 2133 4068 2073 2088 
2718 2133 4068 2073 2088 2134 4069 2074 2089 
2719 2134 4069 2074 2089 2135 4070 2075 2090 
2720 2135 4070 2075 2090 1264 1393 1260 1261 
2721 341 271 303 309 4011 2961 3441 3531 
2722 4011 2961 3441 3531 4012 2962 3442 3532 
2723 4012 2962 3442 3532 4013 2963 3443 3533 
2724 4013 2963 3443 3533 4014 2964 3444 3534 
2725 4014 2964 3444 3534 4015 2965 3445 3535 
2726 4015 2965 3445 3535 4016 2966 3446 3536 
2727 4016 2966 3446 3536 4017 2967 3447 3537 
2728 4017 2967 3447 3537 4018 2968 3448 3538 
2729 4018 2968 3448 3538 4019 2969 3449 3539 
2730 4019 2969 3449 3539 4020 2970 3450 3540 
2731 4020 2970 3450 3540 4021 2971 3451 3541 
2732 4021 2971 3451 3541 4022 2972 3452 3542 
2733 4022 2972 3452 3542 4023 2973 3453 3543 
2734 4023 2973 3453 3543 4024 2974 3454 3544 
2735 4024 2974 3454 3544 4025 2975 3455 3545 
2736 4025 2975 3455 3545 1390 1320 1352 1358 
2737 215 212 213 214 2121 2076 2091 2106 
2738 2121 2076 2091 2106 2122 2077 2092 2107 
2739 2122 2077 2092 2107 2123 2078 2093 2108 
2740 2123 2078 2093 2108 2124 2079 2094 2109 
2741 2124 2079 2094 2109 2125 2080 2095 2110 
2742 2125 2080 2095 2110 2126 2081 2096 2111 
2743 2126 2081 2096 2111 2127 2082 2097 2112 
2744 2127 2082 2097 2112 2128 2083 2098 2113 
2745 2128 2083 2098 2113 2129 2084 2099 2114 
2746 2129 2084 2099 2114 2130 2085 2100 2115 
2747 2130 2085 2100 2115 2131 2086 2101 2116 
2748 2131 2086 2101 2116 2132 2087 2102 2117 
2749 2132 2087 2102 2117 2133 2088 2103 2118 
2750 2133 2088 2103 2118 2134 2089 2104 2119 
2751 2134 2089 2104 2119 2135 2090 2105 2120 
2752 2135 2090 2105 2120 1264 1261 1262 1263 
2753 342 334 367 372 4026 3906 4401 4476 
2754 4026 3906 4401 4476 4027 3907 4402 4477 
2755 4027 3907 4402 4477 4028 3908 4403 4478 
2756 4028 3908 4403 4478 4029 3909 4404 4479 
2757 4029 3909 4404 4479 4030 3910 4405 4480 
2758 4030 3910 4405 4480 4031 3911 4406 4481 
2759 4031 3911 4406 4481 4032 3912 4407 4482 
2760 4032 3912 4407 4482 4033 3913 4408 4483 
2761 4033 3913 4408 4483 4034 3914 4409 4484 
2762 4034 3914 4409 4484 4035 3915 4410 4485 
2763 4035 3915 4410 4485 4036 3916 4411 4486 
2764 4036 3916 4411 4486 4037 3917 4412 4487 
2765 4037 3917 4412 4487 4038 3918 4413 4488 
2766 4038 3918 4413 4488 4039 3919 4414 4489 
2767 4039 3919 4414 4489 4040 3920 4415 4490 
2768 4040 3920 4415 4490 1391 1383 1416 1421 
2769 252 240 239 251 2676 2496 2481 2661 
2770 2676 2496 2481 2661 2677 2497 2482 2662 
2771 2677 2497 2482 2662 2678 2498 2483 2663 
2772 2678 2498 2483 2663 2679 2499 2484 2664 
2773 2679 2499 2484 2664 2680 2500 2485 2665 
2774 2680 2500 2485 2665 2681 2501 2486 2666 
2775 2681 2501 2486 2666 2682 2502 2487 2667 
2776 2682 2502 2487 2667 2683 2503 2488 2668 
2777 2683 2503 2488 2668 2684 2504 2489 2669 
2778 2684 2504 2489 2669 2685 2505 2490 2670 
2779 2685 2505 2490 2670 2686 2506 2491 2671 
2780 2686 2506 2491 2671 2687 2507 2492 2672 
2781 2687 2507 2492 2672 2688 2508 2493 2673 
2782 2688 2508 2493 2673 2689 2509 2494 2674 
2783 2689 2509 2494 2674 2690 2510 2495 2675 
2784 2690 2510 2495 2675 1301 1289 1288 1300 
2785 222 224 225 221 2226 2256 2271 2211 
2786 2226 2256 2271 2211 2227 2257 2272 2212 
2787 2227 2257 2272 2212 2228 2258 2273 2213 
2788 2228 2258 2273 2213 2229 2259 2274 2214 
2789 2229 2259 2274 2214 2230 2260 2275 2215 
2790 2230 2260 2275 2215 2231 2261 2276 2216 
2791 2231 2261 2276 2216 2232 2262 2277 2217 
2792 2232 2262 2277 2217 2233 2263 2278 2218 
2793 2233 2263 2278 2218 2234 2264 2279 2219 
2794 2234 2264 2279 2219 2235 2265 2280 2220 
2795 2235 2265 2280 2220 2236 2266 2281 2221 
2796 2236 2266 2281 2221 2237 2267 2282 2222 
2797 2237 2267 2282 2222 2238 2268 2283 2223 
2798 2238 2268 2283 2223 2239 2269 2284 2224 
2799 2239 2269 2284 2224 2240 2270 2285 2225 
2800 2240 2270 2285 2225 1271 1273 1274 1270 
2801 340 268 249 270 3996 2916 2631 2946 
2802 3996 2916 2631 2946 3997 2917 2632 2947 
2803 3997 2917 2632 2947 3998 2918 2633 2948 
2804 3998 2918 2633 2948 3999 2919 2634 2949 
2805 3999 2919 2634 2949 4000 2920 2635 2950 
2806 4000 2920 2635 2950 4001 2921 2636 2951 
2807 4001 2921 2636 2951 4002 2922 2637 2952 
2808 4002 2922 2637 2952 4003 2923 2638 2953 
2809 4003 2923 2638 2953 4004 2924 2639 2954 
2810 4004 2924 2639 2954 4005 2925 2640 2955 
2811 4005 2925 2640 2955 4006 2926 2641 2956 
2812 4006 2926 2641 2956 4007 2927 2642 2957 
2813 4007 2927 2642 2957 4008 2928 2643 2958 
2814 4008 2928 2643 2958 4009 2929 2644 2959 
2815 4009 2929 2644 2959 4010 2930 2645 2960 
2816 4010 2930 2645 2960 1389 1317 1298 1319 
2817 254 267 286 253 2706 2901 3186 2691 
2818 2706 2901 3186 2691 2707 2902 3187 2692 
2819 2707 2902 3187 2692 2708 2903 3188 2693 
2820 2708 2903 3188 2693 2709 2904 3189 2694 
2821 2709 2904 3189 2694 2710 2905 3190 2695 
2822 2710 2905 3190 2695 2711 2906 3191 2696 
2823 2711 2906 3191 2696 2712 2907 3192 2697 
2824 2712 2907 3192 2697 2713 2908 3193 2698 
2825 2713 2908 3193 2698 2714 2909 3194 2699 
2826 2714 2909 3194 2699 2715 2910 3195 2700 
2827 2715 2910 3195 2700 2716 2911 3196 2701 
2828 2716 2911 3196 2701 2717 2912 3197 2702 
2829 2717 2912 3197 2702 2718 2913 3198 2703 
2830 2718 2913 3198 2703 2719 2914 3199 2704 
2831 2719 2914 3199 2704 2720 2915 3200 2705 
2832 2720 2915 3200 2705 1303 1316 1335 1302 
2833 219 221 225 349 2181 2211 2271 4131 
2834 2181 2211 2271 4131 2182 2212 2272 4132 
2835 2182 2212 2272 4132 2183 2213 2273 4133 
2836 2183 2213 2273 4133 2184 2214 2274 4134 
2837 2184 2214 2274 4134 2185 2215 2275 4135 
2838 2185 2215 2275 4135 2186 2216 2276 4136 
2839 2186 2216 2276 4136 2187 2217 2277 4137 
2840 2187 2217 2277 4137 2188 2218 2278 4138 
2841 2188 2218 2278 4138 2189 2219 2279 4139 
2842 2189 2219 2279 4139 2190 2220 2280 4140 
2843 2190 2220 2280 4140 2191 2221 2281 4141 
2844 2191 2221 2281 4141 2192 2222 2282 4142 
2845 2192 2222 2282 4142 2193 2223 2283 4143 
2846 2193 2223 2283 4143 2194 2224 2284 4144 
2847 2194 2224 2284 4144 2195 2225 2285 4145 
2848 2195 2225 2285 4145 1268 1270 1274 1398 
2849 308 338 289 335 3516 3966 3231 3921 
2850 3516 3966 3231 3921 3517 3967 3232 3922 
2851 3517 3967 3232 3922 3518 3968 3233 3923 
2852 3518 3968 3233 3923 3519 3969 3234 3924 
2853 3519 3969 3234 3924 3520 3970 3235 3925 
2854 3520 3970 3235 3925 3521 3971 3236 3926 
2855 3521 3971 3236 3926 3522 3972 3237 3927 
2856 3522 3972 3237 3927 3523 3973 3238 3928 
2857 3523 3973 3238 3928 3524 3974 3239 3929 
2858 3524 3974 3239 3929 3525 3975 3240 3930 
2859 3525 3975 3240 3930 3526 3976 3241 3931 
2860 3526 3976 3241 3931 3527 3977 3242 3932 
2861 3527 3977 3242 3932 3528 3978 3243 3933 
2862 3528 3978 3243 3933 3529 3979 3244 3934 
2863 3529 3979 3244 3934 3530 3980 3245 3935 
2864 3530 3980 3245 3935 1357 1387 1338 1384 
2865 353 350 349 351 4191 4146 4131 4161 
2866 4191 4146 4131 4161 4192 4147 4132 4162 
2867 4192 4147 4132 4162 4193 4148 4133 4163 
2868 4193 4148 4133 4163 4194 4149 4134 4164 
2869 4194 4149 4134 4164 4195 4150 4135 4165 
2870 4195 4150 4135 4165 4196 4151 4136 4166 
2871 4196 4151 4136 4166 4197 4152 4137 4167 
2872 4197 4152 4137 4167 4198 4153 4138 4168 
2873 4198 4153 4138 4168 4199 4154 4139 4169 
2874 4199 4154 4139 4169 4200 4155 4140 4170 
2875 4200 4155 4140 4170 4201 4156 4141 4171 
2876 4201 4156 4141 4171 4202 4157 4142 4172 
2877 4202 4157 4142 4172 4203 4158 4143 4173 
2878 4203 4158 4143 4173 4204 4159 4144 4174 
2879 4204 4159 4144 4174 4205 4160 4145 4175 
2880 4205 4160 4145 4175 1402 1399 1398 1400 
2881 280 242 356 281 3096 2526 4236 3111 
2882 3096 2526 4236 3111 3097 2527 4237 3112 
2883 3097 2527 4237 3112 3098 2528 4238 3113 
2884 3098 2528 4238 3113 3099 2529 4239 3114 
2885 3099 2529 4239 3114 3100 2530 4240 3115 
2886 3100 2530 4240 3115 3101 2531 4241 3116 
2887 3101 2531 4241 3116 3102 2532 4242 3117 
2888 3102 2532 4242 3117 3103 2533 4243 3118 
2889 3103 2533 4243 3118 3104 2534 4244 3119 
2890 3104 2534 4244 3119 3105 2535 4245 3120 
2891 3105 2535 4245 3120 3106 2536 4246 3121 
2892 3106 2536 4246 3121 3107 2537 4247 3122 
2893 3107 2537 4247 3122 3108 2538 4248 3123 
2894 3108 2538 4248 3123 3109 2539 4249 3124 
2895 3109 2539 4249 3124 3110 2540 4250 3125 
2896 3110 2540 4250 3125 1329 1291 1405 1330 
2897 235 343 233 231 2421 4041 2391 2361 
2898 2421 4041 2391 2361 2422 4042 2392 2362 
2899 2422 4042 2392 2362 2423 4043 2393 2363 
2900 2423 4043 2393 2363 2424 4044 2394 2364 
2901 2424 4044 2394 2364 2425 4045 2395 2365 
2902 2425 4045 2395 2365 2426 4046 2396 2366 
2903 2426 4046 2396 2366 2427 4047 2397 2367 
2904 2427 4047 2397 2367 2428 4048 2398 2368 
2905 2428 4048 2398 2368 2429 4049 2399 2369 
2906 2429 4049 2399 2369 2430 4050 2400 2370 
2907 2430 4050 2400 2370 2431 4051 2401 2371 
2908 2431 4051 2401 2371 2432 4052 2402 2372 
2909 2432 4052 2402 2372 2433 4053 2403 2373 
2910 2433 4053 2403 2373 2434 4054 2404 2374 
2911 2434 4054 2404 2374 2435 4055 2405 2375 
2912 2435 4055 2405 2375 1284 1392 1282 1280 
2913 361 360 251 359 4311 4296 2661 4281 
2914 4311 4296 2661 4281 4312 4297 2662 4282 
2915 4312 4297 2662 4282 4313 4298 2663 4283 
2916 4313 4298 2663 4283 4314 4299 2664 4284 
2917 4314 4299 2664 4284 4315 4300 2665 4285 
2918 4315 4300 2665 4285 4316 4301 2666 4286 
2919 4316 4301 2666 4286 4317 4302 2667 4287 
2920 4317 4302 2667 4287 4318 4303 2668 4288 
2921 4318 4303 2668 4288 4319 4304 2669 4289 
2922 4319 4304 2669 4289 4320 4305 2670 4290 
2923 4320 4305 2670 4290 4321 4306 2671 4291 
2924 4321 4306 2671 4291 4322 4307 2672 4292 
2925 4322 4307 2672 4292 4323 4308 2673 4293 
2926 4323 4308 2673 4293 4324 4309 2674 4294 
2927 4324 4309 2674 4294 4325 4310 2675 4295 
2928 4325 4310 2675 4295 1410 1409 1300 1408 
2929 263 261 265 264 2841 2811 2871 2856 
2930 2841 2811 2871 2856 2842 2812 2872 2857 
2931 2842 2812 2872 2857 2843 2813 2873 2858 
2932 2843 2813 2873 2858 2844 2814 2874 2859 
2933 2844 2814 2874 2859 2845 2815 2875 2860 
2934 2845 2815 2875 2860 2846 2816 2876 2861 
2935 2846 2816 2876 2861 2847 2817 2877 2862 
2936 2847 2817 2877 2862 2848 2818 2878 2863 
2937 2848 2818 2878 2863 2849 2819 2879 2864 
2938 2849 2819 2879 2864 2850 2820 2880 2865 
2939 2850 2820 2880 2865 2851 2821 2881 2866 
2940 2851 2821 2881 2866 2852 2822 2882 2867 
2941 2852 2822 2882 2867 2853 2823 2883 2868 
2942 2853 2823 2883 2868 2854 2824 2884 2869 
2943 2854 2824 2884 2869 2855 2825 2885 2870 
2944 2855 2825 2885 2870 1312 1310 1314 1313 
2945 280 226 227 242 3096 2286 2301 2526 
2946 3096 2286 2301 2526 3097 2287 2302 2527 
2947 3097 2287 2302 2527 3098 2288 2303 2528 
2948 3098 2288 2303 2528 3099 2289 2304 2529 
2949 3099 2289 2304 2529 3100 2290 2305 2530 
2950 3100 2290 2305 2530 3101 2291 2306 2531 
2951 3101 2291 2306 2531 3102 2292 2307 2532 
2952 3102 2292 2307 2532 3103 2293 2308 2533 
2953 3103 2293 2308 2533 3104 2294 2309 2534 
2954 3104 2294 2309 2534 3105 2295 2310 2535 
2955 3105 2295 2310 2535 3106 2296 2311 2536 
2956 3106 2296 2311 2536 3107 2297 2312 2537 
2957 3107 2297 2312 2537 3108 2298 2313 2538 
2958 3108 2298 2313 2538 3109 2299 2314 2539 
2959 3109 2299 2314 2539 3110 2300 2315 2540 
2960 3110 2300 2315 2540 1329 1275 1276 1291 
2961 336 278 265 292 3936 3066 2871 3276 
2962 3936 3066 2871 3276 3937 3067 2872 3277 
2963 3937 3067 2872 3277 3938 3068 2873 3278 
2964 3938 3068 2873 3278 3939 3069 2874 3279 
2965 3939 3069 2874 3279 3940 3070 2875 3280 
2966 3940 3070 2875 3280 3941 3071 2876 3281 
2967 3941 3071 2876 3281 3942 3072 2877 3282 
2968 3942 3072 2877 3282 3943 3073 2878 3283 
2969 3943 3073 2878 3283 3944 3074 2879 3284 
2970 3944 3074 2879 3284 3945 3075 2880 3285 
2971 3945 3075 2880 3285 3946 3076 2881 3286 
2972 3946 3076 2881 3286 3947 3077 2882 3287 
2973 3947 3077 2882 3287 3948 3078 2883 3288 
2974 3948 3078 2883 3288 3949 3079 2884 3289 
2975 3949 3079 2884 3289 3950 3080 2885 3290 
2976 3950 3080 2885 3290 1385 1327 1314 1341 
2977 256 260 366 261 2736 2796 4386 2811 
2978 2736 2796 4386 2811 2737 2797 4387 2812 
2979 2737 2797 4387 2812 2738 2798 4388 2813 
2980 2738 2798 4388 2813 2739 2799 4389 2814 
2981 2739 2799 4389 2814 2740 2800 4390 2815 
2982 2740 2800 4390 2815 2741 2801 4391 2816 
2983 2741 2801 4391 2816 2742 2802 4392 2817 
2984 2742 2802 4392 2817 2743 2803 4393 2818 
2985 2743 2803 4393 2818 2744 2804 4394 2819 
2986 2744 2804 4394 2819 2745 2805 4395 2820 
2987 2745 2805 4395 2820 2746 2806 4396 2821 
2988 2746 2806 4396 2821 2747 2807 4397 2822 
2989 2747 2807 4397 2822 2748 2808 4398 2823 
2990 2748 2808 4398 2823 2749 2809 4399 2824 
2991 2749 2809 4399 2824 2750 2810 4400 2825 
2992 2750 2810 4400 2825 1305 1309 1415 1310 
2993 282 281 285 284 3126 3111 3171 3156 
2994 3126 3111 3171 3156 3127 3112 3172 3157 
2995 3127 3112 3172 3157 3128 3113 3173 3158 
2996 3128 3113 3173 3158 3129 3114 3174 3159 
2997 3129 3114 3174 3159 3130 3115 3175 3160 
2998 3130 3115 3175 3160 3131 3116 3176 3161 
2999 3131 3116 3176 3161 3132 3117 3177 3162 
3000 3132 3117 3177 3162 3133 3118 3178 3163 
3001 3133 3118 3178 3163 3134 3119 3179 3164 
3002 3134 3119 3179 3164 3135 3120 3180 3165 
3003 3135 3120 3180 3165 3136 3121 3181 3166 
3004 3136 3121 3181 3166 3137 3122 3182 3167 
3005 3137 3122 3182 3167 3138 3123 3183 3168 
3006 3138 3123 3183 3168 3139 3124 3184 3169 
3007 3139 3124 3184 3169 3140 3125 3185 3170 
3008 3140 3125 3185 3170 1331 1330 1334 1333 
3009 219 216 214 217 2181 2136 2106 2151 
3010 2181 2136 2106 2151 2182 2137 2107 2152 
3011 2182 2137 2107 2152 2183 2138 2108 2153 
3012 2183 2138 2108 2153 2184 2139 2109 2154 
3013 2184 2139 2109 2154 2185 2140 2110 2155 
3014 2185 2140 2110 2155 2186 2141 2111 2156 
3015 2186 2141 2111 2156 2187 2142 2112 2157 
3016 2187 2142 2112 2157 2188 2143 2113 2158 
3017 2188 2143 2113 2158 2189 2144 2114 2159 
3018 2189 2144 2114 2159 2190 2145 2115 2160 
3019 2190 2145 2115 2160 2191 2146 2116 2161 
3020 2191 2146 2116 2161 2192 2147 2117 2162 
3021 2192 2147 2117 2162 2193 2148 2118 2163 
3022 2193 2148 2118 2163 2194 2149 2119 2164 
3023 2194 2149 2119 2164 2195 2150 2120 2165 
3024 2195 2150 2120 2165 1268 1265 1263 1266 
3025 245 239 234 233 2571 2481 2406 2391 
3026 2571 2481 2406 2391 2572 2482 2407 2392 
3027 2572 2482 2407 2392 2573 2483 2408 2393 
3028 2573 2483 2408 2393 2574 2484 2409 2394 
3029 2574 2484 2409 2394 2575 2485 2410 2395 
3030 2575 2485 2410 2395 2576 2486 2411 2396 
3031 2576 2486 2411 2396 2577 2487 2412 2397 
3032 2577 2487 2412 2397 2578 2488 2413 2398 
3033 2578 2488 2413 2398 2579 2489 2414 2399 
3034 2579 2489 2414 2399 2580 2490 2415 2400 
3035 2580 2490 2415 2400 2581 2491 2416 2401 
3036 2581 2491 2416 2401 2582 2492 2417 2402 
3037 2582 2492 2417 2402 2583 2493 2418 2403 
3038 2583 2493 2418 2403 2584 2494 2419 2404 
3039 2584 2494 2419 2404 2585 2495 2420 2405 
3040 2585 2495 2420 2405 1294 1288 1283 1282 
3041 213 333 334 342 2091 3891 3906 4026 
3042 2091 3891 3906 4026 2092 3892 3907 4027 
3043 2092 3892 3907 4027 2093 3893 3908 4028 
3044 2093 3893 3908 4028 2094 3894 3909 4029 
3045 2094 3894 3909 4029 2095 3895 3910 4030 
3046 2095 3895 3910 4030 2096 3896 3911 4031 
3047 2096 3896 3911 4031 2097 3897 3912 4032 
3048 2097 3897 3912 4032 2098 3898 3913 4033 
3049 2098 3898 3913 4033 2099 3899 3914 4034 
3050 2099 3899 3914 4034 2100 3900 3915 4035 
3051 2100 3900 3915 4035 2101 3901 3916 4036 
3052 2101 3901 3916 4036 2102 3902 3917 4037 
3053 2102 3902 3917 4037 2103 3903 3918 4038 
3054 2103 3903 3918 4038 2104 3904 3919 4039 
3055 2104 3904 3919 4039 2105 3905 3920 4040 
3056 2105 3905 3920 4040 1262 1382 1383 1391 
3057 244 243 242 227 2556 2541 2526 2301 
3058 2556 2541 2526 2301 2557 2542 2527 2302 
3059 2557 2542 2527 2302 2558 2543 2528 2303 
3060 2558 2543 2528 2303 2559 2544 2529 2304 
3061 2559 2544 2529 2304 2560 2545 2530 2305 
3062 2560 2545 2530 2305 2561 2546 2531 2306 
3063 2561 2546 2531 2306 2562 2547 2532 2307 
3064 2562 2547 2532 2307 2563 2548 2533 2308 
3065 2563 2548 2533 2308 2564 2549 2534 2309 
3066 2564 2549 2534 2309 2565 2550 2535 2310 
3067 2565 2550 2535 2310 2566 2551 2536 2311 
3068 2566 2551 2536 2311 2567 2552 2537 2312 
3069 2567 2552 2537 2312 2568 2553 2538 2313 
3070 2568 2553 2538 2313 2569 2554 2539 2314 
3071 2569 2554 2539 2314 2570 2555 2540 2315 
3072 2570 2555 2540 2315 1293 1292 1291 1276 
3073 224 237 238 225 2256 2451 2466 2271 
3074 2256 2451 2466 2271 2257 2452 2467 2272 
3075 2257 2452 2467 2272 2258 2453 2468 2273 
3076 2258 2453 2468 2273 2259 2454 2469 2274 
3077 2259 2454 2469 2274 2260 2455 2470 2275 
3078 2260 2455 2470 2275 2261 2456 2471 2276 
3079 2261 2456 2471 2276 2262 2457 2472 2277 
3080 2262 2457 2472 2277 2263 2458 2473 2278 
3081 2263 2458 2473 2278 2264 2459 2474 2279 
3082 2264 2459 2474 2279 2265 2460 2475 2280 
3083 2265 2460 2475 2280 2266 2461 2476 2281 
3084 2266 2461 2476 2281 2267 2462 2477 2282 
3085 2267 2462 2477 2282 2268 2463 2478 2283 
3086 2268 2463 2478 2283 2269 2464 2479 2284 
3087 2269 2464 2479 2284 2270 2465 2480 2285 
3088 2270 2465 2480 2285 1273 1286 1287 1274 
3089 349 225 238 351 4131 2271 2466 4161 
3090 4131 2271 2466 4161 4132 2272 2467 4162 
3091 4132 2272 2467 4162 4133 2273 2468 4163 
3092 4133 2273 2468 4163 4134 2274 2469 4164 
3093 4134 2274 2469 4164 4135 2275 2470 4165 
3094 4135 2275 2470 4165 4136 2276 2471 4166 
3095 4136 2276 2471 4166 4137 2277 2472 4167 
3096 4137 2277 2472 4167 4138 2278 2473 4168 
3097 4138 2278 2473 4168 4139 2279 2474 4169 
3098 4139 2279 2474 4169 4140 2280 2475 4170 
3099 4140 2280 2475 4170 4141 2281 2476 4171 
3100 4141 2281 2476 4171 4142 2282 2477 4172 
3101 4142 2282 2477 4172 4143 2283 2478 4173 
3102 4143 2283 2478 4173 4144 2284 2479 4174 
3103 4144 2284 2479 4174 4145 2285 2480 4175 
3104 4145 2285 2480 4175 1398 1274 1287 1400 
3105 261 366 292 265 2811 4386 3276 2871 
3106 2811 4386 3276 2871 2812 4387 3277 2872 
3107 2812 4387 3277 2872 2813 4388 3278 2873 
3108 2813 4388 3278 2873 2814 4389 3279 2874 
3109 2814 4389 3279 2874 2815 4390 3280 2875 
3110 2815 4390 3280 2875 2816 4391 3281 2876 
3111 2816 4391 3281 2876 2817 4392 3282 2877 
3112 2817 4392 3282 2877 2818 4393 3283 2878 
3113 2818 4393 3283 2878 2819 4394 3284 2879 
3114 2819 4394 3284 2879 2820 4395 3285 2880 
3115 2820 4395 3285 2880 2821 4396 3286 2881 
3116 2821 4396 3286 2881 2822 4397 3287 2882 
3117 2822 4397 3287 2882 2823 4398 3288 2883 
3118 2823 4398 3288 2883 2824 4399 3289 2884 
3119 2824 4399 3289 2884 2825 4400 3290 2885 
3120 2825 4400 3290 2885 1310 1415 1341 1314 
3121 223 367 244 227 2241 4401 2556 2301 
3122 2241 4401 2556 2301 2242 4402 2557 2302 
3123 2242 4402 2557 2302 2243 4403 2558 2303 
3124 2243 4403 2558 2303 2244 4404 2559 2304 
3125 2244 4404 2559 2304 2245 4405 2560 2305 
3126 2245 4405 2560 2305 2246 4406 2561 2306 
3127 2246 4406 2561 2306 2247 4407 2562 2307 
3128 2247 4407 2562 2307 2248 4408 2563 2308 
3129 2248 4408 2563 2308 2249 4409 2564 2309 
3130 2249 4409 2564 2309 2250 4410 2565 2310 
3131 2250 4410 2565 2310 2251 4411 2566 2311 
3132 2251 4411 2566 2311 2252 4412 2567 2312 
3133 2252 4412 2567 2312 2253 4413 2568 2313 
3134 2253 4413 2568 2313 2254 4414 2569 2314 
3135 2254 4414 2569 2314 2255 4415 2570 2315 
3136 2255 4415 2570 2315 1272 1416 1293 1276 
3137 245 359 251 239 2571 4281 2661 2481 
3138 2571 4281 2661 2481 2572 4282 2662 2482 
3139 2572 4282 2662 2482 2573 4283 2663 2483 
3140 2573 4283 2663 2483 2574 4284 2664 2484 
3141 2574 4284 2664 2484 2575 4285 2665 2485 
3142 2575 4285 2665 2485 2576 4286 2666 2486 
3143 2576 4286 2666 2486 2577 4287 2667 2487 
3144 2577 4287 2667 2487 2578 4288 2668 2488 
3145 2578 4288 2668 2488 2579 4289 2669 2489 
3146 2579 4289 2669 2489 2580 4290 2670 2490 
3147 2580 4290 2670 2490 2581 4291 2671 2491 
3148 2581 4291 2671 2491 2582 4292 2672 2492 
3149 2582 4292 2672 2492 2583 4293 2673 2493 
3150 2583 4293 2673 2493 2584 4294 2674 2494 
3151 2584 4294 2674 2494 2585 4295 2675 2495 
3152 2585 4295 2675 2495 1294 1408 1300 1288 
3153 279 291 366 260 3081 3261 4386 2796 
3154 3081 3261 4386 2796 3082 3262 4387 2797 
3155 3082 3262 4387 2797 3083 3263 4388 2798 
3156 3083 3263 4388 2798 3084 3264 4389 2799 
3157 3084 3264 4389 2799 3085 3265 4390 2800 
3158 3085 3265 4390 2800 3086 3266 4391 2801 
3159 3086 3266 4391 2801 3087 3267 4392 2802 
3160 3087 3267 4392 2802 3088 3268 4393 2803 
3161 3088 3268 4393 2803 3089 3269 4394 2804 
3162 3089 3269 4394 2804 3090 3270 4395 2805 
3163 3090 3270 4395 2805 3091 3271 4396 2806 
3164 3091 3271 4396 2806 3092 3272 4397 2807 
3165 3092 3272 4397 2807 3093 3273 4398 2808 
3166 3093 3273 4398 2808 3094 3274 4399 2809 
3167 3094 3274 4399 2809 3095 3275 4400 2810 
3168 3095 3275 4400 2810 1328 1340 1415 1309 
3169 264 265 278 266 2856 2871 3066 2886 
3170 2856 2871 3066 2886 2857 2872 3067 2887 
3171 2857 2872 3067 2887 2858 2873 3068 2888 
3172 2858 2873 3068 2888 2859 2874 3069 2889 
3173 2859 2874 3069 2889 2860 2875 3070 2890 
3174 2860 2875 3070 2890 2861 2876 3071 2891 
3175 2861 2876 3071 2891 2862 2877 3072 2892 
3176 2862 2877 3072 2892 2863 2878 3073 2893 
3177 2863 2878 3073 2893 2864 2879 3074 2894 
3178 2864 2879 3074 2894 2865 2880 3075 2895 
3179 2865 2880 3075 2895 2866 2881 3076 2896 
3180 2866 2881 3076 2896 2867 2882 3077 2897 
3181 2867 2882 3077 2897 2868 2883 3078 2898 
3182 2868 2883 3078 2898 2869 2884 3079 2899 
3183 2869 2884 3079 2899 2870 2885 3080 2900 
3184 2870 2885 3080 2900 1313 1314 1327 1315 
3185 237 272 250 238 2451 2976 2646 2466 
3186 2451 2976 2646 2466 2452 2977 2647 2467 
3187 2452 2977 2647 2467 2453 2978 2648 2468 
3188 2453 2978 2648 2468 2454 2979 2649 2469 
3189 2454 2979 2649 2469 2455 2980 2650 2470 
3190 2455 2980 2650 2470 2456 2981 2651 2471 
3191 2456 2981 2651 2471 2457 2982 2652 2472 
3192 2457 2982 2652 2472 2458 2983 2653 2473 
3193 2458 2983 2653 2473 2459 2984 2654 2474 
3194 2459 2984 2654 2474 2460 2985 2655 2475 
3195 2460 2985 2655 2475 2461 2986 2656 2476 
3196 2461 2986 2656 2476 2462 2987 2657 2477 
3197 2462 2987 2657 2477 2463 2988 2658 2478 
3198 2463 2988 2658 2478 2464 2989 2659 2479 
3199 2464 2989 2659 2479 2465 2990 2660 2480 
3200 2465 2990 2660 2480 1286 1321 1299 1287 
3201 328 344 228 369 3816 4056 2316 4431 
3202 3816 4056 2316 4431 3817 4057 2317 4432 
3203 3817 4057 2317 4432 3818 4058 2318 4433 
3204 3818 4058 2318 4433 3819 4059 2319 4434 
3205 3819 4059 2319 4434 3820 4060 2320 4435 
3206 3820 4060 2320 4435 3821 4061 2321 4436 
3207 3821 4061 2321 4436 3822 4062 2322 4437 
3208 3822 4062 2322 4437 3823 4063 2323 4438 
3209 3823 4063 2323 4438 3824 4064 2324 4439 
3210 3824 4064 2324 4439 3825 4065 2325 4440 
3211 3825 4065 2325 4440 3826 4066 2326 4441 
3212 3826 4066 2326 4441 3827 4067 2327 4442 
3213 3827 4067 2327 4442 3828 4068 2328 4443 
3214 3828 4068 2328 4443 3829 4069 2329 4444 
3215 3829 4069 2329 4444 3830 4070 2330 4445 
3216 3830 4070 2330 4445 1377 1393 1277 1418 
3217 273 298 354 272 2991 3366 4206 2976 
3218 2991 3366 4206 2976 2992 3367 4207 2977 
3219 2992 3367 4207 2977 2993 3368 4208 2978 
3220 2993 3368 4208 2978 2994 3369 4209 2979 
3221 2994 3369 4209 2979 2995 3370 4210 2980 
3222 2995 3370 4210 2980 2996 3371 4211 2981 
3223 2996 3371 4211 2981 2997 3372 4212 2982 
3224 2997 3372 4212 2982 2998 3373 4213 2983 
3225 2998 3373 4213 2983 2999 3374 4214 2984 
3226 2999 3374 4214 2984 3000 3375 4215 2985 
3227 3000 3375 4215 2985 3001 3376 4216 2986 
3228 3001 3376 4216 2986 3002 3377 4217 2987 
3229 3002 3377 4217 2987 3003 3378 4218 2988 
3230 3003 3378 4218 2988 3004 3379 4219 2989 
3231 3004 3379 4219 2989 3005 3380 4220 2990 
3232 3005 3380 4220 2990 1322 1347 1403 1321 
3233 213 212 211 210 2091 2076 2061 2046 
3234 2091 2076 2061 2046 2092 2077 2062 2047 
3235 2092 2077 2062 2047 2093 2078 2063 2048 
3236 2093 2078 2063 2048 2094 2079 2064 2049 
3237 2094 2079 2064 2049 2095 2080 2065 2050 
3238 2095 2080 2065 2050 2096 2081 2066 2051 
3239 2096 2081 2066 2051 2097 2082 2067 2052 
3240 2097 2082 2067 2052 2098 2083 2068 2053 
3241 2098 2083 2068 2053 2099 2084 2069 2054 
3242 2099 2084 2069 2054 2100 2085 2070 2055 
3243 2100 2085 2070 2055 2101 2086 2071 2056 
3244 2101 2086 2071 2056 2102 2087 2072 2057 
3245 2102 2087 2072 2057 2103 2088 2073 2058 
3246 2103 2088 2073 2058 2104 2089 2074 2059 
3247 2104 2089 2074 2059 2105 2090 2075 2060 
3248 2105 2090 2075 2060 1262 1261 1260 1259 
3249 331 291 279 333 3861 3261 3081 3891 
3250 3861 3261 3081 3891 3862 3262 3082 3892 
3251 3862 3262 3082 3892 3863 3263 3083 3893 
3252 3863 3263 3083 3893 3864 3264 3084 3894 
3253 3864 3264 3084 3894 3865 3265 3085 3895 
3254 3865 3265 3085 3895 3866 3266 3086 3896 
3255 3866 3266 3086 3896 3867 3267 3087 3897 
3256 3867 3267 3087 3897 3868 3268 3088 3898 
3257 3868 3268 3088 3898 3869 3269 3089 3899 
3258 3869 3269 3089 3899 3870 3270 3090 3900 
3259 3870 3270 3090 3900 3871 3271 3091 3901 
3260 3871 3271 3091 3901 3872 3272 3092 3902 
3261 3872 3272 3092 3902 3873 3273 3093 3903 
3262 3873 3273 3093 3903 3874 3274 3094 3904 
3263 3874 3274 3094 3904 3875 3275 3095 3905 
3264 3875 3275 3095 3905 1380 1340 1328 1382 
3265 231 233 234 230 2361 2391 2406 2346 
3266 2361 2391 2406 2346 2362 2392 2407 2347 
3267 2362 2392 2407 2347 2363 2393 2408 2348 
3268 2363 2393 2408 2348 2364 2394 2409 2349 
3269 2364 2394 2409 2349 2365 2395 2410 2350 
3270 2365 2395 2410 2350 2366 2396 2411 2351 
3271 2366 2396 2411 2351 2367 2397 2412 2352 
3272 2367 2397 2412 2352 2368 2398 2413 2353 
3273 2368 2398 2413 2353 2369 2399 2414 2354 
3274 2369 2399 2414 2354 2370 2400 2415 2355 
3275 2370 2400 2415 2355 2371 2401 2416 2356 
3276 2371 2401 2416 2356 2372 2402 2417 2357 
3277 2372 2402 2417 2357 2373 2403 2418 2358 
3278 2373 2403 2418 2358 2374 2404 2419 2359 
3279 2374 2404 2419 2359 2375 2405 2420 2360 
3280 2375 2405 2420 2360 1280 1282 1283 1279 
3281 340 270 271 341 3996 2946 2961 4011 
3282 3996 2946 2961 4011 3997 2947 2962 4012 
3283 3997 2947 2962 4012 3998 2948 2963 4013 
3284 3998 2948 2963 4013 3999 2949 2964 4014 
3285 3999 2949 2964 4014 4000 2950 2965 4015 
3286 4000 2950 2965 4015 4001 2951 2966 4016 
3287 4001 2951 2966 4016 4002 2952 2967 4017 
3288 4002 2952 2967 4017 4003 2953 2968 4018 
3289 4003 2953 2968 4018 4004 2954 2969 4019 
3290 4004 2954 2969 4019 4005 2955 2970 4020 
3291 4005 2955 2970 4020 4006 2956 2971 4021 
3292 4006 2956 2971 4021 4007 2957 2972 4022 
3293 4007 2957 2972 4022 4008 2958 2973 4023 
3294 4008 2958 2973 4023 4009 2959 2974 4024 
3295 4009 2959 2974 4024 4010 2960 2975 4025 
3296 4010 2960 2975 4025 1389 1319 1320 1390 
3297 247 253 357 246 2601 2691 4251 2586 
3298 2601 2691 4251 2586 2602 2692 4252 2587 
3299 2602 2692 4252 2587 2603 2693 4253 2588 
3300 2603 2693 4253 2588 2604 2694 4254 2589 
3301 2604 2694 4254 2589 2605 2695 4255 2590 
3302 2605 2695 4255 2590 2606 2696 4256 2591 
3303 2606 2696 4256 2591 2607 2697 4257 2592 
3304 2607 2697 4257 2592 2608 2698 4258 2593 
3305 2608 2698 4258 2593 2609 2699 4259 2594 
3306 2609 2699 4259 2594 2610 2700 4260 2595 
3307 2610 2700 4260 2595 2611 2701 4261 2596 
3308 2611 2701 4261 2596 2612 2702 4262 2597 
3309 2612 2702 4262 2597 2613 2703 4263 2598 
3310 2613 2703 4263 2598 2614 2704 4264 2599 
3311 2614 2704 4264 2599 2615 2705 4265 2600 
3312 2615 2705 4265 2600 1296 1302 1406 1295 
3313 233 343 373 245 2391 4041 4491 2571 
3314 2391 4041 4491 2571 2392 4042 4492 2572 
3315 2392 4042 4492 2572 2393 4043 4493 2573 
3316 2393 4043 4493 2573 2394 4044 4494 2574 
3317 2394 4044 4494 2574 2395 4045 4495 2575 
3318 2395 4045 4495 2575 2396 4046 4496 2576 
3319 2396 4046 4496 2576 2397 4047 4497 2577 
3320 2397 4047 4497 2577 2398 4048 4498 2578 
3321 2398 4048 4498 2578 2399 4049 4499 2579 
3322 2399 4049 4499 2579 2400 4050 4500 2580 
3323 2400 4050 4500 2580 2401 4051 4501 2581 
3324 2401 4051 4501 2581 2402 4052 4502 2582 
3325 2402 4052 4502 2582 2403 4053 4503 2583 
3326 2403 4053 4503 2583 2404 4054 4504 2584 
3327 2404 4054 4504 2584 2405 4055 4505 2585 
3328 2405 4055 4505 2585 1282 1392 1422 1294 
3329 269 299 301 300 2931 3381 3411 3396 
3330 2931 3381 3411 3396 2932 3382 3412 3397 
3331 2932 3382 3412 3397 2933 3383 3413 3398 
3332 2933 3383 3413 3398 2934 3384 3414 3399 
3333 2934 3384 3414 3399 2935 3385 3415 3400 
3334 2935 3385 3415 3400 2936 3386 3416 3401 
3335 2936 3386 3416 3401 2937 3387 3417 3402 
3336 2937 3387 3417 3402 2938 3388 3418 3403 
3337 2938 3388 3418 3403 2939 3389 3419 3404 
3338 2939 3389 3419 3404 2940 3390 3420 3405 
3339 2940 3390 3420 3405 2941 3391 3421 3406 
3340 2941 3391 3421 3406 2942 3392 3422 3407 
3341 2942 3392 3422 3407 2943 3393 3423 3408 
3342 2943 3393 3423 3408 2944 3394 3424 3409 
3343 2944 3394 3424 3409 2945 3395 3425 3410 
3344 2945 3395 3425 3410 1318 1348 1350 1349 
3345 381 369 230 234 4611 4431 2346 2406 
3346 4611 4431 2346 2406 4612 4432 2347 2407 
3347 4612 4432 2347 2407 4613 4433 2348 2408 
3348 4613 4433 2348 2408 4614 4434 2349 2409 
3349 4614 4434 2349 2409 4615 4435 2350 2410 
3350 4615 4435 2350 2410 4616 4436 2351 2411 
3351 4616 4436 2351 2411 4617 4437 2352 2412 
3352 4617 4437 2352 2412 4618 4438 2353 2413 
3353 4618 4438 2353 2413 4619 4439 2354 2414 
3354 4619 4439 2354 2414 4620 4440 2355 2415 
3355 4620 4440 2355 2415 4621 4441 2356 2416 
3356 4621 4441 2356 2416 4622 4442 2357 2417 
3357 4622 4442 2357 2417 4623 4443 2358 2418 
3358 4623 4443 2358 2418 4624 4444 2359 2419 
3359 4624 4444 2359 2419 4625 4445 2360 2420 
3360 4625 4445 2360 2420 1430 1418 1279 1283 
3361 346 300 302 373 4086 3396 3426 4491 
3362 4086 3396 3426 4491 4087 3397 3427 4492 
3363 4087 3397 3427 4492 4088 3398 3428 4493 
3364 4088 3398 3428 4493 4089 3399 3429 4494 
3365 4089 3399 3429 4494 4090 3400 3430 4495 
3366 4090 3400 3430 4495 4091 3401 3431 4496 
3367 4091 3401 3431 4496 4092 3402 3432 4497 
3368 4092 3402 3432 4497 4093 3403 3433 4498 
3369 4093 3403 3433 4498 4094 3404 3434 4499 
3370 4094 3404 3434 4499 4095 3405 3435 4500 
3371 4095 3405 3435 4500 4096 3406 3436 4501 
3372 4096 3406 3436 4501 4097 3407 3437 4502 
3373 4097 3407 3437 4502 4098 3408 3438 4503 
3374 4098 3408 3438 4503 4099 3409 3439 4504 
3375 4099 3409 3439 4504 4100 3410 3440 4505 
3376 4100 3410 3440 4505 1395 1349 1351 1422 
3377 324 315 310 283 3756 3621 3546 3141 
3378 3756 3621 3546 3141 3757 3622 3547 3142 
3379 3757 3622 3547 3142 3758 3623 3548 3143 
3380 3758 3623 3548 3143 3759 3624 3549 3144 
3381 3759 3624 3549 3144 3760 3625 3550 3145 
3382 3760 3625 3550 3145 3761 3626 3551 3146 
3383 3761 3626 3551 3146 3762 3627 3552 3147 
3384 3762 3627 3552 3147 3763 3628 3553 3148 
3385 3763 3628 3553 3148 3764 3629 3554 3149 
3386 3764 3629 3554 3149 3765 3630 3555 3150 
3387 3765 3630 3555 3150 3766 3631 3556 3151 
3388 3766 3631 3556 3151 3767 3632 3557 3152 
3389 3767 3632 3557 3152 3768 3633 3558 3153 
3390 3768 3633 3558 3153 3769 3634 3559 3154 
3391 3769 3634 3559 3154 3770 3635 3560 3155 
3392 3770 3635 3560 3155 1373 1364 1359 1332 
3393 336 290 283 278 3936 3246 3141 3066 
3394 3936 3246 3141 3066 3937 3247 3142 3067 
3395 3937 3247 3142 3067 3938 3248 3143 3068 
3396 3938 3248 3143 3068 3939 3249 3144 3069 
3397 3939 3249 3144 3069 3940 3250 3145 3070 
3398 3940 3250 3145 3070 3941 3251 3146 3071 
3399 3941 3251 3146 3071 3942 3252 3147 3072 
3400 3942 3252 3147 3072 3943 3253 3148 3073 
3401 3943 3253 3148 3073 3944 3254 3149 3074 
3402 3944 3254 3149 3074 3945 3255 3150 3075 
3403 3945 3255 3150 3075 3946 3256 3151 3076 
3404 3946 3256 3151 3076 3947 3257 3152 3077 
3405 3947 3257 3152 3077 3948 3258 3153 3078 
3406 3948 3258 3153 3078 3949 3259 3154 3079 
3407 3949 3259 3154 3079 3950 3260 3155 3080 
3408 3950 3260 3155 3080 1385 1339 1332 1327 
3409 377 379 353 351 4551 4581 4191 4161 
3410 4551 4581 4191 4161 4552 4582 4192 4162 
3411 4552 4582 4192 4162 4553 4583 4193 4163 
3412 4553 4583 4193 4163 4554 4584 4194 4164 
3413 4554 4584 4194 4164 4555 4585 4195 4165 
3414 4555 4585 4195 4165 4556 4586 4196 4166 
3415 4556 4586 4196 4166 4557 4587 4197 4167 
3416 4557 4587 4197 4167 4558 4588 4198 4168 
3417 4558 4588 4198 4168 4559 4589 4199 4169 
3418 4559 4589 4199 4169 4560 4590 4200 4170 
3419 4560 4590 4200 4170 4561 4591 4201 4171 
3420 4561 4591 4201 4171 4562 4592 4202 4172 
3421 4562 4592 4202 4172 4563 4593 4203 4173 
3422 4563 4593 4203 4173 4564 4594 4204 4174 
3423 4564 4594 4204 4174 4565 4595 4205 4175 
3424 4565 4595 4205 4175 1426 1428 1402 1400 
3425 242 243 257 356 2526 2541 2751 4236 
3426 2526 2541 2751 4236 2527 2542 2752 4237 
3427 2527 2542 2752 4237 2528 2543 2753 4238 
3428 2528 2543 2753 4238 2529 2544 2754 4239 
3429 2529 2544 2754 4239 2530 2545 2755 4240 
3430 2530 2545 2755 4240 2531 2546 2756 4241 
3431 2531 2546 2756 4241 2532 2547 2757 4242 
3432 2532 2547 2757 4242 2533 2548 2758 4243 
3433 2533 2548 2758 4243 2534 2549 2759 4244 
3434 2534 2549 2759 4244 2535 2550 2760 4245 
3435 2535 2550 2760 4245 2536 2551 2761 4246 
3436 2536 2551 2761 4246 2537 2552 2762 4247 
3437 2537 2552 2762 4247 2538 2553 2763 4248 
3438 2538 2553 2763 4248 2539 2554 2764 4249 
3439 2539 2554 2764 4249 2540 2555 2765 4250 
3440 2540 2555 2765 4250 1291 1292 1306 1405 
3441 220 372 367 223 2196 4476 4401 2241 
3442 2196 4476 4401 2241 2197 4477 4402 2242 
3443 2197 4477 4402 2242 2198 4478 4403 2243 
3444 2198 4478 4403 2243 2199 4479 4404 2244 
3445 2199 4479 4404 2244 2200 4480 4405 2245 
3446 2200 4480 4405 2245 2201 4481 4406 2246 
3447 2201 4481 4406 2246 2202 4482 4407 2247 
3448 2202 4482 4407 2247 2203 4483 4408 2248 
3449 2203 4483 4408 2248 2204 4484 4409 2249 
3450 2204 4484 4409 2249 2205 4485 4410 2250 
3451 2205 4485 4410 2250 2206 4486 4411 2251 
3452 2206 4486 4411 2251 2207 4487 4412 2252 
3453 2207 4487 4412 2252 2208 4488 4413 2253 
3454 2208 4488 4413 2253 2209 4489 4414 2254 
3455 2209 4489 4414 2254 2210 4490 4415 2255 
3456 2210 4490 4415 2255 1269 1421 1416 1272 
3457 243 246 357 257 2541 2586 4251 2751 
3458 2541 2586 4251 2751 2542 2587 4252 2752 
3459 2542 2587 4252 2752 2543 2588 4253 2753 
3460 2543 2588 4253 2753 2544 2589 4254 2754 
3461 2544 2589 4254 2754 2545 2590 4255 2755 
3462 2545 2590 4255 2755 2546 2591 4256 2756 
3463 2546 2591 4256 2756 2547 2592 4257 2757 
3464 2547 2592 4257 2757 2548 2593 4258 2758 
3465 2548 2593 4258 2758 2549 2594 4259 2759 
3466 2549 2594 4259 2759 2550 2595 4260 2760 
3467 2550 2595 4260 2760 2551 2596 4261 2761 
3468 2551 2596 4261 2761 2552 2597 4262 2762 
3469 2552 2597 4262 2762 2553 2598 4263 2763 
3470 2553 2598 4263 2763 2554 2599 4264 2764 
3471 2554 2599 4264 2764 2555 2600 4265 2765 
3472 2555 2600 4265 2765 1292 1295 1406 1306 
3473 229 230 369 228 2331 2346 4431 2316 
3474 2331 2346 4431 2316 2332 2347 4432 2317 
3475 2332 2347 4432 2317 2333 2348 4433 2318 
3476 2333 2348 4433 2318 2334 2349 4434 2319 
3477 2334 2349 4434 2319 2335 2350 4435 2320 
3478 2335 2350 4435 2320 2336 2351 4436 2321 
3479 2336 2351 4436 2321 2337 2352 4437 2322 
3480 2337 2352 4437 2322 2338 2353 4438 2323 
3481 2338 2353 4438 2323 2339 2354 4439 2324 
3482 2339 2354 4439 2324 2340 2355 4440 2325 
3483 2340 2355 4440 2325 2341 2356 4441 2326 
3484 2341 2356 4441 2326 2342 2357 4442 2327 
3485 2342 2357 4442 2327 2343 2358 4443 2328 
3486 2343 2358 4443 2328 2344 2359 4444 2329 
3487 2344 2359 4444 2329 2345 2360 4445 2330 
3488 2345 2360 4445 2330 1278 1279 1418 1277 
3489 244 370 255 247 2556 4446 2721 2601 
3490 2556 4446 2721 2601 2557 4447 2722 2602 
3491 2557 4447 2722 2602 2558 4448 2723 2603 
3492 2558 4448 2723 2603 2559 4449 2724 2604 
3493 2559 4449 2724 2604 2560 4450 2725 2605 
3494 2560 4450 2725 2605 2561 4451 2726 2606 
3495 2561 4451 2726 2606 2562 4452 2727 2607 
3496 2562 4452 2727 2607 2563 4453 2728 2608 
3497 2563 4453 2728 2608 2564 4454 2729 2609 
3498 2564 4454 2729 2609 2565 4455 2730 2610 
3499 2565 4455 2730 2610 2566 4456 2731 2611 
3500 2566 4456 2731 2611 2567 4457 2732 2612 
3501 2567 4457 2732 2612 2568 4458 2733 2613 
3502 2568 4458 2733 2613 2569 4459 2734 2614 
3503 2569 4459 2734 2614 2570 4460 2735 2615 
3504 2570 4460 2735 2615 1293 1419 1304 1296 
3505 310 266 278 283 3546 2886 3066 3141 
3506 3546 2886 3066 3141 3547 2887 3067 3142 
3507 3547 2887 3067 3142 3548 2888 3068 3143 
3508 3548 2888 3068 3143 3549 2889 3069 3144 
3509 3549 2889 3069 3144 3550 2890 3070 3145 
3510 3550 2890 3070 3145 3551 2891 3071 3146 
3511 3551 2891 3071 3146 3552 2892 3072 3147 
3512 3552 2892 3072 3147 3553 2893 3073 3148 
3513 3553 2893 3073 3148 3554 2894 3074 3149 
3514 3554 2894 3074 3149 3555 2895 3075 3150 
3515 3555 2895 3075 3150 3556 2896 3076 3151 
3516 3556 2896 3076 3151 3557 2897 3077 3152 
3517 3557 2897 3077 3152 3558 2898 3078 3153 
3518 3558 2898 3078 3153 3559 2899 3079 3154 
3519 3559 2899 3079 3154 3560 2900 3080 3155 
3520 3560 2900 3080 3155 1359 1315 1327 1332 
3521 333 279 370 334 3891 3081 4446 3906 
3522 3891 3081 4446 3906 3892 3082 4447 3907 
3523 3892 3082 4447 3907 3893 3083 4448 3908 
3524 3893 3083 4448 3908 3894 3084 4449 3909 
3525 3894 3084 4449 3909 3895 3085 4450 3910 
3526 3895 3085 4450 3910 3896 3086 4451 3911 
3527 3896 3086 4451 3911 3897 3087 4452 3912 
3528 3897 3087 4452 3912 3898 3088 4453 3913 
3529 3898 3088 4453 3913 3899 3089 4454 3914 
3530 3899 3089 4454 3914 3900 3090 4455 3915 
3531 3900 3090 4455 3915 3901 3091 4456 3916 
3532 3901 3091 4456 3916 3902 3092 4457 3917 
3533 3902 3092 4457 3917 3903 3093 4458 3918 
3534 3903 3093 4458 3918 3904 3094 4459 3919 
3535 3904 3094 4459 3919 3905 3095 4460 3920 
3536 3905 3095 4460 3920 1382 1328 1419 1383 
3537 250 272 354 274 2646 2976 4206 3006 
3538 2646 2976 4206 3006 2647 2977 4207 3007 
3539 2647 2977 4207 3007 2648 2978 4208 3008 
3540 2648 2978 4208 3008 2649 2979 4209 3009 
3541 2649 2979 4209 3009 2650 2980 4210 3010 
3542 2650 2980 4210 3010 2651 2981 4211 3011 
3543 2651 2981 4211 3011 2652 2982 4212 3012 
3544 2652 2982 4212 3012 2653 2983 4213 3013 
3545 2653 2983 4213 3013 2654 2984 4214 3014 
3546 2654 2984 4214 3014 2655 2985 4215 3015 
3547 2655 2985 4215 3015 2656 2986 4216 3016 
3548 2656 2986 4216 3016 2657 2987 4217 3017 
3549 2657 2987 4217 3017 2658 2988 4218 3018 
3550 2658 2988 4218 3018 2659 2989 4219 3019 
3551 2659 2989 4219 3019 2660 2990 4220 3020 
3552 2660 2990 4220 3020 1299 1321 1403 1323 
3553 368 314 313 275 4416 3606 3591 3021 
3554 4416 3606 3591 3021 4417 3607 3592 3022 
3555 4417 3607 3592 3022 4418 3608 3593 3023 
3556 4418 3608 3593 3023 4419 3609 3594 3024 
3557 4419 3609 3594 3024 4420 3610 3595 3025 
3558 4420 3610 3595 3025 4421 3611 3596 3026 
3559 4421 3611 3596 3026 4422 3612 3597 3027 
3560 4422 3612 3597 3027 4423 3613 3598 3028 
3561 4423 3613 3598 3028 4424 3614 3599 3029 
3562 4424 3614 3599 3029 4425 3615 3600 3030 
3563 4425 3615 3600 3030 4426 3616 3601 3031 
3564 4426 3616 3601 3031 4427 3617 3602 3032 
3565 4427 3617 3602 3032 4428 3618 3603 3033 
3566 4428 3618 3603 3033 4429 3619 3604 3034 
3567 4429 3619 3604 3034 4430 3620 3605 3035 
3568 4430 3620 3605 3035 1417 1363 1362 1324 
3569 371 357 253 286 4461 4251 2691 3186 
3570 4461 4251 2691 3186 4462 4252 2692 3187 
3571 4462 4252 2692 3187 4463 4253 2693 3188 
3572 4463 4253 2693 3188 4464 4254 2694 3189 
3573 4464 4254 2694 3189 4465 4255 2695 3190 
3574 4465 4255 2695 3190 4466 4256 2696 3191 
3575 4466 4256 2696 3191 4467 4257 2697 3192 
3576 4467 4257 2697 3192 4468 4258 2698 3193 
3577 4468 4258 2698 3193 4469 4259 2699 3194 
3578 4469 4259 2699 3194 4470 4260 2700 3195 
3579 4470 4260 2700 3195 4471 4261 2701 3196 
3580 4471 4261 2701 3196 4472 4262 2702 3197 
3581 4472 4262 2702 3197 4473 4263 2703 3198 
3582 4473 4263 2703 3198 4474 4264 2704 3199 
3583 4474 4264 2704 3199 4475 4265 2705 3200 
3584 4475 4265 2705 3200 1420 1406 1302 1335 
3585 252 251 360 368 2676 2661 4296 4416 
3586 2676 2661 4296 4416 2677 2662 4297 4417 
3587 2677 2662 4297 4417 2678 2663 4298 4418 
3588 2678 2663 4298 4418 2679 2664 4299 4419 
3589 2679 2664 4299 4419 2680 2665 4300 4420 
3590 2680 2665 4300 4420 2681 2666 4301 4421 
3591 2681 2666 4301 4421 2682 2667 4302 4422 
3592 2682 2667 4302 4422 2683 2668 4303 4423 
3593 2683 2668 4303 4423 2684 2669 4304 4424 
3594 2684 2669 4304 4424 2685 2670 4305 4425 
3595 2685 2670 4305 4425 2686 2671 4306 4426 
3596 2686 2671 4306 4426 2687 2672 4307 4427 
3597 2687 2672 4307 4427 2688 2673 4308 4428 
3598 2688 2673 4308 4428 2689 2674 4309 4429 
3599 2689 2674 4309 4429 2690 2675 4310 4430 
3600 2690 2675 4310 4430 1301 1300 1409 1417 
3601 260 255 370 279 2796 2721 4446 3081 
3602 2796 2721 4446 3081 2797 2722 4447 3082 
3603 2797 2722 4447 3082 2798 2723 4448 3083 
3604 2798 2723 4448 3083 2799 2724 4449 3084 
3605 2799 2724 4449 3084 2800 2725 4450 3085 
3606 2800 2725 4450 3085 2801 2726 4451 3086 
3607 2801 2726 4451 3086 2802 2727 4452 3087 
3608 2802 2727 4452 3087 2803 2728 4453 3088 
3609 2803 2728 4453 3088 2804 2729 4454 3089 
3610 2804 2729 4454 3089 2805 2730 4455 3090 
3611 2805 2730 4455 3090 2806 2731 4456 3091 
3612 2806 2731 4456 3091 2807 2732 4457 3092 
3613 2807 2732 4457 3092 2808 2733 4458 3093 
3614 2808 2733 4458 3093 2809 2734 4459 3094 
3615 2809 2734 4459 3094 2810 2735 4460 3095 
3616 2810 2735 4460 3095 1309 1304 1419 1328 
3617 281 356 374 285 3111 4236 4506 3171 
3618 3111 4236 4506 3171 3112 4237 4507 3172 
3619 3112 4237 4507 3172 3113 4238 4508 3173 
3620 3113 4238 4508 3173 3114 4239 4509 3174 
3621 3114 4239 4509 3174 3115 4240 4510 3175 
3622 3115 4240 4510 3175 3116 4241 4511 3176 
3623 3116 4241 4511 3176 3117 4242 4512 3177 
3624 3117 4242 4512 3177 3118 4243 4513 3178 
3625 3118 4243 4513 3178 3119 4244 4514 3179 
3626 3119 4244 4514 3179 3120 4245 4515 3180 
3627 3120 4245 4515 3180 3121 4246 4516 3181 
3628 3121 4246 4516 3181 3122 4247 4517 3182 
3629 3122 4247 4517 3182 3123 4248 4518 3183 
3630 3123 4248 4518 3183 3124 4249 4519 3184 
3631 3124 4249 4519 3184 3125 4250 4520 3185 
3632 3125 4250 4520 3185 1330 1405 1423 1334 
3633 235 346 373 343 2421 4086 4491 4041 
3634 2421 4086 4491 4041 2422 4087 4492 4042 
3635 2422 4087 4492 4042 2423 4088 4493 4043 
3636 2423 4088 4493 4043 2424 4089 4494 4044 
3637 2424 4089 4494 4044 2425 4090 4495 4045 
3638 2425 4090 4495 4045 2426 4091 4496 4046 
3639 2426 4091 4496 4046 2427 4092 4497 4047 
3640 2427 4092 4497 4047 2428 4093 4498 4048 
3641 2428 4093 4498 4048 2429 4094 4499 4049 
3642 2429 4094 4499 4049 2430 4095 4500 4050 
3643 2430 4095 4500 4050 2431 4096 4501 4051 
3644 2431 4096 4501 4051 2432 4097 4502 4052 
3645 2432 4097 4502 4052 2433 4098 4503 4053 
3646 2433 4098 4503 4053 2434 4099 4504 4054 
3647 2434 4099 4504 4054 2435 4100 4505 4055 
3648 2435 4100 4505 4055 1284 1395 1422 1392 
3649 354 355 380 274 4206 4221 4596 3006 
3650 4206 4221 4596 3006 4207 4222 4597 3007 
3651 4207 4222 4597 3007 4208 4223 4598 3008 
3652 4208 4223 4598 3008 4209 4224 4599 3009 
3653 4209 4224 4599 3009 4210 4225 4600 3010 
3654 4210 4225 4600 3010 4211 4226 4601 3011 
3655 4211 4226 4601 3011 4212 4227 4602 3012 
3656 4212 4227 4602 3012 4213 4228 4603 3013 
3657 4213 4228 4603 3013 4214 4229 4604 3014 
3658 4214 4229 4604 3014 4215 4230 4605 3015 
3659 4215 4230 4605 3015 4216 4231 4606 3016 
3660 4216 4231 4606 3016 4217 4232 4607 3017 
3661 4217 4232 4607 3017 4218 4233 4608 3018 
3662 4218 4233 4608 3018 4219 4234 4609 3019 
3663 4219 4234 4609 3019 4220 4235 4610 3020 
3664 4220 4235 4610 3020 1403 1404 1429 1323 
3665 257 357 371 358 2751 4251 4461 4266 
3666 2751 4251 4461 4266 2752 4252 4462 4267 
3667 2752 4252 4462 4267 2753 4253 4463 4268 
3668 2753 4253 4463 4268 2754 4254 4464 4269 
3669 2754 4254 4464 4269 2755 4255 4465 4270 
3670 2755 4255 4465 4270 2756 4256 4466 4271 
3671 2756 4256 4466 4271 2757 4257 4467 4272 
3672 2757 4257 4467 4272 2758 4258 4468 4273 
3673 2758 4258 4468 4273 2759 4259 4469 4274 
3674 2759 4259 4469 4274 2760 4260 4470 4275 
3675 2760 4260 4470 4275 2761 4261 4471 4276 
3676 2761 4261 4471 4276 2762 4262 4472 4277 
3677 2762 4262 4472 4277 2763 4263 4473 4278 
3678 2763 4263 4473 4278 2764 4264 4474 4279 
3679 2764 4264 4474 4279 2765 4265 4475 4280 
3680 2765 4265 4475 4280 1306 1406 1420 1407 
3681 232 262 376 236 2376 2826 4536 2436 
3682 2376 2826 4536 2436 2377 2827 4537 2437 
3683 2377 2827 4537 2437 2378 2828 4538 2438 
3684 2378 2828 4538 2438 2379 2829 4539 2439 
3685 2379 2829 4539 2439 2380 2830 4540 2440 
3686 2380 2830 4540 2440 2381 2831 4541 2441 
3687 2381 2831 4541 2441 2382 2832 4542 2442 
3688 2382 2832 4542 2442 2383 2833 4543 2443 
3689 2383 2833 4543 2443 2384 2834 4544 2444 
3690 2384 2834 4544 2444 2385 2835 4545 2445 
3691 2385 2835 4545 2445 2386 2836 4546 2446 
3692 2386 2836 4546 2446 2387 2837 4547 2447 
3693 2387 2837 4547 2447 2388 2838 4548 2448 
3694 2388 2838 4548 2448 2389 2839 4549 2449 
3695 2389 2839 4549 2449 2390 2840 4550 2450 
3696 2390 2840 4550 2450 1281 1311 1425 1285 
3697 318 41 42 181 3666 922 937 1611 
3698 3666 922 937 1611 3667 923 938 1612 
3699 3667 923 938 1612 3668 924 939 1613 
3700 3668 924 939 1613 3669 925 940 1614 
3701 3669 925 940 1614 3670 926 941 1615 
3702 3670 926 941 1615 3671 927 942 1616 
3703 3671 927 942 1616 3672 928 943 1617 
3704 3672 928 943 1617 3673 929 944 1618 
3705 3673 929 944 1618 3674 930 945 1619 
3706 3674 930 945 1619 3675 931 946 1620 
3707 3675 931 946 1620 3676 932 947 1621 
3708 3676 932 947 1621 3677 933 948 1622 
3709 3677 933 948 1622 3678 934 949 1623 
3710 3678 934 949 1623 3679 935 950 1624 
3711 3679 935 950 1624 3680 936 951 1625 
3712 3680 936 951 1625 1367 93 94 1230 
3713 358 374 356 257 4266 4506 4236 2751 
3714 4266 4506 4236 2751 4267 4507 4237 2752 
3715 4267 4507 4237 2752 4268 4508 4238 2753 
3716 4268 4508 4238 2753 4269 4509 4239 2754 
3717 4269 4509 4239 2754 4270 4510 4240 2755 
3718 4270 4510 4240 2755 4271 4511 4241 2756 
3719 4271 4511 4241 2756 4272 4512 4242 2757 
3720 4272 4512 4242 2757 4273 4513 4243 2758 
3721 4273 4513 4243 2758 4274 4514 4244 2759 
3722 4274 4514 4244 2759 4275 4515 4245 2760 
3723 4275 4515 4245 2760 4276 4516 4246 2761 
3724 4276 4516 4246 2761 4277 4517 4247 2762 
3725 4277 4517 4247 2762 4278 4518 4248 2763 
3726 4278 4518 4248 2763 4279 4519 4249 2764 
3727 4279 4519 4249 2764 4280 4520 4250 2765 
3728 4280 4520 4250 2765 1407 1423 1405 1306 
3729 400 54 55 182 4896 1117 1132 1626 
3730 4896 1117 1132 1626 4897 1118 1133 1627 
3731 4897 1118 1133 1627 4898 1119 1134 1628 
3732 4898 1119 1134 1628 4899 1120 1135 1629 
3733 4899 1120 1135 1629 4900 1121 1136 1630 
3734 4900 1121 1136 1630 4901 1122 1137 1631 
3735 4901 1122 1137 1631 4902 1123 1138 1632 
3736 4902 1123 1138 1632 4903 1124 1139 1633 
3737 4903 1124 1139 1633 4904 1125 1140 1634 
3738 4904 1125 1140 1634 4905 1126 1141 1635 
3739 4905 1126 1141 1635 4906 1127 1142 1636 
3740 4906 1127 1142 1636 4907 1128 1143 1637 
3741 4907 1128 1143 1637 4908 1129 1144 1638 
3742 4908 1129 1144 1638 4909 1130 1145 1639 
3743 4909 1130 1145 1639 4910 1131 1146 1640 
3744 4910 1131 1146 1640 1449 106 107 1231 
3745 294 285 374 320 3306 3171 4506 3696 
3746 3306 3171 4506 3696 3307 3172 4507 3697 
3747 3307 3172 4507 3697 3308 3173 4508 3698 
3748 3308 3173 4508 3698 3309 3174 4509 3699 
3749 3309 3174 4509 3699 3310 3175 4510 3700 
3750 3310 3175 4510 3700 3311 3176 4511 3701 
3751 3311 3176 4511 3701 3312 3177 4512 3702 
3752 3312 3177 4512 3702 3313 3178 4513 3703 
3753 3313 3178 4513 3703 3314 3179 4514 3704 
3754 3314 3179 4514 3704 3315 3180 4515 3705 
3755 3315 3180 4515 3705 3316 3181 4516 3706 
3756 3316 3181 4516 3706 3317 3182 4517 3707 
3757 3317 3182 4517 3707 3318 3183 4518 3708 
3758 3318 3183 4518 3708 3319 3184 4519 3709 
3759 3319 3184 4519 3709 3320 3185 4520 3710 
3760 3320 3185 4520 3710 1343 1334 1423 1369 
3761 181 313 314 318 1611 3591 3606 3666 
3762 1611 3591 3606 3666 1612 3592 3607 3667 
3763 1612 3592 3607 3667 1613 3593 3608 3668 
3764 1613 3593 3608 3668 1614 3594 3609 3669 
3765 1614 3594 3609 3669 1615 3595 3610 3670 
3766 1615 3595 3610 3670 1616 3596 3611 3671 
3767 1616 3596 3611 3671 1617 3597 3612 3672 
3768 1617 3597 3612 3672 1618 3598 3613 3673 
3769 1618 3598 3613 3673 1619 3599 3614 3674 
3770 1619 3599 3614 3674 1620 3600 3615 3675 
3771 1620 3600 3615 3675 1621 3601 3616 3676 
3772 1621 3601 3616 3676 1622 3602 3617 3677 
3773 1622 3602 3617 3677 1623 3603 3618 3678 
3774 1623 3603 3618 3678 1624 3604 3619 3679 
3775 1624 3604 3619 3679 1625 3605 3620 3680 
3776 1625 3605 3620 3680 1230 1362 1363 1367 
3777 248 236 376 249 2616 2436 4536 2631 
3778 2616 2436 4536 2631 2617 2437 4537 2632 
3779 2617 2437 4537 2632 2618 2438 4538 2633 
3780 2618 2438 4538 2633 2619 2439 4539 2634 
3781 2619 2439 4539 2634 2620 2440 4540 2635 
3782 2620 2440 4540 2635 2621 2441 4541 2636 
3783 2621 2441 4541 2636 2622 2442 4542 2637 
3784 2622 2442 4542 2637 2623 2443 4543 2638 
3785 2623 2443 4543 2638 2624 2444 4544 2639 
3786 2624 2444 4544 2639 2625 2445 4545 2640 
3787 2625 2445 4545 2640 2626 2446 4546 2641 
3788 2626 2446 4546 2641 2627 2447 4547 2642 
3789 2627 2447 4547 2642 2628 2448 4548 2643 
3790 2628 2448 4548 2643 2629 2449 4549 2644 
3791 2629 2449 4549 2644 2630 2450 4550 2645 
3792 2630 2450 4550 2645 1297 1285 1425 1298 
3793 271 293 380 303 2961 3291 4596 3441 
3794 2961 3291 4596 3441 2962 3292 4597 3442 
3795 2962 3292 4597 3442 2963 3293 4598 3443 
3796 2963 3293 4598 3443 2964 3294 4599 3444 
3797 2964 3294 4599 3444 2965 3295 4600 3445 
3798 2965 3295 4600 3445 2966 3296 4601 3446 
3799 2966 3296 4601 3446 2967 3297 4602 3447 
3800 2967 3297 4602 3447 2968 3298 4603 3448 
3801 2968 3298 4603 3448 2969 3299 4604 3449 
3802 2969 3299 4604 3449 2970 3300 4605 3450 
3803 2970 3300 4605 3450 2971 3301 4606 3451 
3804 2971 3301 4606 3451 2972 3302 4607 3452 
3805 2972 3302 4607 3452 2973 3303 4608 3453 
3806 2973 3303 4608 3453 2974 3304 4609 3454 
3807 2974 3304 4609 3454 2975 3305 4610 3455 
3808 2975 3305 4610 3455 1320 1342 1429 1352 
3809 327 208 210 211 3801 2016 2046 2061 
3810 3801 2016 2046 2061 3802 2017 2047 2062 
3811 3802 2017 2047 2062 3803 2018 2048 2063 
3812 3803 2018 2048 2063 3804 2019 2049 2064 
3813 3804 2019 2049 2064 3805 2020 2050 2065 
3814 3805 2020 2050 2065 3806 2021 2051 2066 
3815 3806 2021 2051 2066 3807 2022 2052 2067 
3816 3807 2022 2052 2067 3808 2023 2053 2068 
3817 3808 2023 2053 2068 3809 2024 2054 2069 
3818 3809 2024 2054 2069 3810 2025 2055 2070 
3819 3810 2025 2055 2070 3811 2026 2056 2071 
3820 3811 2026 2056 2071 3812 2027 2057 2072 
3821 3812 2027 2057 2072 3813 2028 2058 2073 
3822 3813 2028 2058 2073 3814 2029 2059 2074 
3823 3814 2029 2059 2074 3815 2030 2060 2075 
3824 3815 2030 2060 2075 1376 1257 1259 1260 
3825 249 376 379 270 2631 4536 4581 2946 
3826 2631 4536 4581 2946 2632 4537 4582 2947 
3827 2632 4537 4582 2947 2633 4538 4583 2948 
3828 2633 4538 4583 2948 2634 4539 4584 2949 
3829 2634 4539 4584 2949 2635 4540 4585 2950 
3830 2635 4540 4585 2950 2636 4541 4586 2951 
3831 2636 4541 4586 2951 2637 4542 4587 2952 
3832 2637 4542 4587 2952 2638 4543 4588 2953 
3833 2638 4543 4588 2953 2639 4544 4589 2954 
3834 2639 4544 4589 2954 2640 4545 4590 2955 
3835 2640 4545 4590 2955 2641 4546 4591 2956 
3836 2641 4546 4591 2956 2642 4547 4592 2957 
3837 2642 4547 4592 2957 2643 4548 4593 2958 
3838 2643 4548 4593 2958 2644 4549 4594 2959 
3839 2644 4549 4594 2959 2645 4550 4595 2960 
3840 2645 4550 4595 2960 1298 1425 1428 1319 
3841 379 377 380 293 4581 4551 4596 3291 
3842 4581 4551 4596 3291 4582 4552 4597 3292 
3843 4582 4552 4597 3292 4583 4553 4598 3293 
3844 4583 4553 4598 3293 4584 4554 4599 3294 
3845 4584 4554 4599 3294 4585 4555 4600 3295 
3846 4585 4555 4600 3295 4586 4556 4601 3296 
3847 4586 4556 4601 3296 4587 4557 4602 3297 
3848 4587 4557 4602 3297 4588 4558 4603 3298 
3849 4588 4558 4603 3298 4589 4559 4604 3299 
3850 4589 4559 4604 3299 4590 4560 4605 3300 
3851 4590 4560 4605 3300 4591 4561 4606 3301 
3852 4591 4561 4606 3301 4592 4562 4607 3302 
3853 4592 4562 4607 3302 4593 4563 4608 3303 
3854 4593 4563 4608 3303 4594 4564 4609 3304 
3855 4594 4564 4609 3304 4595 4565 4610 3305 
3856 4595 4565 4610 3305 1428 1426 1429 1342 
3857 238 250 377 351 2466 2646 4551 4161 
3858 2466 2646 4551 4161 2467 2647 4552 4162 
3859 2467 2647 4552 4162 2468 2648 4553 4163 
3860 2468 2648 4553 4163 2469 2649 4554 4164 
3861 2469 2649 4554 4164 2470 2650 4555 4165 
3862 2470 2650 4555 4165 2471 2651 4556 4166 
3863 2471 2651 4556 4166 2472 2652 4557 4167 
3864 2472 2652 4557 4167 2473 2653 4558 4168 
3865 2473 2653 4558 4168 2474 2654 4559 4169 
3866 2474 2654 4559 4169 2475 2655 4560 4170 
3867 2475 2655 4560 4170 2476 2656 4561 4171 
3868 2476 2656 4561 4171 2477 2657 4562 4172 
3869 2477 2657 4562 4172 2478 2658 4563 4173 
3870 2478 2658 4563 4173 2479 2659 4564 4174 
3871 2479 2659 4564 4174 2480 2660 4565 4175 
3872 2480 2660 4565 4175 1287 1299 1426 1400 
3873 397 21 2 195 4851 622 128 1821 
3874 4851 622 128 1821 4852 623 129 1822 
3875 4852 623 129 1822 4853 624 130 1823 
3876 4853 624 130 1823 4854 625 131 1824 
3877 4854 625 131 1824 4855 626 132 1825 
3878 4855 626 132 1825 4856 627 133 1826 
3879 4856 627 133 1826 4857 628 134 1827 
3880 4857 628 134 1827 4858 629 135 1828 
3881 4858 629 135 1828 4859 630 136 1829 
3882 4859 630 136 1829 4860 631 137 1830 
3883 4860 631 137 1830 4861 632 138 1831 
3884 4861 632 138 1831 4862 633 139 1832 
3885 4862 633 139 1832 4863 634 140 1833 
3886 4863 634 140 1833 4864 635 141 1834 
3887 4864 635 141 1834 4865 636 142 1835 
3888 4865 636 142 1835 1446 73 6 1244 
3889 358 375 320 374 4266 4521 3696 4506 
3890 4266 4521 3696 4506 4267 4522 3697 4507 
3891 4267 4522 3697 4507 4268 4523 3698 4508 
3892 4268 4523 3698 4508 4269 4524 3699 4509 
3893 4269 4524 3699 4509 4270 4525 3700 4510 
3894 4270 4525 3700 4510 4271 4526 3701 4511 
3895 4271 4526 3701 4511 4272 4527 3702 4512 
3896 4272 4527 3702 4512 4273 4528 3703 4513 
3897 4273 4528 3703 4513 4274 4529 3704 4514 
3898 4274 4529 3704 4514 4275 4530 3705 4515 
3899 4275 4530 3705 4515 4276 4531 3706 4516 
3900 4276 4531 3706 4516 4277 4532 3707 4517 
3901 4277 4532 3707 4517 4278 4533 3708 4518 
3902 4278 4533 3708 4518 4279 4534 3709 4519 
3903 4279 4534 3709 4519 4280 4535 3710 4520 
3904 4280 4535 3710 4520 1407 1424 1369 1423 
3905 262 353 379 376 2826 4191 4581 4536 
3906 2826 4191 4581 4536 2827 4192 4582 4537 
3907 2827 4192 4582 4537 2828 4193 4583 4538 
3908 2828 4193 4583 4538 2829 4194 4584 4539 
3909 2829 4194 4584 4539 2830 4195 4585 4540 
3910 2830 4195 4585 4540 2831 4196 4586 4541 
3911 2831 4196 4586 4541 2832 4197 4587 4542 
3912 2832 4197 4587 4542 2833 4198 4588 4543 
3913 2833 4198 4588 4543 2834 4199 4589 4544 
3914 2834 4199 4589 4544 2835 4200 4590 4545 
3915 2835 4200 4590 4545 2836 4201 4591 4546 
3916 2836 4201 4591 4546 2837 4202 4592 4547 
3917 2837 4202 4592 4547 2838 4203 4593 4548 
3918 2838 4203 4593 4548 2839 4204 4594 4549 
3919 2839 4204 4594 4549 2840 4205 4595 4550 
3920 2840 4205 4595 4550 1311 1402 1428 1425 
3921 291 378 292 366 3261 4566 3276 4386 
3922 3261 4566 3276 4386 3262 4567 3277 4387 
3923 3262 4567 3277 4387 3263 4568 3278 4388 
3924 3263 4568 3278 4388 3264 4569 3279 4389 
3925 3264 4569 3279 4389 3265 4570 3280 4390 
3926 3265 4570 3280 4390 3266 4571 3281 4391 
3927 3266 4571 3281 4391 3267 4572 3282 4392 
3928 3267 4572 3282 4392 3268 4573 3283 4393 
3929 3268 4573 3283 4393 3269 4574 3284 4394 
3930 3269 4574 3284 4394 3270 4575 3285 4395 
3931 3270 4575 3285 4395 3271 4576 3286 4396 
3932 3271 4576 3286 4396 3272 4577 3287 4397 
3933 3272 4577 3287 4397 3273 4578 3288 4398 
3934 3273 4578 3288 4398 3274 4579 3289 4399 
3935 3274 4579 3289 4399 3275 4580 3290 4400 
3936 3275 4580 3290 4400 1340 1427 1341 1415 
3937 271 270 379 293 2961 2946 4581 3291 
3938 2961 2946 4581 3291 2962 2947 4582 3292 
3939 2962 2947 4582 3292 2963 2948 4583 3293 
3940 2963 2948 4583 3293 2964 2949 4584 3294 
3941 2964 2949 4584 3294 2965 2950 4585 3295 
3942 2965 2950 4585 3295 2966 2951 4586 3296 
3943 2966 2951 4586 3296 2967 2952 4587 3297 
3944 2967 2952 4587 3297 2968 2953 4588 3298 
3945 2968 2953 4588 3298 2969 2954 4589 3299 
3946 2969 2954 4589 3299 2970 2955 4590 3300 
3947 2970 2955 4590 3300 2971 2956 4591 3301 
3948 2971 2956 4591 3301 2972 2957 4592 3302 
3949 2972 2957 4592 3302 2973 2958 4593 3303 
3950 2973 2958 4593 3303 2974 2959 4594 3304 
3951 2974 2959 4594 3304 2975 2960 4595 3305 
3952 2975 2960 4595 3305 1320 1319 1428 1342 
3953 250 274 380 377 2646 3006 4596 4551 
3954 2646 3006 4596 4551 2647 3007 4597 4552 
3955 2647 3007 4597 4552 2648 3008 4598 4553 
3956 2648 3008 4598 4553 2649 3009 4599 4554 
3957 2649 3009 4599 4554 2650 3010 4600 4555 
3958 2650 3010 4600 4555 2651 3011 4601 4556 
3959 2651 3011 4601 4556 2652 3012 4602 4557 
3960 2652 3012 4602 4557 2653 3013 4603 4558 
3961 2653 3013 4603 4558 2654 3014 4604 4559 
3962 2654 3014 4604 4559 2655 3015 4605 4560 
3963 2655 3015 4605 4560 2656 3016 4606 4561 
3964 2656 3016 4606 4561 2657 3017 4607 4562 
3965 2657 3017 4607 4562 2658 3018 4608 4563 
3966 2658 3018 4608 4563 2659 3019 4609 4564 
3967 2659 3019 4609 4564 2660 3020 4610 4565 
3968 2660 3020 4610 4565 1299 1323 1429 1426 
3969 239 240 381 234 2481 2496 4611 2406 
3970 2481 2496 4611 2406 2482 2497 4612 2407 
3971 2482 2497 4612 2407 2483 2498 4613 2408 
3972 2483 2498 4613 2408 2484 2499 4614 2409 
3973 2484 2499 4614 2409 2485 2500 4615 2410 
3974 2485 2500 4615 2410 2486 2501 4616 2411 
3975 2486 2501 4616 2411 2487 2502 4617 2412 
3976 2487 2502 4617 2412 2488 2503 4618 2413 
3977 2488 2503 4618 2413 2489 2504 4619 2414 
3978 2489 2504 4619 2414 2490 2505 4620 2415 
3979 2490 2505 4620 2415 2491 2506 4621 2416 
3980 2491 2506 4621 2416 2492 2507 4622 2417 
3981 2492 2507 4622 2417 2493 2508 4623 2418 
3982 2493 2508 4623 2418 2494 2509 4624 2419 
3983 2494 2509 4624 2419 2495 2510 4625 2420 
3984 2495 2510 4625 2420 1288 1289 1430 1283 
3985 378 209 206 329 4566 2031 1986 3831 
3986 4566 2031 1986 3831 4567 2032 1987 3832 
3987 4567 2032 1987 3832 4568 2033 1988 3833 
3988 4568 2033 1988 3833 4569 2034 1989 3834 
3989 4569 2034 1989 3834 4570 2035 1990 3835 
3990 4570 2035 1990 3835 4571 2036 1991 3836 
3991 4571 2036 1991 3836 4572 2037 1992 3837 
3992 4572 2037 1992 3837 4573 2038 1993 3838 
3993 4573 2038 1993 3838 4574 2039 1994 3839 
3994 4574 2039 1994 3839 4575 2040 1995 3840 
3995 4575 2040 1995 3840 4576 2041 1996 3841 
3996 4576 2041 1996 3841 4577 2042 1997 3842 
3997 4577 2042 1997 3842 4578 2043 1998 3843 
3998 4578 2043 1998 3843 4579 2044 1999 3844 
3999 4579 2044 1999 3844 4580 2045 2000 3845 
4000 4580 2045 2000 3845 1427 1258 1255 1378 
4001 331 210 208 209 3861 2046 2016 2031 
4002 3861 2046 2016 2031 3862 2047 2017 2032 
4003 3862 2047 2017 2032 3863 2048 2018 2033 
4004 3863 2048 2018 2033 3864 2049 2019 2034 
4005 3864 2049 2019 2034 3865 2050 2020 2035 
4006 3865 2050 2020 2035 3866 2051 2021 2036 
4007 3866 2051 2021 2036 3867 2052 2022 2037 
4008 3867 2052 2022 2037 3868 2053 2023 2038 
4009 3868 2053 2023 2038 3869 2054 2024 2039 
4010 3869 2054 2024 2039 3870 2055 2025 2040 
4011 3870 2055 2025 2040 3871 2056 2026 2041 
4012 3871 2056 2026 2041 3872 2057 2027 2042 
4013 3872 2057 2027 2042 3873 2058 2028 2043 
4014 3873 2058 2028 2043 3874 2059 2029 2044 
4015 3874 2059 2029 2044 3875 2060 2030 2045 
4016 3875 2060 2030 2045 1380 1259 1257 1258 
4017 306 382 330 258 3486 4626 3846 2766 
4018 3486 4626 3846 2766 3487 4627 3847 2767 
4019 3487 4627 3847 2767 3488 4628 3848 2768 
4020 3488 4628 3848 2768 3489 4629 3849 2769 
4021 3489 4629 3849 2769 3490 4630 3850 2770 
4022 3490 4630 3850 2770 3491 4631 3851 2771 
4023 3491 4631 3851 2771 3492 4632 3852 2772 
4024 3492 4632 3852 2772 3493 4633 3853 2773 
4025 3493 4633 3853 2773 3494 4634 3854 2774 
4026 3494 4634 3854 2774 3495 4635 3855 2775 
4027 3495 4635 3855 2775 3496 4636 3856 2776 
4028 3496 4636 3856 2776 3497 4637 3857 2777 
4029 3497 4637 3857 2777 3498 4638 3858 2778 
4030 3498 4638 3858 2778 3499 4639 3859 2779 
4031 3499 4639 3859 2779 3500 4640 3860 2780 
4032 3500 4640 3860 2780 1355 1431 1379 1307 
4033 330 381 240 258 3846 4611 2496 2766 
4034 3846 4611 2496 2766 3847 4612 2497 2767 
4035 3847 4612 2497 2767 3848 4613 2498 2768 
4036 3848 4613 2498 2768 3849 4614 2499 2769 
4037 3849 4614 2499 2769 3850 4615 2500 2770 
4038 3850 4615 2500 2770 3851 4616 2501 2771 
4039 3851 4616 2501 2771 3852 4617 2502 2772 
4040 3852 4617 2502 2772 3853 4618 2503 2773 
4041 3853 4618 2503 2773 3854 4619 2504 2774 
4042 3854 4619 2504 2774 3855 4620 2505 2775 
4043 3855 4620 2505 2775 3856 4621 2506 2776 
4044 3856 4621 2506 2776 3857 4622 2507 2777 
4045 3857 4622 2507 2777 3858 4623 2508 2778 
4046 3858 4623 2508 2778 3859 4624 2509 2779 
4047 3859 4624 2509 2779 3860 4625 2510 2780 
4048 3860 4625 2510 2780 1379 1430 1289 1307 
4049 382 207 208 327 4626 2001 2016 3801 
4050 4626 2001 2016 3801 4627 2002 2017 3802 
4051 4627 2002 2017 3802 4628 2003 2018 3803 
4052 4628 2003 2018 3803 4629 2004 2019 3804 
4053 4629 2004 2019 3804 4630 2005 2020 3805 
4054 4630 2005 2020 3805 4631 2006 2021 3806 
4055 4631 2006 2021 3806 4632 2007 2022 3807 
4056 4632 2007 2022 3807 4633 2008 2023 3808 
4057 4633 2008 2023 3808 4634 2009 2024 3809 
4058 4634 2009 2024 3809 4635 2010 2025 3810 
4059 4635 2010 2025 3810 4636 2011 2026 3811 
4060 4636 2011 2026 3811 4637 2012 2027 3812 
4061 4637 2012 2027 3812 4638 2013 2028 3813 
4062 4638 2013 2028 3813 4639 2014 2029 3814 
4063 4639 2014 2029 3814 4640 2015 2030 3815 
4064 4640 2015 2030 3815 1431 1256 1257 1376 
4065 328 330 382 327 3816 3846 4626 3801 
4066 3816 3846 4626 3801 3817 3847 4627 3802 
4067 3817 3847 4627 3802 3818 3848 4628 3803 
4068 3818 3848 4628 3803 3819 3849 4629 3804 
4069 3819 3849 4629 3804 3820 3850 4630 3805 
4070 3820 3850 4630 3805 3821 3851 4631 3806 
4071 3821 3851 4631 3806 3822 3852 4632 3807 
4072 3822 3852 4632 3807 3823 3853 4633 3808 
4073 3823 3853 4633 3808 3824 3854 4634 3809 
4074 3824 3854 4634 3809 3825 3855 4635 3810 
4075 3825 3855 4635 3810 3826 3856 4636 3811 
4076 3826 3856 4636 3811 3827 3857 4637 3812 
4077 3827 3857 4637 3812 3828 3858 4638 3813 
4078 3828 3858 4638 3813 3829 3859 4639 3814 
4079 3829 3859 4639 3814 3830 3860 4640 3815 
4080 3830 3860 4640 3815 1377 1379 1431 1376 
4081 306 258 259 277 3486 2766 2781 3051 
4082 3486 2766 2781 3051 3487 2767 2782 3052 
4083 3487 2767 2782 3052 3488 2768 2783 3053 
4084 3488 2768 2783 3053 3489 2769 2784 3054 
4085 3489 2769 2784 3054 3490 2770 2785 3055 
4086 3490 2770 2785 3055 3491 2771 2786 3056 
4087 3491 2771 2786 3056 3492 2772 2787 3057 
4088 3492 2772 2787 3057 3493 2773 2788 3058 
4089 3493 2773 2788 3058 3494 2774 2789 3059 
4090 3494 2774 2789 3059 3495 2775 2790 3060 
4091 3495 2775 2790 3060 3496 2776 2791 3061 
4092 3496 2776 2791 3061 3497 2777 2792 3062 
4093 3497 2777 2792 3062 3498 2778 2793 3063 
4094 3498 2778 2793 3063 3499 2779 2794 3064 
4095 3499 2779 2794 3064 3500 2780 2795 3065 
4096 3500 2780 2795 3065 1355 1307 1308 1326 
4097 209 208 207 206 2031 2016 2001 1986 
4098 2031 2016 2001 1986 2032 2017 2002 1987 
4099 2032 2017 2002 1987 2033 2018 2003 1988 
4100 2033 2018 2003 1988 2034 2019 2004 1989 
4101 2034 2019 2004 1989 2035 2020 2005 1990 
4102 2035 2020 2005 1990 2036 2021 2006 1991 
4103 2036 2021 2006 1991 2037 2022 2007 1992 
4104 2037 2022 2007 1992 2038 2023 2008 1993 
4105 2038 2023 2008 1993 2039 2024 2009 1994 
4106 2039 2024 2009 1994 2040 2025 2010 1995 
4107 2040 2025 2010 1995 2041 2026 2011 1996 
4108 2041 2026 2011 1996 2042 2027 2012 1997 
4109 2042 2027 2012 1997 2043 2028 2013 1998 
4110 2043 2028 2013 1998 2044 2029 2014 1999 
4111 2044 2029 2014 1999 2045 2030 2015 2000 
4112 2045 2030 2015 2000 1258 1257 1256 1255 
4113 326 204 206 207 3786 1956 1986 2001 
4114 3786 1956 1986 2001 3787 1957 1987 2002 
4115 3787 1957 1987 2002 3788 1958 1988 2003 
4116 3788 1958 1988 2003 3789 1959 1989 2004 
4117 3789 1959 1989 2004 3790 1960 1990 2005 
4118 3790 1960 1990 2005 3791 1961 1991 2006 
4119 3791 1961 1991 2006 3792 1962 1992 2007 
4120 3792 1962 1992 2007 3793 1963 1993 2008 
4121 3793 1963 1993 2008 3794 1964 1994 2009 
4122 3794 1964 1994 2009 3795 1965 1995 2010 
4123 3795 1965 1995 2010 3796 1966 1996 2011 
4124 3796 1966 1996 2011 3797 1967 1997 2012 
4125 3797 1967 1997 2012 3798 1968 1998 2013 
4126 3798 1968 1998 2013 3799 1969 1999 2014 
4127 3799 1969 1999 2014 3800 1970 2000 2015 
4128 3800 1970 2000 2015 1375 1253 1255 1256 
4129 329 206 204 205 3831 1986 1956 1971 
4130 3831 1986 1956 1971 3832 1987 1957 1972 
4131 3832 1987 1957 1972 3833 1988 1958 1973 
4132 3833 1988 1958 1973 3834 1989 1959 1974 
4133 3834 1989 1959 1974 3835 1990 1960 1975 
4134 3835 1990 1960 1975 3836 1991 1961 1976 
4135 3836 1991 1961 1976 3837 1992 1962 1977 
4136 3837 1992 1962 1977 3838 1993 1963 1978 
4137 3838 1993 1963 1978 3839 1994 1964 1979 
4138 3839 1994 1964 1979 3840 1995 1965 1980 
4139 3840 1995 1965 1980 3841 1996 1966 1981 
4140 3841 1996 1966 1981 3842 1997 1967 1982 
4141 3842 1997 1967 1982 3843 1998 1968 1983 
4142 3843 1998 1968 1983 3844 1999 1969 1984 
4143 3844 1999 1969 1984 3845 2000 1970 1985 
4144 3845 2000 1970 1985 1378 1255 1253 1254 
4145 203 326 306 383 1941 3786 3486 4641 
4146 1941 3786 3486 4641 1942 3787 3487 4642 
4147 1942 3787 3487 4642 1943 3788 3488 4643 
4148 1943 3788 3488 4643 1944 3789 3489 4644 
4149 1944 3789 3489 4644 1945 3790 3490 4645 
4150 1945 3790 3490 4645 1946 3791 3491 4646 
4151 1946 3791 3491 4646 1947 3792 3492 4647 
4152 1947 3792 3492 4647 1948 3793 3493 4648 
4153 1948 3793 3493 4648 1949 3794 3494 4649 
4154 1949 3794 3494 4649 1950 3795 3495 4650 
4155 1950 3795 3495 4650 1951 3796 3496 4651 
4156 1951 3796 3496 4651 1952 3797 3497 4652 
4157 1952 3797 3497 4652 1953 3798 3498 4653 
4158 1953 3798 3498 4653 1954 3799 3499 4654 
4159 1954 3799 3499 4654 1955 3800 3500 4655 
4160 1955 3800 3500 4655 1252 1375 1355 1432 
4161 277 305 383 306 3051 3471 4641 3486 
4162 3051 3471 4641 3486 3052 3472 4642 3487 
4163 3052 3472 4642 3487 3053 3473 4643 3488 
4164 3053 3473 4643 3488 3054 3474 4644 3489 
4165 3054 3474 4644 3489 3055 3475 4645 3490 
4166 3055 3475 4645 3490 3056 3476 4646 3491 
4167 3056 3476 4646 3491 3057 3477 4647 3492 
4168 3057 3477 4647 3492 3058 3478 4648 3493 
4169 3058 3478 4648 3493 3059 3479 4649 3494 
4170 3059 3479 4649 3494 3060 3480 4650 3495 
4171 3060 3480 4650 3495 3061 3481 4651 3496 
4172 3061 3481 4651 3496 3062 3482 4652 3497 
4173 3062 3482 4652 3497 3063 3483 4653 3498 
4174 3063 3483 4653 3498 3064 3484 4654 3499 
4175 3064 3484 4654 3499 3065 3485 4655 3500 
4176 3065 3485 4655 3500 1326 1354 1432 1355 
4177 322 205 204 202 3726 1971 1956 1926 
4178 3726 1971 1956 1926 3727 1972 1957 1927 
4179 3727 1972 1957 1927 3728 1973 1958 1928 
4180 3728 1973 1958 1928 3729 1974 1959 1929 
4181 3729 1974 1959 1929 3730 1975 1960 1930 
4182 3730 1975 1960 1930 3731 1976 1961 1931 
4183 3731 1976 1961 1931 3732 1977 1962 1932 
4184 3732 1977 1962 1932 3733 1978 1963 1933 
4185 3733 1978 1963 1933 3734 1979 1964 1934 
4186 3734 1979 1964 1934 3735 1980 1965 1935 
4187 3735 1980 1965 1935 3736 1981 1966 1936 
4188 3736 1981 1966 1936 3737 1982 1967 1937 
4189 3737 1982 1967 1937 3738 1983 1968 1938 
4190 3738 1983 1968 1938 3739 1984 1969 1939 
4191 3739 1984 1969 1939 3740 1985 1970 1940 
4192 3740 1985 1970 1940 1371 1254 1253 1251 
4193 321 383 305 312 3711 4641 3471 3576 
4194 3711 4641 3471 3576 3712 4642 3472 3577 
4195 3712 4642 3472 3577 3713 4643 3473 3578 
4196 3713 4643 3473 3578 3714 4644 3474 3579 
4197 3714 4644 3474 3579 3715 4645 3475 3580 
4198 3715 4645 3475 3580 3716 4646 3476 3581 
4199 3716 4646 3476 3581 3717 4647 3477 3582 
4200 3717 4647 3477 3582 3718 4648 3478 3583 
4201 3718 4648 3478 3583 3719 4649 3479 3584 
4202 3719 4649 3479 3584 3720 4650 3480 3585 
4203 3720 4650 3480 3585 3721 4651 3481 3586 
4204 3721 4651 3481 3586 3722 4652 3482 3587 
4205 3722 4652 3482 3587 3723 4653 3483 3588 
4206 3723 4653 3483 3588 3724 4654 3484 3589 
4207 3724 4654 3484 3589 3725 4655 3485 3590 
4208 3725 4655 3485 3590 1370 1432 1354 1361 
4209 326 203 202 204 3786 1941 1926 1956 
4210 3786 1941 1926 1956 3787 1942 1927 1957 
4211 3787 1942 1927 1957 3788 1943 1928 1958 
4212 3788 1943 1928 1958 3789 1944 1929 1959 
4213 3789 1944 1929 1959 3790 1945 1930 1960 
4214 3790 1945 1930 1960 3791 1946 1931 1961 
4215 3791 1946 1931 1961 3792 1947 1932 1962 
4216 3792 1947 1932 1962 3793 1948 1933 1963 
4217 3793 1948 1933 1963 3794 1949 1934 1964 
4218 3794 1949 1934 1964 3795 1950 1935 1965 
4219 3795 1950 1935 1965 3796 1951 1936 1966 
4220 3796 1951 1936 1966 3797 1952 1937 1967 
4221 3797 1952 1937 1967 3798 1953 1938 1968 
4222 3798 1953 1938 1968 3799 1954 1939 1969 
4223 3799 1954 1939 1969 3800 1955 1940 1970 
4224 3800 1955 1940 1970 1375 1252 1251 1253 
4225 323 322 202 201 3741 3726 1926 1911 
4226 3741 3726 1926 1911 3742 3727 1927 1912 
4227 3742 3727 1927 1912 3743 3728 1928 1913 
4228 3743 3728 1928 1913 3744 3729 1929 1914 
4229 3744 3729 1929 1914 3745 3730 1930 1915 
4230 3745 3730 1930 1915 3746 3731 1931 1916 
4231 3746 3731 1931 1916 3747 3732 1932 1917 
4232 3747 3732 1932 1917 3748 3733 1933 1918 
4233 3748 3733 1933 1918 3749 3734 1934 1919 
4234 3749 3734 1934 1919 3750 3735 1935 1920 
4235 3750 3735 1935 1920 3751 3736 1936 1921 
4236 3751 3736 1936 1921 3752 3737 1937 1922 
4237 3752 3737 1937 1922 3753 3738 1938 1923 
4238 3753 3738 1938 1923 3754 3739 1939 1924 
4239 3754 3739 1939 1924 3755 3740 1940 1925 
4240 3755 3740 1940 1925 1372 1371 1251 1250 
4241 203 200 201 202 1941 1896 1911 1926 
4242 1941 1896 1911 1926 1942 1897 1912 1927 
4243 1942 1897 1912 1927 1943 1898 1913 1928 
4244 1943 1898 1913 1928 1944 1899 1914 1929 
4245 1944 1899 1914 1929 1945 1900 1915 1930 
4246 1945 1900 1915 1930 1946 1901 1916 1931 
4247 1946 1901 1916 1931 1947 1902 1917 1932 
4248 1947 1902 1917 1932 1948 1903 1918 1933 
4249 1948 1903 1918 1933 1949 1904 1919 1934 
4250 1949 1904 1919 1934 1950 1905 1920 1935 
4251 1950 1905 1920 1935 1951 1906 1921 1936 
4252 1951 1906 1921 1936 1952 1907 1922 1937 
4253 1952 1907 1922 1937 1953 1908 1923 1938 
4254 1953 1908 1923 1938 1954 1909 1924 1939 
4255 1954 1909 1924 1939 1955 1910 1925 1940 
4256 1955 1910 1925 1940 1252 1249 1250 1251 
4257 276 319 436 304 3036 3681 5436 3456 
4258 3036 3681 5436 3456 3037 3682 5437 3457 
4259 3037 3682 5437 3457 3038 3683 5438 3458 
4260 3038 3683 5438 3458 3039 3684 5439 3459 
4261 3039 3684 5439 3459 3040 3685 5440 3460 
4262 3040 3685 5440 3460 3041 3686 5441 3461 
4263 3041 3686 5441 3461 3042 3687 5442 3462 
4264 3042 3687 5442 3462 3043 3688 5443 3463 
4265 3043 3688 5443 3463 3044 3689 5444 3464 
4266 3044 3689 5444 3464 3045 3690 5445 3465 
4267 3045 3690 5445 3465 3046 3691 5446 3466 
4268 3046 3691 5446 3466 3047 3692 5447 3467 
4269 3047 3692 5447 3467 3048 3693 5448 3468 
4270 3048 3693 5448 3468 3049 3694 5449 3469 
4271 3049 3694 5449 3469 3050 3695 5450 3470 
4272 3050 3695 5450 3470 1325 1368 1485 1353 
4273 317 198 200 321 3651 1866 1896 3711 
4274 3651 1866 1896 3711 3652 1867 1897 3712 
4275 3652 1867 1897 3712 3653 1868 1898 3713 
4276 3653 1868 1898 3713 3654 1869 1899 3714 
4277 3654 1869 1899 3714 3655 1870 1900 3715 
4278 3655 1870 1900 3715 3656 1871 1901 3716 
4279 3656 1871 1901 3716 3657 1872 1902 3717 
4280 3657 1872 1902 3717 3658 1873 1903 3718 
4281 3658 1873 1903 3718 3659 1874 1904 3719 
4282 3659 1874 1904 3719 3660 1875 1905 3720 
4283 3660 1875 1905 3720 3661 1876 1906 3721 
4284 3661 1876 1906 3721 3662 1877 1907 3722 
4285 3662 1877 1907 3722 3663 1878 1908 3723 
4286 3663 1878 1908 3723 3664 1879 1909 3724 
4287 3664 1879 1909 3724 3665 1880 1910 3725 
4288 3665 1880 1910 3725 1366 1247 1249 1370 
4289 335 384 307 308 3921 4656 3501 3516 
4290 3921 4656 3501 3516 3922 4657 3502 3517 
4291 3922 4657 3502 3517 3923 4658 3503 3518 
4292 3923 4658 3503 3518 3924 4659 3504 3519 
4293 3924 4659 3504 3519 3925 4660 3505 3520 
4294 3925 4660 3505 3520 3926 4661 3506 3521 
4295 3926 4661 3506 3521 3927 4662 3507 3522 
4296 3927 4662 3507 3522 3928 4663 3508 3523 
4297 3928 4663 3508 3523 3929 4664 3509 3524 
4298 3929 4664 3509 3524 3930 4665 3510 3525 
4299 3930 4665 3510 3525 3931 4666 3511 3526 
4300 3931 4666 3511 3526 3932 4667 3512 3527 
4301 3932 4667 3512 3527 3933 4668 3513 3528 
4302 3933 4668 3513 3528 3934 4669 3514 3529 
4303 3934 4669 3514 3529 3935 4670 3515 3530 
4304 3935 4670 3515 3530 1384 1433 1356 1357 
4305 316 192 424 385 3636 1776 5256 4671 
4306 3636 1776 5256 4671 3637 1777 5257 4672 
4307 3637 1777 5257 4672 3638 1778 5258 4673 
4308 3638 1778 5258 4673 3639 1779 5259 4674 
4309 3639 1779 5259 4674 3640 1780 5260 4675 
4310 3640 1780 5260 4675 3641 1781 5261 4676 
4311 3641 1781 5261 4676 3642 1782 5262 4677 
4312 3642 1782 5262 4677 3643 1783 5263 4678 
4313 3643 1783 5263 4678 3644 1784 5264 4679 
4314 3644 1784 5264 4679 3645 1785 5265 4680 
4315 3645 1785 5265 4680 3646 1786 5266 4681 
4316 3646 1786 5266 4681 3647 1787 5267 4682 
4317 3647 1787 5267 4682 3648 1788 5268 4683 
4318 3648 1788 5268 4683 3649 1789 5269 4684 
4319 3649 1789 5269 4684 3650 1790 5270 4685 
4320 3650 1790 5270 4685 1365 1241 1473 1434 
4321 201 200 198 199 1911 1896 1866 1881 
4322 1911 1896 1866 1881 1912 1897 1867 1882 
4323 1912 1897 1867 1882 1913 1898 1868 1883 
4324 1913 1898 1868 1883 1914 1899 1869 1884 
4325 1914 1899 1869 1884 1915 1900 1870 1885 
4326 1915 1900 1870 1885 1916 1901 1871 1886 
4327 1916 1901 1871 1886 1917 1902 1872 1887 
4328 1917 1902 1872 1887 1918 1903 1873 1888 
4329 1918 1903 1873 1888 1919 1904 1874 1889 
4330 1919 1904 1874 1889 1920 1905 1875 1890 
4331 1920 1905 1875 1890 1921 1906 1876 1891 
4332 1921 1906 1876 1891 1922 1907 1877 1892 
4333 1922 1907 1877 1892 1923 1908 1878 1893 
4334 1923 1908 1878 1893 1924 1909 1879 1894 
4335 1924 1909 1879 1894 1925 1910 1880 1895 
4336 1925 1910 1880 1895 1250 1249 1247 1248 
4337 196 407 180 375 1836 5001 1596 4521 
4338 1836 5001 1596 4521 1837 5002 1597 4522 
4339 1837 5002 1597 4522 1838 5003 1598 4523 
4340 1838 5003 1598 4523 1839 5004 1599 4524 
4341 1839 5004 1599 4524 1840 5005 1600 4525 
4342 1840 5005 1600 4525 1841 5006 1601 4526 
4343 1841 5006 1601 4526 1842 5007 1602 4527 
4344 1842 5007 1602 4527 1843 5008 1603 4528 
4345 1843 5008 1603 4528 1844 5009 1604 4529 
4346 1844 5009 1604 4529 1845 5010 1605 4530 
4347 1845 5010 1605 4530 1846 5011 1606 4531 
4348 1846 5011 1606 4531 1847 5012 1607 4532 
4349 1847 5012 1607 4532 1848 5013 1608 4533 
4350 1848 5013 1608 4533 1849 5014 1609 4534 
4351 1849 5014 1609 4534 1850 5015 1610 4535 
4352 1850 5015 1610 4535 1245 1456 1229 1424 
4353 321 312 441 317 3711 3576 5511 3651 
4354 3711 3576 5511 3651 3712 3577 5512 3652 
4355 3712 3577 5512 3652 3713 3578 5513 3653 
4356 3713 3578 5513 3653 3714 3579 5514 3654 
4357 3714 3579 5514 3654 3715 3580 5515 3655 
4358 3715 3580 5515 3655 3716 3581 5516 3656 
4359 3716 3581 5516 3656 3717 3582 5517 3657 
4360 3717 3582 5517 3657 3718 3583 5518 3658 
4361 3718 3583 5518 3658 3719 3584 5519 3659 
4362 3719 3584 5519 3659 3720 3585 5520 3660 
4363 3720 3585 5520 3660 3721 3586 5521 3661 
4364 3721 3586 5521 3661 3722 3587 5522 3662 
4365 3722 3587 5522 3662 3723 3588 5523 3663 
4366 3723 3588 5523 3663 3724 3589 5524 3664 
4367 3724 3589 5524 3664 3725 3590 5525 3665 
4368 3725 3590 5525 3665 1370 1361 1490 1366 
4369 1 395 428 60 113 4821 5316 1207 
4370 113 4821 5316 1207 114 4822 5317 1208 
4371 114 4822 5317 1208 115 4823 5318 1209 
4372 115 4823 5318 1209 116 4824 5319 1210 
4373 116 4824 5319 1210 117 4825 5320 1211 
4374 117 4825 5320 1211 118 4826 5321 1212 
4375 118 4826 5321 1212 119 4827 5322 1213 
4376 119 4827 5322 1213 120 4828 5323 1214 
4377 120 4828 5323 1214 121 4829 5324 1215 
4378 121 4829 5324 1215 122 4830 5325 1216 
4379 122 4830 5325 1216 123 4831 5326 1217 
4380 123 4831 5326 1217 124 4832 5327 1218 
4381 124 4832 5327 1218 125 4833 5328 1219 
4382 125 4833 5328 1219 126 4834 5329 1220 
4383 126 4834 5329 1220 127 4835 5330 1221 
4384 127 4835 5330 1221 5 1444 1477 112 
4385 307 397 195 434 3501 4851 1821 5406 
4386 3501 4851 1821 5406 3502 4852 1822 5407 
4387 3502 4852 1822 5407 3503 4853 1823 5408 
4388 3503 4853 1823 5408 3504 4854 1824 5409 
4389 3504 4854 1824 5409 3505 4855 1825 5410 
4390 3505 4855 1825 5410 3506 4856 1826 5411 
4391 3506 4856 1826 5411 3507 4857 1827 5412 
4392 3507 4857 1827 5412 3508 4858 1828 5413 
4393 3508 4858 1828 5413 3509 4859 1829 5414 
4394 3509 4859 1829 5414 3510 4860 1830 5415 
4395 3510 4860 1830 5415 3511 4861 1831 5416 
4396 3511 4861 1831 5416 3512 4862 1832 5417 
4397 3512 4862 1832 5417 3513 4863 1833 5418 
4398 3513 4863 1833 5418 3514 4864 1834 5419 
4399 3514 4864 1834 5419 3515 4865 1835 5420 
4400 3515 4865 1835 5420 1356 1446 1244 1483 
4401 384 335 316 385 4656 3921 3636 4671 
4402 4656 3921 3636 4671 4657 3922 3637 4672 
4403 4657 3922 3637 4672 4658 3923 3638 4673 
4404 4658 3923 3638 4673 4659 3924 3639 4674 
4405 4659 3924 3639 4674 4660 3925 3640 4675 
4406 4660 3925 3640 4675 4661 3926 3641 4676 
4407 4661 3926 3641 4676 4662 3927 3642 4677 
4408 4662 3927 3642 4677 4663 3928 3643 4678 
4409 4663 3928 3643 4678 4664 3929 3644 4679 
4410 4664 3929 3644 4679 4665 3930 3645 4680 
4411 4665 3930 3645 4680 4666 3931 3646 4681 
4412 4666 3931 3646 4681 4667 3932 3647 4682 
4413 4667 3932 3647 4682 4668 3933 3648 4683 
4414 4668 3933 3648 4683 4669 3934 3649 4684 
4415 4669 3934 3649 4684 4670 3935 3650 4685 
4416 4670 3935 3650 4685 1433 1384 1365 1434 
4417 391 410 332 297 4761 5046 3876 3351 
4418 4761 5046 3876 3351 4762 5047 3877 3352 
4419 4762 5047 3877 3352 4763 5048 3878 3353 
4420 4763 5048 3878 3353 4764 5049 3879 3354 
4421 4764 5049 3879 3354 4765 5050 3880 3355 
4422 4765 5050 3880 3355 4766 5051 3881 3356 
4423 4766 5051 3881 3356 4767 5052 3882 3357 
4424 4767 5052 3882 3357 4768 5053 3883 3358 
4425 4768 5053 3883 3358 4769 5054 3884 3359 
4426 4769 5054 3884 3359 4770 5055 3885 3360 
4427 4770 5055 3885 3360 4771 5056 3886 3361 
4428 4771 5056 3886 3361 4772 5057 3887 3362 
4429 4772 5057 3887 3362 4773 5058 3888 3363 
4430 4773 5058 3888 3363 4774 5059 3889 3364 
4431 4774 5059 3889 3364 4775 5060 3890 3365 
4432 4775 5060 3890 3365 1440 1459 1381 1346 
4433 410 409 176 419 5046 5031 1536 5181 
4434 5046 5031 1536 5181 5047 5032 1537 5182 
4435 5047 5032 1537 5182 5048 5033 1538 5183 
4436 5048 5033 1538 5183 5049 5034 1539 5184 
4437 5049 5034 1539 5184 5050 5035 1540 5185 
4438 5050 5035 1540 5185 5051 5036 1541 5186 
4439 5051 5036 1541 5186 5052 5037 1542 5187 
4440 5052 5037 1542 5187 5053 5038 1543 5188 
4441 5053 5038 1543 5188 5054 5039 1544 5189 
4442 5054 5039 1544 5189 5055 5040 1545 5190 
4443 5055 5040 1545 5190 5056 5041 1546 5191 
4444 5056 5041 1546 5191 5057 5042 1547 5192 
4445 5057 5042 1547 5192 5058 5043 1548 5193 
4446 5058 5043 1548 5193 5059 5044 1549 5194 
4447 5059 5044 1549 5194 5060 5045 1550 5195 
4448 5060 5045 1550 5195 1459 1458 1225 1468 
4449 300 301 386 302 3396 3411 4686 3426 
4450 3396 3411 4686 3426 3397 3412 4687 3427 
4451 3397 3412 4687 3427 3398 3413 4688 3428 
4452 3398 3413 4688 3428 3399 3414 4689 3429 
4453 3399 3414 4689 3429 3400 3415 4690 3430 
4454 3400 3415 4690 3430 3401 3416 4691 3431 
4455 3401 3416 4691 3431 3402 3417 4692 3432 
4456 3402 3417 4692 3432 3403 3418 4693 3433 
4457 3403 3418 4693 3433 3404 3419 4694 3434 
4458 3404 3419 4694 3434 3405 3420 4695 3435 
4459 3405 3420 4695 3435 3406 3421 4696 3436 
4460 3406 3421 4696 3436 3407 3422 4697 3437 
4461 3407 3422 4697 3437 3408 3423 4698 3438 
4462 3408 3423 4698 3438 3409 3424 4699 3439 
4463 3409 3424 4699 3439 3410 3425 4700 3440 
4464 3410 3425 4700 3440 1349 1350 1435 1351 
4465 360 361 399 362 4296 4311 4881 4326 
4466 4296 4311 4881 4326 4297 4312 4882 4327 
4467 4297 4312 4882 4327 4298 4313 4883 4328 
4468 4298 4313 4883 4328 4299 4314 4884 4329 
4469 4299 4314 4884 4329 4300 4315 4885 4330 
4470 4300 4315 4885 4330 4301 4316 4886 4331 
4471 4301 4316 4886 4331 4302 4317 4887 4332 
4472 4302 4317 4887 4332 4303 4318 4888 4333 
4473 4303 4318 4888 4333 4304 4319 4889 4334 
4474 4304 4319 4889 4334 4305 4320 4890 4335 
4475 4305 4320 4890 4335 4306 4321 4891 4336 
4476 4306 4321 4891 4336 4307 4322 4892 4337 
4477 4307 4322 4892 4337 4308 4323 4893 4338 
4478 4308 4323 4893 4338 4309 4324 4894 4339 
4479 4309 4324 4894 4339 4310 4325 4895 4340 
4480 4310 4325 4895 4340 1409 1410 1448 1411 
4481 178 389 355 390 1566 4731 4221 4746 
4482 1566 4731 4221 4746 1567 4732 4222 4747 
4483 1567 4732 4222 4747 1568 4733 4223 4748 
4484 1568 4733 4223 4748 1569 4734 4224 4749 
4485 1569 4734 4224 4749 1570 4735 4225 4750 
4486 1570 4735 4225 4750 1571 4736 4226 4751 
4487 1571 4736 4226 4751 1572 4737 4227 4752 
4488 1572 4737 4227 4752 1573 4738 4228 4753 
4489 1573 4738 4228 4753 1574 4739 4229 4754 
4490 1574 4739 4229 4754 1575 4740 4230 4755 
4491 1575 4740 4230 4755 1576 4741 4231 4756 
4492 1576 4741 4231 4756 1577 4742 4232 4757 
4493 1577 4742 4232 4757 1578 4743 4233 4758 
4494 1578 4743 4233 4758 1579 4744 4234 4759 
4495 1579 4744 4234 4759 1580 4745 4235 4760 
4496 1580 4745 4235 4760 1227 1438 1404 1439 
4497 414 199 185 403 5106 1881 1671 4941 
4498 5106 1881 1671 4941 5107 1882 1672 4942 
4499 5107 1882 1672 4942 5108 1883 1673 4943 
4500 5108 1883 1673 4943 5109 1884 1674 4944 
4501 5109 1884 1674 4944 5110 1885 1675 4945 
4502 5110 1885 1675 4945 5111 1886 1676 4946 
4503 5111 1886 1676 4946 5112 1887 1677 4947 
4504 5112 1887 1677 4947 5113 1888 1678 4948 
4505 5113 1888 1678 4948 5114 1889 1679 4949 
4506 5114 1889 1679 4949 5115 1890 1680 4950 
4507 5115 1890 1680 4950 5116 1891 1681 4951 
4508 5116 1891 1681 4951 5117 1892 1682 4952 
4509 5117 1892 1682 4952 5118 1893 1683 4953 
4510 5118 1893 1683 4953 5119 1894 1684 4954 
4511 5119 1894 1684 4954 5120 1895 1685 4955 
4512 5120 1895 1685 4955 1463 1248 1234 1452 
4513 285 294 413 284 3171 3306 5091 3156 
4514 3171 3306 5091 3156 3172 3307 5092 3157 
4515 3172 3307 5092 3157 3173 3308 5093 3158 
4516 3173 3308 5093 3158 3174 3309 5094 3159 
4517 3174 3309 5094 3159 3175 3310 5095 3160 
4518 3175 3310 5095 3160 3176 3311 5096 3161 
4519 3176 3311 5096 3161 3177 3312 5097 3162 
4520 3177 3312 5097 3162 3178 3313 5098 3163 
4521 3178 3313 5098 3163 3179 3314 5099 3164 
4522 3179 3314 5099 3164 3180 3315 5100 3165 
4523 3180 3315 5100 3165 3181 3316 5101 3166 
4524 3181 3316 5101 3166 3182 3317 5102 3167 
4525 3182 3317 5102 3167 3183 3318 5103 3168 
4526 3183 3318 5103 3168 3184 3319 5104 3169 
4527 3184 3319 5104 3169 3185 3320 5105 3170 
4528 3185 3320 5105 3170 1334 1343 1462 1333 
4529 27 28 183 393 712 727 1641 4791 
4530 712 727 1641 4791 713 728 1642 4792 
4531 713 728 1642 4792 714 729 1643 4793 
4532 714 729 1643 4793 715 730 1644 4794 
4533 715 730 1644 4794 716 731 1645 4795 
4534 716 731 1645 4795 717 732 1646 4796 
4535 717 732 1646 4796 718 733 1647 4797 
4536 718 733 1647 4797 719 734 1648 4798 
4537 719 734 1648 4798 720 735 1649 4799 
4538 720 735 1649 4799 721 736 1650 4800 
4539 721 736 1650 4800 722 737 1651 4801 
4540 722 737 1651 4801 723 738 1652 4802 
4541 723 738 1652 4802 724 739 1653 4803 
4542 724 739 1653 4803 725 740 1654 4804 
4543 725 740 1654 4804 726 741 1655 4805 
4544 726 741 1655 4805 79 80 1232 1442 
4545 324 323 414 325 3756 3741 5106 3771 
4546 3756 3741 5106 3771 3757 3742 5107 3772 
4547 3757 3742 5107 3772 3758 3743 5108 3773 
4548 3758 3743 5108 3773 3759 3744 5109 3774 
4549 3759 3744 5109 3774 3760 3745 5110 3775 
4550 3760 3745 5110 3775 3761 3746 5111 3776 
4551 3761 3746 5111 3776 3762 3747 5112 3777 
4552 3762 3747 5112 3777 3763 3748 5113 3778 
4553 3763 3748 5113 3778 3764 3749 5114 3779 
4554 3764 3749 5114 3779 3765 3750 5115 3780 
4555 3765 3750 5115 3780 3766 3751 5116 3781 
4556 3766 3751 5116 3781 3767 3752 5117 3782 
4557 3767 3752 5117 3782 3768 3753 5118 3783 
4558 3768 3753 5118 3783 3769 3754 5119 3784 
4559 3769 3754 5119 3784 3770 3755 5120 3785 
4560 3770 3755 5120 3785 1373 1372 1463 1374 
4561 403 194 325 414 4941 1806 3771 5106 
4562 4941 1806 3771 5106 4942 1807 3772 5107 
4563 4942 1807 3772 5107 4943 1808 3773 5108 
4564 4943 1808 3773 5108 4944 1809 3774 5109 
4565 4944 1809 3774 5109 4945 1810 3775 5110 
4566 4945 1810 3775 5110 4946 1811 3776 5111 
4567 4946 1811 3776 5111 4947 1812 3777 5112 
4568 4947 1812 3777 5112 4948 1813 3778 5113 
4569 4948 1813 3778 5113 4949 1814 3779 5114 
4570 4949 1814 3779 5114 4950 1815 3780 5115 
4571 4950 1815 3780 5115 4951 1816 3781 5116 
4572 4951 1816 3781 5116 4952 1817 3782 5117 
4573 4952 1817 3782 5117 4953 1818 3783 5118 
4574 4953 1818 3783 5118 4954 1819 3784 5119 
4575 4954 1819 3784 5119 4955 1820 3785 5120 
4576 4955 1820 3785 5120 1452 1243 1374 1463 
4577 303 380 355 389 3441 4596 4221 4731 
4578 3441 4596 4221 4731 3442 4597 4222 4732 
4579 3442 4597 4222 4732 3443 4598 4223 4733 
4580 3443 4598 4223 4733 3444 4599 4224 4734 
4581 3444 4599 4224 4734 3445 4600 4225 4735 
4582 3445 4600 4225 4735 3446 4601 4226 4736 
4583 3446 4601 4226 4736 3447 4602 4227 4737 
4584 3447 4602 4227 4737 3448 4603 4228 4738 
4585 3448 4603 4228 4738 3449 4604 4229 4739 
4586 3449 4604 4229 4739 3450 4605 4230 4740 
4587 3450 4605 4230 4740 3451 4606 4231 4741 
4588 3451 4606 4231 4741 3452 4607 4232 4742 
4589 3452 4607 4232 4742 3453 4608 4233 4743 
4590 3453 4608 4233 4743 3454 4609 4234 4744 
4591 3454 4609 4234 4744 3455 4610 4235 4745 
4592 3455 4610 4235 4745 1352 1429 1404 1438 
4593 375 180 396 320 4521 1596 4836 3696 
4594 4521 1596 4836 3696 4522 1597 4837 3697 
4595 4522 1597 4837 3697 4523 1598 4838 3698 
4596 4523 1598 4838 3698 4524 1599 4839 3699 
4597 4524 1599 4839 3699 4525 1600 4840 3700 
4598 4525 1600 4840 3700 4526 1601 4841 3701 
4599 4526 1601 4841 3701 4527 1602 4842 3702 
4600 4527 1602 4842 3702 4528 1603 4843 3703 
4601 4528 1603 4843 3703 4529 1604 4844 3704 
4602 4529 1604 4844 3704 4530 1605 4845 3705 
4603 4530 1605 4845 3705 4531 1606 4846 3706 
4604 4531 1606 4846 3706 4532 1607 4847 3707 
4605 4532 1607 4847 3707 4533 1608 4848 3708 
4606 4533 1608 4848 3708 4534 1609 4849 3709 
4607 4534 1609 4849 3709 4535 1610 4850 3710 
4608 4535 1610 4850 3710 1424 1229 1445 1369 
4609 311 408 174 441 3561 5016 1506 5511 
4610 3561 5016 1506 5511 3562 5017 1507 5512 
4611 3562 5017 1507 5512 3563 5018 1508 5513 
4612 3563 5018 1508 5513 3564 5019 1509 5514 
4613 3564 5019 1509 5514 3565 5020 1510 5515 
4614 3565 5020 1510 5515 3566 5021 1511 5516 
4615 3566 5021 1511 5516 3567 5022 1512 5517 
4616 3567 5022 1512 5517 3568 5023 1513 5518 
4617 3568 5023 1513 5518 3569 5024 1514 5519 
4618 3569 5024 1514 5519 3570 5025 1515 5520 
4619 3570 5025 1515 5520 3571 5026 1516 5521 
4620 3571 5026 1516 5521 3572 5027 1517 5522 
4621 3572 5027 1517 5522 3573 5028 1518 5523 
4622 3573 5028 1518 5523 3574 5029 1519 5524 
4623 3574 5029 1519 5524 3575 5030 1520 5525 
4624 3575 5030 1520 5525 1360 1457 1223 1490 
4625 421 188 355 354 5211 1716 4221 4206 
4626 5211 1716 4221 4206 5212 1717 4222 4207 
4627 5212 1717 4222 4207 5213 1718 4223 4208 
4628 5213 1718 4223 4208 5214 1719 4224 4209 
4629 5214 1719 4224 4209 5215 1720 4225 4210 
4630 5215 1720 4225 4210 5216 1721 4226 4211 
4631 5216 1721 4226 4211 5217 1722 4227 4212 
4632 5217 1722 4227 4212 5218 1723 4228 4213 
4633 5218 1723 4228 4213 5219 1724 4229 4214 
4634 5219 1724 4229 4214 5220 1725 4230 4215 
4635 5220 1725 4230 4215 5221 1726 4231 4216 
4636 5221 1726 4231 4216 5222 1727 4232 4217 
4637 5222 1727 4232 4217 5223 1728 4233 4218 
4638 5223 1728 4233 4218 5224 1729 4234 4219 
4639 5224 1729 4234 4219 5225 1730 4235 4220 
4640 5225 1730 4235 4220 1470 1237 1404 1403 
4641 311 436 189 408 3561 5436 1731 5016 
4642 3561 5436 1731 5016 3562 5437 1732 5017 
4643 3562 5437 1732 5017 3563 5438 1733 5018 
4644 3563 5438 1733 5018 3564 5439 1734 5019 
4645 3564 5439 1734 5019 3565 5440 1735 5020 
4646 3565 5440 1735 5020 3566 5441 1736 5021 
4647 3566 5441 1736 5021 3567 5442 1737 5022 
4648 3567 5442 1737 5022 3568 5443 1738 5023 
4649 3568 5443 1738 5023 3569 5444 1739 5024 
4650 3569 5444 1739 5024 3570 5445 1740 5025 
4651 3570 5445 1740 5025 3571 5446 1741 5026 
4652 3571 5446 1741 5026 3572 5447 1742 5027 
4653 3572 5447 1742 5027 3573 5448 1743 5028 
4654 3573 5448 1743 5028 3574 5449 1744 5029 
4655 3574 5449 1744 5029 3575 5450 1745 5030 
4656 3575 5450 1745 5030 1360 1485 1238 1457 
4657 413 184 429 388 5091 1656 5331 4716 
4658 5091 1656 5331 4716 5092 1657 5332 4717 
4659 5092 1657 5332 4717 5093 1658 5333 4718 
4660 5093 1658 5333 4718 5094 1659 5334 4719 
4661 5094 1659 5334 4719 5095 1660 5335 4720 
4662 5095 1660 5335 4720 5096 1661 5336 4721 
4663 5096 1661 5336 4721 5097 1662 5337 4722 
4664 5097 1662 5337 4722 5098 1663 5338 4723 
4665 5098 1663 5338 4723 5099 1664 5339 4724 
4666 5099 1664 5339 4724 5100 1665 5340 4725 
4667 5100 1665 5340 4725 5101 1666 5341 4726 
4668 5101 1666 5341 4726 5102 1667 5342 4727 
4669 5102 1667 5342 4727 5103 1668 5343 4728 
4670 5103 1668 5343 4728 5104 1669 5344 4729 
4671 5104 1669 5344 4729 5105 1670 5345 4730 
4672 5105 1670 5345 4730 1462 1233 1478 1437 
4673 316 288 413 388 3636 3216 5091 4716 
4674 3636 3216 5091 4716 3637 3217 5092 4717 
4675 3637 3217 5092 4717 3638 3218 5093 4718 
4676 3638 3218 5093 4718 3639 3219 5094 4719 
4677 3639 3219 5094 4719 3640 3220 5095 4720 
4678 3640 3220 5095 4720 3641 3221 5096 4721 
4679 3641 3221 5096 4721 3642 3222 5097 4722 
4680 3642 3222 5097 4722 3643 3223 5098 4723 
4681 3643 3223 5098 4723 3644 3224 5099 4724 
4682 3644 3224 5099 4724 3645 3225 5100 4725 
4683 3645 3225 5100 4725 3646 3226 5101 4726 
4684 3646 3226 5101 4726 3647 3227 5102 4727 
4685 3647 3227 5102 4727 3648 3228 5103 4728 
4686 3648 3228 5103 4728 3649 3229 5104 4729 
4687 3649 3229 5104 4729 3650 3230 5105 4730 
4688 3650 3230 5105 4730 1365 1337 1462 1437 
4689 412 294 320 396 5076 3306 3696 4836 
4690 5076 3306 3696 4836 5077 3307 3697 4837 
4691 5077 3307 3697 4837 5078 3308 3698 4838 
4692 5078 3308 3698 4838 5079 3309 3699 4839 
4693 5079 3309 3699 4839 5080 3310 3700 4840 
4694 5080 3310 3700 4840 5081 3311 3701 4841 
4695 5081 3311 3701 4841 5082 3312 3702 4842 
4696 5082 3312 3702 4842 5083 3313 3703 4843 
4697 5083 3313 3703 4843 5084 3314 3704 4844 
4698 5084 3314 3704 4844 5085 3315 3705 4845 
4699 5085 3315 3705 4845 5086 3316 3706 4846 
4700 5086 3316 3706 4846 5087 3317 3707 4847 
4701 5087 3317 3707 4847 5088 3318 3708 4848 
4702 5088 3318 3708 4848 5089 3319 3709 4849 
4703 5089 3319 3709 4849 5090 3320 3710 4850 
4704 5090 3320 3710 4850 1461 1343 1369 1445 
4705 199 198 197 185 1881 1866 1851 1671 
4706 1881 1866 1851 1671 1882 1867 1852 1672 
4707 1882 1867 1852 1672 1883 1868 1853 1673 
4708 1883 1868 1853 1673 1884 1869 1854 1674 
4709 1884 1869 1854 1674 1885 1870 1855 1675 
4710 1885 1870 1855 1675 1886 1871 1856 1676 
4711 1886 1871 1856 1676 1887 1872 1857 1677 
4712 1887 1872 1857 1677 1888 1873 1858 1678 
4713 1888 1873 1858 1678 1889 1874 1859 1679 
4714 1889 1874 1859 1679 1890 1875 1860 1680 
4715 1890 1875 1860 1680 1891 1876 1861 1681 
4716 1891 1876 1861 1681 1892 1877 1862 1682 
4717 1892 1877 1862 1682 1893 1878 1863 1683 
4718 1893 1878 1863 1683 1894 1879 1864 1684 
4719 1894 1879 1864 1684 1895 1880 1865 1685 
4720 1895 1880 1865 1685 1248 1247 1246 1234 
4721 196 375 358 427 1836 4521 4266 5301 
4722 1836 4521 4266 5301 1837 4522 4267 5302 
4723 1837 4522 4267 5302 1838 4523 4268 5303 
4724 1838 4523 4268 5303 1839 4524 4269 5304 
4725 1839 4524 4269 5304 1840 4525 4270 5305 
4726 1840 4525 4270 5305 1841 4526 4271 5306 
4727 1841 4526 4271 5306 1842 4527 4272 5307 
4728 1842 4527 4272 5307 1843 4528 4273 5308 
4729 1843 4528 4273 5308 1844 4529 4274 5309 
4730 1844 4529 4274 5309 1845 4530 4275 5310 
4731 1845 4530 4275 5310 1846 4531 4276 5311 
4732 1846 4531 4276 5311 1847 4532 4277 5312 
4733 1847 4532 4277 5312 1848 4533 4278 5313 
4734 1848 4533 4278 5313 1849 4534 4279 5314 
4735 1849 4534 4279 5314 1850 4535 4280 5315 
4736 1850 4535 4280 5315 1245 1424 1407 1476 
4737 287 395 187 417 3201 4821 1701 5151 
4738 3201 4821 1701 5151 3202 4822 1702 5152 
4739 3202 4822 1702 5152 3203 4823 1703 5153 
4740 3203 4823 1703 5153 3204 4824 1704 5154 
4741 3204 4824 1704 5154 3205 4825 1705 5155 
4742 3205 4825 1705 5155 3206 4826 1706 5156 
4743 3206 4826 1706 5156 3207 4827 1707 5157 
4744 3207 4827 1707 5157 3208 4828 1708 5158 
4745 3208 4828 1708 5158 3209 4829 1709 5159 
4746 3209 4829 1709 5159 3210 4830 1710 5160 
4747 3210 4830 1710 5160 3211 4831 1711 5161 
4748 3211 4831 1711 5161 3212 4832 1712 5162 
4749 3212 4832 1712 5162 3213 4833 1713 5163 
4750 3213 4833 1713 5163 3214 4834 1714 5164 
4751 3214 4834 1714 5164 3215 4835 1715 5165 
4752 3215 4835 1715 5165 1336 1444 1236 1466 
4753 307 384 173 397 3501 4656 1491 4851 
4754 3501 4656 1491 4851 3502 4657 1492 4852 
4755 3502 4657 1492 4852 3503 4658 1493 4853 
4756 3503 4658 1493 4853 3504 4659 1494 4854 
4757 3504 4659 1494 4854 3505 4660 1495 4855 
4758 3505 4660 1495 4855 3506 4661 1496 4856 
4759 3506 4661 1496 4856 3507 4662 1497 4857 
4760 3507 4662 1497 4857 3508 4663 1498 4858 
4761 3508 4663 1498 4858 3509 4664 1499 4859 
4762 3509 4664 1499 4859 3510 4665 1500 4860 
4763 3510 4665 1500 4860 3511 4666 1501 4861 
4764 3511 4666 1501 4861 3512 4667 1502 4862 
4765 3512 4667 1502 4862 3513 4668 1503 4863 
4766 3513 4668 1503 4863 3514 4669 1504 4864 
4767 3514 4669 1504 4864 3515 4670 1505 4865 
4768 3515 4670 1505 4865 1356 1433 1222 1446 
4769 386 301 426 387 4686 3411 5286 4701 
4770 4686 3411 5286 4701 4687 3412 5287 4702 
4771 4687 3412 5287 4702 4688 3413 5288 4703 
4772 4688 3413 5288 4703 4689 3414 5289 4704 
4773 4689 3414 5289 4704 4690 3415 5290 4705 
4774 4690 3415 5290 4705 4691 3416 5291 4706 
4775 4691 3416 5291 4706 4692 3417 5292 4707 
4776 4692 3417 5292 4707 4693 3418 5293 4708 
4777 4693 3418 5293 4708 4694 3419 5294 4709 
4778 4694 3419 5294 4709 4695 3420 5295 4710 
4779 4695 3420 5295 4710 4696 3421 5296 4711 
4780 4696 3421 5296 4711 4697 3422 5297 4712 
4781 4697 3422 5297 4712 4698 3423 5298 4713 
4782 4698 3423 5298 4713 4699 3424 5299 4714 
4783 4699 3424 5299 4714 4700 3425 5300 4715 
4784 4700 3425 5300 4715 1435 1350 1475 1436 
4785 313 181 416 319 3591 1611 5136 3681 
4786 3591 1611 5136 3681 3592 1612 5137 3682 
4787 3592 1612 5137 3682 3593 1613 5138 3683 
4788 3593 1613 5138 3683 3594 1614 5139 3684 
4789 3594 1614 5139 3684 3595 1615 5140 3685 
4790 3595 1615 5140 3685 3596 1616 5141 3686 
4791 3596 1616 5141 3686 3597 1617 5142 3687 
4792 3597 1617 5142 3687 3598 1618 5143 3688 
4793 3598 1618 5143 3688 3599 1619 5144 3689 
4794 3599 1619 5144 3689 3600 1620 5145 3690 
4795 3600 1620 5145 3690 3601 1621 5146 3691 
4796 3601 1621 5146 3691 3602 1622 5147 3692 
4797 3602 1622 5147 3692 3603 1623 5148 3693 
4798 3603 1623 5148 3693 3604 1624 5149 3694 
4799 3604 1624 5149 3694 3605 1625 5150 3695 
4800 3605 1625 5150 3695 1362 1230 1465 1368 
4801 387 438 186 386 4701 5466 1686 4686 
4802 4701 5466 1686 4686 4702 5467 1687 4687 
4803 4702 5467 1687 4687 4703 5468 1688 4688 
4804 4703 5468 1688 4688 4704 5469 1689 4689 
4805 4704 5469 1689 4689 4705 5470 1690 4690 
4806 4705 5470 1690 4690 4706 5471 1691 4691 
4807 4706 5471 1691 4691 4707 5472 1692 4692 
4808 4707 5472 1692 4692 4708 5473 1693 4693 
4809 4708 5473 1693 4693 4709 5474 1694 4694 
4810 4709 5474 1694 4694 4710 5475 1695 4695 
4811 4710 5475 1695 4695 4711 5476 1696 4696 
4812 4711 5476 1696 4696 4712 5477 1697 4697 
4813 4712 5477 1697 4697 4713 5478 1698 4698 
4814 4713 5478 1698 4698 4714 5479 1699 4699 
4815 4714 5479 1699 4699 4715 5480 1700 4700 
4816 4715 5480 1700 4700 1436 1487 1235 1435 
4817 421 434 195 411 5211 5406 1821 5061 
4818 5211 5406 1821 5061 5212 5407 1822 5062 
4819 5212 5407 1822 5062 5213 5408 1823 5063 
4820 5213 5408 1823 5063 5214 5409 1824 5064 
4821 5214 5409 1824 5064 5215 5410 1825 5065 
4822 5215 5410 1825 5065 5216 5411 1826 5066 
4823 5216 5411 1826 5066 5217 5412 1827 5067 
4824 5217 5412 1827 5067 5218 5413 1828 5068 
4825 5218 5413 1828 5068 5219 5414 1829 5069 
4826 5219 5414 1829 5069 5220 5415 1830 5070 
4827 5220 5415 1830 5070 5221 5416 1831 5071 
4828 5221 5416 1831 5071 5222 5417 1832 5072 
4829 5222 5417 1832 5072 5223 5418 1833 5073 
4830 5223 5418 1833 5073 5224 5419 1834 5074 
4831 5224 5419 1834 5074 5225 5420 1835 5075 
4832 5225 5420 1835 5075 1470 1483 1244 1460 
4833 177 39 40 402 1551 892 907 4926 
4834 1551 892 907 4926 1552 893 908 4927 
4835 1552 893 908 4927 1553 894 909 4928 
4836 1553 894 909 4928 1554 895 910 4929 
4837 1554 895 910 4929 1555 896 911 4930 
4838 1555 896 911 4930 1556 897 912 4931 
4839 1556 897 912 4931 1557 898 913 4932 
4840 1557 898 913 4932 1558 899 914 4933 
4841 1558 899 914 4933 1559 900 915 4934 
4842 1559 900 915 4934 1560 901 916 4935 
4843 1560 901 916 4935 1561 902 917 4936 
4844 1561 902 917 4936 1562 903 918 4937 
4845 1562 903 918 4937 1563 904 919 4938 
4846 1563 904 919 4938 1564 905 920 4939 
4847 1564 905 920 4939 1565 906 921 4940 
4848 1565 906 921 4940 1226 91 92 1451 
4849 48 185 197 4 1027 1671 1851 158 
4850 1027 1671 1851 158 1028 1672 1852 159 
4851 1028 1672 1852 159 1029 1673 1853 160 
4852 1029 1673 1853 160 1030 1674 1854 161 
4853 1030 1674 1854 161 1031 1675 1855 162 
4854 1031 1675 1855 162 1032 1676 1856 163 
4855 1032 1676 1856 163 1033 1677 1857 164 
4856 1033 1677 1857 164 1034 1678 1858 165 
4857 1034 1678 1858 165 1035 1679 1859 166 
4858 1035 1679 1859 166 1036 1680 1860 167 
4859 1036 1680 1860 167 1037 1681 1861 168 
4860 1037 1681 1861 168 1038 1682 1862 169 
4861 1038 1682 1862 169 1039 1683 1863 170 
4862 1039 1683 1863 170 1040 1684 1864 171 
4863 1040 1684 1864 171 1041 1685 1865 172 
4864 1041 1685 1865 172 100 1234 1246 8 
4865 50 194 403 49 1057 1806 4941 1042 
4866 1057 1806 4941 1042 1058 1807 4942 1043 
4867 1058 1807 4942 1043 1059 1808 4943 1044 
4868 1059 1808 4943 1044 1060 1809 4944 1045 
4869 1060 1809 4944 1045 1061 1810 4945 1046 
4870 1061 1810 4945 1046 1062 1811 4946 1047 
4871 1062 1811 4946 1047 1063 1812 4947 1048 
4872 1063 1812 4947 1048 1064 1813 4948 1049 
4873 1064 1813 4948 1049 1065 1814 4949 1050 
4874 1065 1814 4949 1050 1066 1815 4950 1051 
4875 1066 1815 4950 1051 1067 1816 4951 1052 
4876 1067 1816 4951 1052 1068 1817 4952 1053 
4877 1068 1817 4952 1053 1069 1818 4953 1054 
4878 1069 1818 4953 1054 1070 1819 4954 1055 
4879 1070 1819 4954 1055 1071 1820 4955 1056 
4880 1071 1820 4955 1056 102 1243 1452 101 
4881 37 193 404 36 862 1791 4956 847 
4882 862 1791 4956 847 863 1792 4957 848 
4883 863 1792 4957 848 864 1793 4958 849 
4884 864 1793 4958 849 865 1794 4959 850 
4885 865 1794 4959 850 866 1795 4960 851 
4886 866 1795 4960 851 867 1796 4961 852 
4887 867 1796 4961 852 868 1797 4962 853 
4888 868 1797 4962 853 869 1798 4963 854 
4889 869 1798 4963 854 870 1799 4964 855 
4890 870 1799 4964 855 871 1800 4965 856 
4891 871 1800 4965 856 872 1801 4966 857 
4892 872 1801 4966 857 873 1802 4967 858 
4893 873 1802 4967 858 874 1803 4968 859 
4894 874 1803 4968 859 875 1804 4969 860 
4895 875 1804 4969 860 876 1805 4970 861 
4896 876 1805 4970 861 89 1242 1453 88 
4897 39 177 405 38 892 1551 4971 877 
4898 892 1551 4971 877 893 1552 4972 878 
4899 893 1552 4972 878 894 1553 4973 879 
4900 894 1553 4973 879 895 1554 4974 880 
4901 895 1554 4974 880 896 1555 4975 881 
4902 896 1555 4975 881 897 1556 4976 882 
4903 897 1556 4976 882 898 1557 4977 883 
4904 898 1557 4977 883 899 1558 4978 884 
4905 899 1558 4978 884 900 1559 4979 885 
4906 900 1559 4979 885 901 1560 4980 886 
4907 901 1560 4980 886 902 1561 4981 887 
4908 902 1561 4981 887 903 1562 4982 888 
4909 903 1562 4982 888 904 1563 4983 889 
4910 904 1563 4983 889 905 1564 4984 890 
4911 905 1564 4984 890 906 1565 4985 891 
4912 906 1565 4985 891 91 1226 1454 90 
4913 11 196 406 10 472 1836 4986 457 
4914 472 1836 4986 457 473 1837 4987 458 
4915 473 1837 4987 458 474 1838 4988 459 
4916 474 1838 4988 459 475 1839 4989 460 
4917 475 1839 4989 460 476 1840 4990 461 
4918 476 1840 4990 461 477 1841 4991 462 
4919 477 1841 4991 462 478 1842 4992 463 
4920 478 1842 4992 463 479 1843 4993 464 
4921 479 1843 4993 464 480 1844 4994 465 
4922 480 1844 4994 465 481 1845 4995 466 
4923 481 1845 4995 466 482 1846 4996 467 
4924 482 1846 4996 467 483 1847 4997 468 
4925 483 1847 4997 468 484 1848 4998 469 
4926 484 1848 4998 469 485 1849 4999 470 
4927 485 1849 4999 470 486 1850 5000 471 
4928 486 1850 5000 471 63 1245 1455 62 
4929 13 180 407 12 502 1596 5001 487 
4930 502 1596 5001 487 503 1597 5002 488 
4931 503 1597 5002 488 504 1598 5003 489 
4932 504 1598 5003 489 505 1599 5004 490 
4933 505 1599 5004 490 506 1600 5005 491 
4934 506 1600 5005 491 507 1601 5006 492 
4935 507 1601 5006 492 508 1602 5007 493 
4936 508 1602 5007 493 509 1603 5008 494 
4937 509 1603 5008 494 510 1604 5009 495 
4938 510 1604 5009 495 511 1605 5010 496 
4939 511 1605 5010 496 512 1606 5011 497 
4940 512 1606 5011 497 513 1607 5012 498 
4941 513 1607 5012 498 514 1608 5013 499 
4942 514 1608 5013 499 515 1609 5014 500 
4943 515 1609 5014 500 516 1610 5015 501 
4944 516 1610 5015 501 65 1229 1456 64 
4945 49 403 185 48 1042 4941 1671 1027 
4946 1042 4941 1671 1027 1043 4942 1672 1028 
4947 1043 4942 1672 1028 1044 4943 1673 1029 
4948 1044 4943 1673 1029 1045 4944 1674 1030 
4949 1045 4944 1674 1030 1046 4945 1675 1031 
4950 1046 4945 1675 1031 1047 4946 1676 1032 
4951 1047 4946 1676 1032 1048 4947 1677 1033 
4952 1048 4947 1677 1033 1049 4948 1678 1034 
4953 1049 4948 1678 1034 1050 4949 1679 1035 
4954 1050 4949 1679 1035 1051 4950 1680 1036 
4955 1051 4950 1680 1036 1052 4951 1681 1037 
4956 1052 4951 1681 1037 1053 4952 1682 1038 
4957 1053 4952 1682 1038 1054 4953 1683 1039 
4958 1054 4953 1683 1039 1055 4954 1684 1040 
4959 1055 4954 1684 1040 1056 4955 1685 1041 
4960 1056 4955 1685 1041 101 1452 1234 100 
4961 193 37 38 405 1791 862 877 4971 
4962 1791 862 877 4971 1792 863 878 4972 
4963 1792 863 878 4972 1793 864 879 4973 
4964 1793 864 879 4973 1794 865 880 4974 
4965 1794 865 880 4974 1795 866 881 4975 
4966 1795 866 881 4975 1796 867 882 4976 
4967 1796 867 882 4976 1797 868 883 4977 
4968 1797 868 883 4977 1798 869 884 4978 
4969 1798 869 884 4978 1799 870 885 4979 
4970 1799 870 885 4979 1800 871 886 4980 
4971 1800 871 886 4980 1801 872 887 4981 
4972 1801 872 887 4981 1802 873 888 4982 
4973 1802 873 888 4982 1803 874 889 4983 
4974 1803 874 889 4983 1804 875 890 4984 
4975 1804 875 890 4984 1805 876 891 4985 
4976 1805 876 891 4985 1242 89 90 1454 
4977 36 404 186 35 847 4956 1686 832 
4978 847 4956 1686 832 848 4957 1687 833 
4979 848 4957 1687 833 849 4958 1688 834 
4980 849 4958 1688 834 850 4959 1689 835 
4981 850 4959 1689 835 851 4960 1690 836 
4982 851 4960 1690 836 852 4961 1691 837 
4983 852 4961 1691 837 853 4962 1692 838 
4984 853 4962 1692 838 854 4963 1693 839 
4985 854 4963 1693 839 855 4964 1694 840 
4986 855 4964 1694 840 856 4965 1695 841 
4987 856 4965 1695 841 857 4966 1696 842 
4988 857 4966 1696 842 858 4967 1697 843 
4989 858 4967 1697 843 859 4968 1698 844 
4990 859 4968 1698 844 860 4969 1699 845 
4991 860 4969 1699 845 861 4970 1700 846 
4992 861 4970 1700 846 88 1453 1235 87 
4993 196 11 12 407 1836 472 487 5001 
4994 1836 472 487 5001 1837 473 488 5002 
4995 1837 473 488 5002 1838 474 489 5003 
4996 1838 474 489 5003 1839 475 490 5004 
4997 1839 475 490 5004 1840 476 491 5005 
4998 1840 476 491 5005 1841 477 492 5006 
4999 1841 477 492 5006 1842 478 493 5007 
5000 1842 478 493 5007 1843 479 494 5008 
5001 1843 479 494 5008 1844 480 495 5009 
5002 1844 480 495 5009 1845 481 496 5010 
5003 1845 481 496 5010 1846 482 497 5011 
5004 1846 482 497 5011 1847 483 498 5012 
5005 1847 483 498 5012 1848 484 499 5013 
5006 1848 484 499 5013 1849 485 500 5014 
5007 1849 485 500 5014 1850 486 501 5015 
5008 1850 486 501 5015 1245 63 64 1456 
5009 10 406 187 9 457 4986 1701 442 
5010 457 4986 1701 442 458 4987 1702 443 
5011 458 4987 1702 443 459 4988 1703 444 
5012 459 4988 1703 444 460 4989 1704 445 
5013 460 4989 1704 445 461 4990 1705 446 
5014 461 4990 1705 446 462 4991 1706 447 
5015 462 4991 1706 447 463 4992 1707 448 
5016 463 4992 1707 448 464 4993 1708 449 
5017 464 4993 1708 449 465 4994 1709 450 
5018 465 4994 1709 450 466 4995 1710 451 
5019 466 4995 1710 451 467 4996 1711 452 
5020 467 4996 1711 452 468 4997 1712 453 
5021 468 4997 1712 453 469 4998 1713 454 
5022 469 4998 1713 454 470 4999 1714 455 
5023 470 4999 1714 455 471 5000 1715 456 
5024 471 5000 1715 456 62 1455 1236 61 
5025 189 44 45 408 1731 967 982 5016 
5026 1731 967 982 5016 1732 968 983 5017 
5027 1732 968 983 5017 1733 969 984 5018 
5028 1733 969 984 5018 1734 970 985 5019 
5029 1734 970 985 5019 1735 971 986 5020 
5030 1735 971 986 5020 1736 972 987 5021 
5031 1736 972 987 5021 1737 973 988 5022 
5032 1737 973 988 5022 1738 974 989 5023 
5033 1738 974 989 5023 1739 975 990 5024 
5034 1739 975 990 5024 1740 976 991 5025 
5035 1740 976 991 5025 1741 977 992 5026 
5036 1741 977 992 5026 1742 978 993 5027 
5037 1742 978 993 5027 1743 979 994 5028 
5038 1743 979 994 5028 1744 980 995 5029 
5039 1744 980 995 5029 1745 981 996 5030 
5040 1745 981 996 5030 1238 96 97 1457 
5041 46 174 408 45 997 1506 5016 982 
5042 997 1506 5016 982 998 1507 5017 983 
5043 998 1507 5017 983 999 1508 5018 984 
5044 999 1508 5018 984 1000 1509 5019 985 
5045 1000 1509 5019 985 1001 1510 5020 986 
5046 1001 1510 5020 986 1002 1511 5021 987 
5047 1002 1511 5021 987 1003 1512 5022 988 
5048 1003 1512 5022 988 1004 1513 5023 989 
5049 1004 1513 5023 989 1005 1514 5024 990 
5050 1005 1514 5024 990 1006 1515 5025 991 
5051 1006 1515 5025 991 1007 1516 5026 992 
5052 1007 1516 5026 992 1008 1517 5027 993 
5053 1008 1517 5027 993 1009 1518 5028 994 
5054 1009 1518 5028 994 1010 1519 5029 995 
5055 1010 1519 5029 995 1011 1520 5030 996 
5056 1011 1520 5030 996 98 1223 1457 97 
5057 191 57 58 409 1761 1162 1177 5031 
5058 1761 1162 1177 5031 1762 1163 1178 5032 
5059 1762 1163 1178 5032 1763 1164 1179 5033 
5060 1763 1164 1179 5033 1764 1165 1180 5034 
5061 1764 1165 1180 5034 1765 1166 1181 5035 
5062 1765 1166 1181 5035 1766 1167 1182 5036 
5063 1766 1167 1182 5036 1767 1168 1183 5037 
5064 1767 1168 1183 5037 1768 1169 1184 5038 
5065 1768 1169 1184 5038 1769 1170 1185 5039 
5066 1769 1170 1185 5039 1770 1171 1186 5040 
5067 1770 1171 1186 5040 1771 1172 1187 5041 
5068 1771 1172 1187 5041 1772 1173 1188 5042 
5069 1772 1173 1188 5042 1773 1174 1189 5043 
5070 1773 1174 1189 5043 1774 1175 1190 5044 
5071 1774 1175 1190 5044 1775 1176 1191 5045 
5072 1775 1176 1191 5045 1240 109 110 1458 
5073 59 176 409 58 1192 1536 5031 1177 
5074 1192 1536 5031 1177 1193 1537 5032 1178 
5075 1193 1537 5032 1178 1194 1538 5033 1179 
5076 1194 1538 5033 1179 1195 1539 5034 1180 
5077 1195 1539 5034 1180 1196 1540 5035 1181 
5078 1196 1540 5035 1181 1197 1541 5036 1182 
5079 1197 1541 5036 1182 1198 1542 5037 1183 
5080 1198 1542 5037 1183 1199 1543 5038 1184 
5081 1199 1543 5038 1184 1200 1544 5039 1185 
5082 1200 1544 5039 1185 1201 1545 5040 1186 
5083 1201 1545 5040 1186 1202 1546 5041 1187 
5084 1202 1546 5041 1187 1203 1547 5042 1188 
5085 1203 1547 5042 1188 1204 1548 5043 1189 
5086 1204 1548 5043 1189 1205 1549 5044 1190 
5087 1205 1549 5044 1190 1206 1550 5045 1191 
5088 1206 1550 5045 1191 111 1225 1458 110 
5089 22 411 195 2 637 5061 1821 128 
5090 637 5061 1821 128 638 5062 1822 129 
5091 638 5062 1822 129 639 5063 1823 130 
5092 639 5063 1823 130 640 5064 1824 131 
5093 640 5064 1824 131 641 5065 1825 132 
5094 641 5065 1825 132 642 5066 1826 133 
5095 642 5066 1826 133 643 5067 1827 134 
5096 643 5067 1827 134 644 5068 1828 135 
5097 644 5068 1828 135 645 5069 1829 136 
5098 645 5069 1829 136 646 5070 1830 137 
5099 646 5070 1830 137 647 5071 1831 138 
5100 647 5071 1831 138 648 5072 1832 139 
5101 648 5072 1832 139 649 5073 1833 140 
5102 649 5073 1833 140 650 5074 1834 141 
5103 650 5074 1834 141 651 5075 1835 142 
5104 651 5075 1835 142 74 1460 1244 6 
5105 396 14 15 412 4836 517 532 5076 
5106 4836 517 532 5076 4837 518 533 5077 
5107 4837 518 533 5077 4838 519 534 5078 
5108 4838 519 534 5078 4839 520 535 5079 
5109 4839 520 535 5079 4840 521 536 5080 
5110 4840 521 536 5080 4841 522 537 5081 
5111 4841 522 537 5081 4842 523 538 5082 
5112 4842 523 538 5082 4843 524 539 5083 
5113 4843 524 539 5083 4844 525 540 5084 
5114 4844 525 540 5084 4845 526 541 5085 
5115 4845 526 541 5085 4846 527 542 5086 
5116 4846 527 542 5086 4847 528 543 5087 
5117 4847 528 543 5087 4848 529 544 5088 
5118 4848 529 544 5088 4849 530 545 5089 
5119 4849 530 545 5089 4850 531 546 5090 
5120 4850 531 546 5090 1445 66 67 1461 
5121 16 184 412 15 547 1656 5076 532 
5122 547 1656 5076 532 548 1657 5077 533 
5123 548 1657 5077 533 549 1658 5078 534 
5124 549 1658 5078 534 550 1659 5079 535 
5125 550 1659 5079 535 551 1660 5080 536 
5126 551 1660 5080 536 552 1661 5081 537 
5127 552 1661 5081 537 553 1662 5082 538 
5128 553 1662 5082 538 554 1663 5083 539 
5129 554 1663 5083 539 555 1664 5084 540 
5130 555 1664 5084 540 556 1665 5085 541 
5131 556 1665 5085 541 557 1666 5086 542 
5132 557 1666 5086 542 558 1667 5087 543 
5133 558 1667 5087 543 559 1668 5088 544 
5134 559 1668 5088 544 560 1669 5089 545 
5135 560 1669 5089 545 561 1670 5090 546 
5136 561 1670 5090 546 68 1233 1461 67 
5137 287 295 419 394 3201 3321 5181 4806 
5138 3201 3321 5181 4806 3202 3322 5182 4807 
5139 3202 3322 5182 4807 3203 3323 5183 4808 
5140 3203 3323 5183 4808 3204 3324 5184 4809 
5141 3204 3324 5184 4809 3205 3325 5185 4810 
5142 3205 3325 5185 4810 3206 3326 5186 4811 
5143 3206 3326 5186 4811 3207 3327 5187 4812 
5144 3207 3327 5187 4812 3208 3328 5188 4813 
5145 3208 3328 5188 4813 3209 3329 5189 4814 
5146 3209 3329 5189 4814 3210 3330 5190 4815 
5147 3210 3330 5190 4815 3211 3331 5191 4816 
5148 3211 3331 5191 4816 3212 3332 5192 4817 
5149 3212 3332 5192 4817 3213 3333 5193 4818 
5150 3213 3333 5193 4818 3214 3334 5194 4819 
5151 3214 3334 5194 4819 3215 3335 5195 4820 
5152 3215 3335 5195 4820 1336 1344 1468 1443 
5153 282 284 413 288 3126 3156 5091 3216 
5154 3126 3156 5091 3216 3127 3157 5092 3217 
5155 3127 3157 5092 3217 3128 3158 5093 3218 
5156 3128 3158 5093 3218 3129 3159 5094 3219 
5157 3129 3159 5094 3219 3130 3160 5095 3220 
5158 3130 3160 5095 3220 3131 3161 5096 3221 
5159 3131 3161 5096 3221 3132 3162 5097 3222 
5160 3132 3162 5097 3222 3133 3163 5098 3223 
5161 3133 3163 5098 3223 3134 3164 5099 3224 
5162 3134 3164 5099 3224 3135 3165 5100 3225 
5163 3135 3165 5100 3225 3136 3166 5101 3226 
5164 3136 3166 5101 3226 3137 3167 5102 3227 
5165 3137 3167 5102 3227 3138 3168 5103 3228 
5166 3138 3168 5103 3228 3139 3169 5104 3229 
5167 3139 3169 5104 3229 3140 3170 5105 3230 
5168 3140 3170 5105 3230 1331 1333 1462 1337 
5169 57 191 415 56 1162 1761 5121 1147 
5170 1162 1761 5121 1147 1163 1762 5122 1148 
5171 1163 1762 5122 1148 1164 1763 5123 1149 
5172 1164 1763 5123 1149 1165 1764 5124 1150 
5173 1165 1764 5124 1150 1166 1765 5125 1151 
5174 1166 1765 5125 1151 1167 1766 5126 1152 
5175 1167 1766 5126 1152 1168 1767 5127 1153 
5176 1168 1767 5127 1153 1169 1768 5128 1154 
5177 1169 1768 5128 1154 1170 1769 5129 1155 
5178 1170 1769 5129 1155 1171 1770 5130 1156 
5179 1171 1770 5130 1156 1172 1771 5131 1157 
5180 1172 1771 5131 1157 1173 1772 5132 1158 
5181 1173 1772 5132 1158 1174 1773 5133 1159 
5182 1174 1773 5133 1159 1175 1774 5134 1160 
5183 1175 1774 5134 1160 1176 1775 5135 1161 
5184 1176 1775 5135 1161 109 1240 1464 108 
5185 299 296 422 392 3381 3336 5226 4776 
5186 3381 3336 5226 4776 3382 3337 5227 4777 
5187 3382 3337 5227 4777 3383 3338 5228 4778 
5188 3383 3338 5228 4778 3384 3339 5229 4779 
5189 3384 3339 5229 4779 3385 3340 5230 4780 
5190 3385 3340 5230 4780 3386 3341 5231 4781 
5191 3386 3341 5231 4781 3387 3342 5232 4782 
5192 3387 3342 5232 4782 3388 3343 5233 4783 
5193 3388 3343 5233 4783 3389 3344 5234 4784 
5194 3389 3344 5234 4784 3390 3345 5235 4785 
5195 3390 3345 5235 4785 3391 3346 5236 4786 
5196 3391 3346 5236 4786 3392 3347 5237 4787 
5197 3392 3347 5237 4787 3393 3348 5238 4788 
5198 3393 3348 5238 4788 3394 3349 5239 4789 
5199 3394 3349 5239 4789 3395 3350 5240 4790 
5200 3395 3350 5240 4790 1348 1345 1471 1441 
5201 44 189 416 43 967 1731 5136 952 
5202 967 1731 5136 952 968 1732 5137 953 
5203 968 1732 5137 953 969 1733 5138 954 
5204 969 1733 5138 954 970 1734 5139 955 
5205 970 1734 5139 955 971 1735 5140 956 
5206 971 1735 5140 956 972 1736 5141 957 
5207 972 1736 5141 957 973 1737 5142 958 
5208 973 1737 5142 958 974 1738 5143 959 
5209 974 1738 5143 959 975 1739 5144 960 
5210 975 1739 5144 960 976 1740 5145 961 
5211 976 1740 5145 961 977 1741 5146 962 
5212 977 1741 5146 962 978 1742 5147 963 
5213 978 1742 5147 963 979 1743 5148 964 
5214 979 1743 5148 964 980 1744 5149 965 
5215 980 1744 5149 965 981 1745 5150 966 
5216 981 1745 5150 966 96 1238 1465 95 
5217 30 31 418 190 757 772 5166 1746 
5218 757 772 5166 1746 758 773 5167 1747 
5219 758 773 5167 1747 759 774 5168 1748 
5220 759 774 5168 1748 760 775 5169 1749 
5221 760 775 5169 1749 761 776 5170 1750 
5222 761 776 5170 1750 762 777 5171 1751 
5223 762 777 5171 1751 763 778 5172 1752 
5224 763 778 5172 1752 764 779 5173 1753 
5225 764 779 5173 1753 765 780 5174 1754 
5226 765 780 5174 1754 766 781 5175 1755 
5227 766 781 5175 1755 767 782 5176 1756 
5228 767 782 5176 1756 768 783 5177 1757 
5229 768 783 5177 1757 769 784 5178 1758 
5230 769 784 5178 1758 770 785 5179 1759 
5231 770 785 5179 1759 771 786 5180 1760 
5232 771 786 5180 1760 82 83 1467 1239 
5233 341 398 422 340 4011 4866 5226 3996 
5234 4011 4866 5226 3996 4012 4867 5227 3997 
5235 4012 4867 5227 3997 4013 4868 5228 3998 
5236 4013 4868 5228 3998 4014 4869 5229 3999 
5237 4014 4869 5229 3999 4015 4870 5230 4000 
5238 4015 4870 5230 4000 4016 4871 5231 4001 
5239 4016 4871 5231 4001 4017 4872 5232 4002 
5240 4017 4872 5232 4002 4018 4873 5233 4003 
5241 4018 4873 5233 4003 4019 4874 5234 4004 
5242 4019 4874 5234 4004 4020 4875 5235 4005 
5243 4020 4875 5235 4005 4021 4876 5236 4006 
5244 4021 4876 5236 4006 4022 4877 5237 4007 
5245 4022 4877 5237 4007 4023 4878 5238 4008 
5246 4023 4878 5238 4008 4024 4879 5239 4009 
5247 4024 4879 5239 4009 4025 4880 5240 4010 
5248 4025 4880 5240 4010 1390 1447 1471 1389 
5249 302 386 432 365 3426 4686 5376 4371 
5250 3426 4686 5376 4371 3427 4687 5377 4372 
5251 3427 4687 5377 4372 3428 4688 5378 4373 
5252 3428 4688 5378 4373 3429 4689 5379 4374 
5253 3429 4689 5379 4374 3430 4690 5380 4375 
5254 3430 4690 5380 4375 3431 4691 5381 4376 
5255 3431 4691 5381 4376 3432 4692 5382 4377 
5256 3432 4692 5382 4377 3433 4693 5383 4378 
5257 3433 4693 5383 4378 3434 4694 5384 4379 
5258 3434 4694 5384 4379 3435 4695 5385 4380 
5259 3435 4695 5385 4380 3436 4696 5386 4381 
5260 3436 4696 5386 4381 3437 4697 5387 4382 
5261 3437 4697 5387 4382 3438 4698 5388 4383 
5262 3438 4698 5388 4383 3439 4699 5389 4384 
5263 3439 4699 5389 4384 3440 4700 5390 4385 
5264 3440 4700 5390 4385 1351 1435 1481 1414 
5265 193 399 432 404 1791 4881 5376 4956 
5266 1791 4881 5376 4956 1792 4882 5377 4957 
5267 1792 4882 5377 4957 1793 4883 5378 4958 
5268 1793 4883 5378 4958 1794 4884 5379 4959 
5269 1794 4884 5379 4959 1795 4885 5380 4960 
5270 1795 4885 5380 4960 1796 4886 5381 4961 
5271 1796 4886 5381 4961 1797 4887 5382 4962 
5272 1797 4887 5382 4962 1798 4888 5383 4963 
5273 1798 4888 5383 4963 1799 4889 5384 4964 
5274 1799 4889 5384 4964 1800 4890 5385 4965 
5275 1800 4890 5385 4965 1801 4891 5386 4966 
5276 1801 4891 5386 4966 1802 4892 5387 4967 
5277 1802 4892 5387 4967 1803 4893 5388 4968 
5278 1803 4893 5388 4968 1804 4894 5389 4969 
5279 1804 4894 5389 4969 1805 4895 5390 4970 
5280 1805 4895 5390 4970 1242 1448 1481 1453 
5281 314 430 402 318 3606 5346 4926 3666 
5282 3606 5346 4926 3666 3607 5347 4927 3667 
5283 3607 5347 4927 3667 3608 5348 4928 3668 
5284 3608 5348 4928 3668 3609 5349 4929 3669 
5285 3609 5349 4929 3669 3610 5350 4930 3670 
5286 3610 5350 4930 3670 3611 5351 4931 3671 
5287 3611 5351 4931 3671 3612 5352 4932 3672 
5288 3612 5352 4932 3672 3613 5353 4933 3673 
5289 3613 5353 4933 3673 3614 5354 4934 3674 
5290 3614 5354 4934 3674 3615 5355 4935 3675 
5291 3615 5355 4935 3675 3616 5356 4936 3676 
5292 3616 5356 4936 3676 3617 5357 4937 3677 
5293 3617 5357 4937 3677 3618 5358 4938 3678 
5294 3618 5358 4938 3678 3619 5359 4939 3679 
5295 3619 5359 4939 3679 3620 5360 4940 3680 
5296 3620 5360 4940 3680 1363 1479 1451 1367 
5297 20 173 424 19 607 1491 5256 592 
5298 607 1491 5256 592 608 1492 5257 593 
5299 608 1492 5257 593 609 1493 5258 594 
5300 609 1493 5258 594 610 1494 5259 595 
5301 610 1494 5259 595 611 1495 5260 596 
5302 611 1495 5260 596 612 1496 5261 597 
5303 612 1496 5261 597 613 1497 5262 598 
5304 613 1497 5262 598 614 1498 5263 599 
5305 614 1498 5263 599 615 1499 5264 600 
5306 615 1499 5264 600 616 1500 5265 601 
5307 616 1500 5265 601 617 1501 5266 602 
5308 617 1501 5266 602 618 1502 5267 603 
5309 618 1502 5267 603 619 1503 5268 604 
5310 619 1503 5268 604 620 1504 5269 605 
5311 620 1504 5269 605 621 1505 5270 606 
5312 621 1505 5270 606 72 1222 1473 71 
5313 297 347 439 391 3351 4101 5481 4761 
5314 3351 4101 5481 4761 3352 4102 5482 4762 
5315 3352 4102 5482 4762 3353 4103 5483 4763 
5316 3353 4103 5483 4763 3354 4104 5484 4764 
5317 3354 4104 5484 4764 3355 4105 5485 4765 
5318 3355 4105 5485 4765 3356 4106 5486 4766 
5319 3356 4106 5486 4766 3357 4107 5487 4767 
5320 3357 4107 5487 4767 3358 4108 5488 4768 
5321 3358 4108 5488 4768 3359 4109 5489 4769 
5322 3359 4109 5489 4769 3360 4110 5490 4770 
5323 3360 4110 5490 4770 3361 4111 5491 4771 
5324 3361 4111 5491 4771 3362 4112 5492 4772 
5325 3362 4112 5492 4772 3363 4113 5493 4773 
5326 3363 4113 5493 4773 3364 4114 5494 4774 
5327 3364 4114 5494 4774 3365 4115 5495 4775 
5328 3365 4115 5495 4775 1346 1396 1488 1440 
5329 28 29 425 183 727 742 5271 1641 
5330 727 742 5271 1641 728 743 5272 1642 
5331 728 743 5272 1642 729 744 5273 1643 
5332 729 744 5273 1643 730 745 5274 1644 
5333 730 745 5274 1644 731 746 5275 1645 
5334 731 746 5275 1645 732 747 5276 1646 
5335 732 747 5276 1646 733 748 5277 1647 
5336 733 748 5277 1647 734 749 5278 1648 
5337 734 749 5278 1648 735 750 5279 1649 
5338 735 750 5279 1649 736 751 5280 1650 
5339 736 751 5280 1650 737 752 5281 1651 
5340 737 752 5281 1651 738 753 5282 1652 
5341 738 753 5282 1652 739 754 5283 1653 
5342 739 754 5283 1653 740 755 5284 1654 
5343 740 755 5284 1654 741 756 5285 1655 
5344 741 756 5285 1655 80 81 1474 1232 
5345 199 414 323 201 1881 5106 3741 1911 
5346 1881 5106 3741 1911 1882 5107 3742 1912 
5347 1882 5107 3742 1912 1883 5108 3743 1913 
5348 1883 5108 3743 1913 1884 5109 3744 1914 
5349 1884 5109 3744 1914 1885 5110 3745 1915 
5350 1885 5110 3745 1915 1886 5111 3746 1916 
5351 1886 5111 3746 1916 1887 5112 3747 1917 
5352 1887 5112 3747 1917 1888 5113 3748 1918 
5353 1888 5113 3748 1918 1889 5114 3749 1919 
5354 1889 5114 3749 1919 1890 5115 3750 1920 
5355 1890 5115 3750 1920 1891 5116 3751 1921 
5356 1891 5116 3751 1921 1892 5117 3752 1922 
5357 1892 5117 3752 1922 1893 5118 3753 1923 
5358 1893 5118 3753 1923 1894 5119 3754 1924 
5359 1894 5119 3754 1924 1895 5120 3755 1925 
5360 1895 5120 3755 1925 1248 1463 1372 1250 
5361 18 192 429 17 577 1776 5331 562 
5362 577 1776 5331 562 578 1777 5332 563 
5363 578 1777 5332 563 579 1778 5333 564 
5364 579 1778 5333 564 580 1779 5334 565 
5365 580 1779 5334 565 581 1780 5335 566 
5366 581 1780 5335 566 582 1781 5336 567 
5367 582 1781 5336 567 583 1782 5337 568 
5368 583 1782 5337 568 584 1783 5338 569 
5369 584 1783 5338 569 585 1784 5339 570 
5370 585 1784 5339 570 586 1785 5340 571 
5371 586 1785 5340 571 587 1786 5341 572 
5372 587 1786 5341 572 588 1787 5342 573 
5373 588 1787 5342 573 589 1788 5343 574 
5374 589 1788 5343 574 590 1789 5344 575 
5375 590 1789 5344 575 591 1790 5345 576 
5376 591 1790 5345 576 70 1241 1478 69 
5377 194 431 179 325 1806 5361 1581 3771 
5378 1806 5361 1581 3771 1807 5362 1582 3772 
5379 1807 5362 1582 3772 1808 5363 1583 3773 
5380 1808 5363 1583 3773 1809 5364 1584 3774 
5381 1809 5364 1584 3774 1810 5365 1585 3775 
5382 1810 5365 1585 3775 1811 5366 1586 3776 
5383 1811 5366 1586 3776 1812 5367 1587 3777 
5384 1812 5367 1587 3777 1813 5368 1588 3778 
5385 1813 5368 1588 3778 1814 5369 1589 3779 
5386 1814 5369 1589 3779 1815 5370 1590 3780 
5387 1815 5370 1590 3780 1816 5371 1591 3781 
5388 1816 5371 1591 3781 1817 5372 1592 3782 
5389 1817 5372 1592 3782 1818 5373 1593 3783 
5390 1818 5373 1593 3783 1819 5374 1594 3784 
5391 1819 5374 1594 3784 1820 5375 1595 3785 
5392 1820 5375 1595 3785 1243 1480 1228 1374 
5393 303 401 393 309 3441 4911 4791 3531 
5394 3441 4911 4791 3531 3442 4912 4792 3532 
5395 3442 4912 4792 3532 3443 4913 4793 3533 
5396 3443 4913 4793 3533 3444 4914 4794 3534 
5397 3444 4914 4794 3534 3445 4915 4795 3535 
5398 3445 4915 4795 3535 3446 4916 4796 3536 
5399 3446 4916 4796 3536 3447 4917 4797 3537 
5400 3447 4917 4797 3537 3448 4918 4798 3538 
5401 3448 4918 4798 3538 3449 4919 4799 3539 
5402 3449 4919 4799 3539 3450 4920 4800 3540 
5403 3450 4920 4800 3540 3451 4921 4801 3541 
5404 3451 4921 4801 3541 3452 4922 4802 3542 
5405 3452 4922 4802 3542 3453 4923 4803 3543 
5406 3453 4923 4803 3543 3454 4924 4804 3544 
5407 3454 4924 4804 3544 3455 4925 4805 3545 
5408 3455 4925 4805 3545 1352 1450 1442 1358 
5409 182 55 56 415 1626 1132 1147 5121 
5410 1626 1132 1147 5121 1627 1133 1148 5122 
5411 1627 1133 1148 5122 1628 1134 1149 5123 
5412 1628 1134 1149 5123 1629 1135 1150 5124 
5413 1629 1135 1150 5124 1630 1136 1151 5125 
5414 1630 1136 1151 5125 1631 1137 1152 5126 
5415 1631 1137 1152 5126 1632 1138 1153 5127 
5416 1632 1138 1153 5127 1633 1139 1154 5128 
5417 1633 1139 1154 5128 1634 1140 1155 5129 
5418 1634 1140 1155 5129 1635 1141 1156 5130 
5419 1635 1141 1156 5130 1636 1142 1157 5131 
5420 1636 1142 1157 5131 1637 1143 1158 5132 
5421 1637 1143 1158 5132 1638 1144 1159 5133 
5422 1638 1144 1159 5133 1639 1145 1160 5134 
5423 1639 1145 1160 5134 1640 1146 1161 5135 
5424 1640 1146 1161 5135 1231 107 108 1464 
5425 52 179 431 51 1087 1581 5361 1072 
5426 1087 1581 5361 1072 1088 1582 5362 1073 
5427 1088 1582 5362 1073 1089 1583 5363 1074 
5428 1089 1583 5363 1074 1090 1584 5364 1075 
5429 1090 1584 5364 1075 1091 1585 5365 1076 
5430 1091 1585 5365 1076 1092 1586 5366 1077 
5431 1092 1586 5366 1077 1093 1587 5367 1078 
5432 1093 1587 5367 1078 1094 1588 5368 1079 
5433 1094 1588 5368 1079 1095 1589 5369 1080 
5434 1095 1589 5369 1080 1096 1590 5370 1081 
5435 1096 1590 5370 1081 1097 1591 5371 1082 
5436 1097 1591 5371 1082 1098 1592 5372 1083 
5437 1098 1592 5372 1083 1099 1593 5373 1084 
5438 1099 1593 5373 1084 1100 1594 5374 1085 
5439 1100 1594 5374 1085 1101 1595 5375 1086 
5440 1101 1595 5375 1086 104 1228 1480 103 
5441 22 23 433 188 637 652 5391 1716 
5442 637 652 5391 1716 638 653 5392 1717 
5443 638 653 5392 1717 639 654 5393 1718 
5444 639 654 5393 1718 640 655 5394 1719 
5445 640 655 5394 1719 641 656 5395 1720 
5446 641 656 5395 1720 642 657 5396 1721 
5447 642 657 5396 1721 643 658 5397 1722 
5448 643 658 5397 1722 644 659 5398 1723 
5449 644 659 5398 1723 645 660 5399 1724 
5450 645 660 5399 1724 646 661 5400 1725 
5451 646 661 5400 1725 647 662 5401 1726 
5452 647 662 5401 1726 648 663 5402 1727 
5453 648 663 5402 1727 649 664 5403 1728 
5454 649 664 5403 1728 650 665 5404 1729 
5455 650 665 5404 1729 651 666 5405 1730 
5456 651 666 5405 1730 74 75 1482 1237 
5457 198 317 423 197 1866 3651 5241 1851 
5458 1866 3651 5241 1851 1867 3652 5242 1852 
5459 1867 3652 5242 1852 1868 3653 5243 1853 
5460 1868 3653 5243 1853 1869 3654 5244 1854 
5461 1869 3654 5244 1854 1870 3655 5245 1855 
5462 1870 3655 5245 1855 1871 3656 5246 1856 
5463 1871 3656 5246 1856 1872 3657 5247 1857 
5464 1872 3657 5247 1857 1873 3658 5248 1858 
5465 1873 3658 5248 1858 1874 3659 5249 1859 
5466 1874 3659 5249 1859 1875 3660 5250 1860 
5467 1875 3660 5250 1860 1876 3661 5251 1861 
5468 1876 3661 5251 1861 1877 3662 5252 1862 
5469 1877 3662 5252 1862 1878 3663 5253 1863 
5470 1878 3663 5253 1863 1879 3664 5254 1864 
5471 1879 3664 5254 1864 1880 3665 5255 1865 
5472 1880 3665 5255 1865 1247 1366 1472 1246 
5473 387 435 33 34 4701 5421 802 817 
5474 4701 5421 802 817 4702 5422 803 818 
5475 4702 5422 803 818 4703 5423 804 819 
5476 4703 5423 804 819 4704 5424 805 820 
5477 4704 5424 805 820 4705 5425 806 821 
5478 4705 5425 806 821 4706 5426 807 822 
5479 4706 5426 807 822 4707 5427 808 823 
5480 4707 5427 808 823 4708 5428 809 824 
5481 4708 5428 809 824 4709 5429 810 825 
5482 4709 5429 810 825 4710 5430 811 826 
5483 4710 5430 811 826 4711 5431 812 827 
5484 4711 5431 812 827 4712 5432 813 828 
5485 4712 5432 813 828 4713 5433 814 829 
5486 4713 5433 814 829 4714 5434 815 830 
5487 4714 5434 815 830 4715 5435 816 831 
5488 4715 5435 816 831 1436 1484 85 86 
5489 181 42 43 416 1611 937 952 5136 
5490 1611 937 952 5136 1612 938 953 5137 
5491 1612 938 953 5137 1613 939 954 5138 
5492 1613 939 954 5138 1614 940 955 5139 
5493 1614 940 955 5139 1615 941 956 5140 
5494 1615 941 956 5140 1616 942 957 5141 
5495 1616 942 957 5141 1617 943 958 5142 
5496 1617 943 958 5142 1618 944 959 5143 
5497 1618 944 959 5143 1619 945 960 5144 
5498 1619 945 960 5144 1620 946 961 5145 
5499 1620 946 961 5145 1621 947 962 5146 
5500 1621 947 962 5146 1622 948 963 5147 
5501 1622 948 963 5147 1623 949 964 5148 
5502 1623 949 964 5148 1624 950 965 5149 
5503 1624 950 965 5149 1625 951 966 5150 
5504 1625 951 966 5150 1230 94 95 1465 
5505 387 34 3 438 4701 817 143 5466 
5506 4701 817 143 5466 4702 818 144 5467 
5507 4702 818 144 5467 4703 819 145 5468 
5508 4703 819 145 5468 4704 820 146 5469 
5509 4704 820 146 5469 4705 821 147 5470 
5510 4705 821 147 5470 4706 822 148 5471 
5511 4706 822 148 5471 4707 823 149 5472 
5512 4707 823 149 5472 4708 824 150 5473 
5513 4708 824 150 5473 4709 825 151 5474 
5514 4709 825 151 5474 4710 826 152 5475 
5515 4710 826 152 5475 4711 827 153 5476 
5516 4711 827 153 5476 4712 828 154 5477 
5517 4712 828 154 5477 4713 829 155 5478 
5518 4713 829 155 5478 4714 830 156 5479 
5519 4714 830 156 5479 4715 831 157 5480 
5520 4715 831 157 5480 1436 86 7 1487 
5521 384 385 424 173 4656 4671 5256 1491 
5522 4656 4671 5256 1491 4657 4672 5257 1492 
5523 4657 4672 5257 1492 4658 4673 5258 1493 
5524 4658 4673 5258 1493 4659 4674 5259 1494 
5525 4659 4674 5259 1494 4660 4675 5260 1495 
5526 4660 4675 5260 1495 4661 4676 5261 1496 
5527 4661 4676 5261 1496 4662 4677 5262 1497 
5528 4662 4677 5262 1497 4663 4678 5263 1498 
5529 4663 4678 5263 1498 4664 4679 5264 1499 
5530 4664 4679 5264 1499 4665 4680 5265 1500 
5531 4665 4680 5265 1500 4666 4681 5266 1501 
5532 4666 4681 5266 1501 4667 4682 5267 1502 
5533 4667 4682 5267 1502 4668 4683 5268 1503 
5534 4668 4683 5268 1503 4669 4684 5269 1504 
5535 4669 4684 5269 1504 4670 4685 5270 1505 
5536 4670 4685 5270 1505 1433 1434 1473 1222 
5537 267 287 417 286 2901 3201 5151 3186 
5538 2901 3201 5151 3186 2902 3202 5152 3187 
5539 2902 3202 5152 3187 2903 3203 5153 3188 
5540 2903 3203 5153 3188 2904 3204 5154 3189 
5541 2904 3204 5154 3189 2905 3205 5155 3190 
5542 2905 3205 5155 3190 2906 3206 5156 3191 
5543 2906 3206 5156 3191 2907 3207 5157 3192 
5544 2907 3207 5157 3192 2908 3208 5158 3193 
5545 2908 3208 5158 3193 2909 3209 5159 3194 
5546 2909 3209 5159 3194 2910 3210 5160 3195 
5547 2910 3210 5160 3195 2911 3211 5161 3196 
5548 2911 3211 5161 3196 2912 3212 5162 3197 
5549 2912 3212 5162 3197 2913 3213 5163 3198 
5550 2913 3213 5163 3198 2914 3214 5164 3199 
5551 2914 3214 5164 3199 2915 3215 5165 3200 
5552 2915 3215 5165 3200 1316 1336 1466 1335 
5553 175 418 31 32 1521 5166 772 787 
5554 1521 5166 772 787 1522 5167 773 788 
5555 1522 5167 773 788 1523 5168 774 789 
5556 1523 5168 774 789 1524 5169 775 790 
5557 1524 5169 775 790 1525 5170 776 791 
5558 1525 5170 776 791 1526 5171 777 792 
5559 1526 5171 777 792 1527 5172 778 793 
5560 1527 5172 778 793 1528 5173 779 794 
5561 1528 5173 779 794 1529 5174 780 795 
5562 1529 5174 780 795 1530 5175 781 796 
5563 1530 5175 781 796 1531 5176 782 797 
5564 1531 5176 782 797 1532 5177 783 798 
5565 1532 5177 783 798 1533 5178 784 799 
5566 1533 5178 784 799 1534 5179 785 800 
5567 1534 5179 785 800 1535 5180 786 801 
5568 1535 5180 786 801 1224 1467 83 84 
5569 415 439 400 182 5121 5481 4896 1626 
5570 5121 5481 4896 1626 5122 5482 4897 1627 
5571 5122 5482 4897 1627 5123 5483 4898 1628 
5572 5123 5483 4898 1628 5124 5484 4899 1629 
5573 5124 5484 4899 1629 5125 5485 4900 1630 
5574 5125 5485 4900 1630 5126 5486 4901 1631 
5575 5126 5486 4901 1631 5127 5487 4902 1632 
5576 5127 5487 4902 1632 5128 5488 4903 1633 
5577 5128 5488 4903 1633 5129 5489 4904 1634 
5578 5129 5489 4904 1634 5130 5490 4905 1635 
5579 5130 5490 4905 1635 5131 5491 4906 1636 
5580 5131 5491 4906 1636 5132 5492 4907 1637 
5581 5132 5492 4907 1637 5133 5493 4908 1638 
5582 5133 5493 4908 1638 5134 5494 4909 1639 
5583 5134 5494 4909 1639 5135 5495 4910 1640 
5584 5135 5495 4910 1640 1464 1488 1449 1231 
5585 315 400 439 310 3621 4896 5481 3546 
5586 3621 4896 5481 3546 3622 4897 5482 3547 
5587 3622 4897 5482 3547 3623 4898 5483 3548 
5588 3623 4898 5483 3548 3624 4899 5484 3549 
5589 3624 4899 5484 3549 3625 4900 5485 3550 
5590 3625 4900 5485 3550 3626 4901 5486 3551 
5591 3626 4901 5486 3551 3627 4902 5487 3552 
5592 3627 4902 5487 3552 3628 4903 5488 3553 
5593 3628 4903 5488 3553 3629 4904 5489 3554 
5594 3629 4904 5489 3554 3630 4905 5490 3555 
5595 3630 4905 5490 3555 3631 4906 5491 3556 
5596 3631 4906 5491 3556 3632 4907 5492 3557 
5597 3632 4907 5492 3557 3633 4908 5493 3558 
5598 3633 4908 5493 3558 3634 4909 5494 3559 
5599 3634 4909 5494 3559 3635 4910 5495 3560 
5600 3635 4910 5495 3560 1364 1449 1488 1359 
5601 439 415 191 391 5481 5121 1761 4761 
5602 5481 5121 1761 4761 5482 5122 1762 4762 
5603 5482 5122 1762 4762 5483 5123 1763 4763 
5604 5483 5123 1763 4763 5484 5124 1764 4764 
5605 5484 5124 1764 4764 5485 5125 1765 4765 
5606 5485 5125 1765 4765 5486 5126 1766 4766 
5607 5486 5126 1766 4766 5487 5127 1767 4767 
5608 5487 5127 1767 4767 5488 5128 1768 4768 
5609 5488 5128 1768 4768 5489 5129 1769 4769 
5610 5489 5129 1769 4769 5490 5130 1770 4770 
5611 5490 5130 1770 4770 5491 5131 1771 4771 
5612 5491 5131 1771 4771 5492 5132 1772 4772 
5613 5492 5132 1772 4772 5493 5133 1773 4773 
5614 5493 5133 1773 4773 5494 5134 1774 4774 
5615 5494 5134 1774 4774 5495 5135 1775 4775 
5616 5495 5135 1775 4775 1488 1464 1240 1440 
5617 391 191 409 410 4761 1761 5031 5046 
5618 4761 1761 5031 5046 4762 1762 5032 5047 
5619 4762 1762 5032 5047 4763 1763 5033 5048 
5620 4763 1763 5033 5048 4764 1764 5034 5049 
5621 4764 1764 5034 5049 4765 1765 5035 5050 
5622 4765 1765 5035 5050 4766 1766 5036 5051 
5623 4766 1766 5036 5051 4767 1767 5037 5052 
5624 4767 1767 5037 5052 4768 1768 5038 5053 
5625 4768 1768 5038 5053 4769 1769 5039 5054 
5626 4769 1769 5039 5054 4770 1770 5040 5055 
5627 4770 1770 5040 5055 4771 1771 5041 5056 
5628 4771 1771 5041 5056 4772 1772 5042 5057 
5629 4772 1772 5042 5057 4773 1773 5043 5058 
5630 4773 1773 5043 5058 4774 1774 5044 5059 
5631 4774 1774 5044 5059 4775 1775 5045 5060 
5632 4775 1775 5045 5060 1440 1240 1458 1459 
5633 426 392 418 175 5286 4776 5166 1521 
5634 5286 4776 5166 1521 5287 4777 5167 1522 
5635 5287 4777 5167 1522 5288 4778 5168 1523 
5636 5288 4778 5168 1523 5289 4779 5169 1524 
5637 5289 4779 5169 1524 5290 4780 5170 1525 
5638 5290 4780 5170 1525 5291 4781 5171 1526 
5639 5291 4781 5171 1526 5292 4782 5172 1527 
5640 5292 4782 5172 1527 5293 4783 5173 1528 
5641 5293 4783 5173 1528 5294 4784 5174 1529 
5642 5294 4784 5174 1529 5295 4785 5175 1530 
5643 5295 4785 5175 1530 5296 4786 5176 1531 
5644 5296 4786 5176 1531 5297 4787 5177 1532 
5645 5297 4787 5177 1532 5298 4788 5178 1533 
5646 5298 4788 5178 1533 5299 4789 5179 1534 
5647 5299 4789 5179 1534 5300 4790 5180 1535 
5648 5300 4790 5180 1535 1475 1441 1467 1224 
5649 179 420 400 315 1581 5196 4896 3621 
5650 1581 5196 4896 3621 1582 5197 4897 3622 
5651 1582 5197 4897 3622 1583 5198 4898 3623 
5652 1583 5198 4898 3623 1584 5199 4899 3624 
5653 1584 5199 4899 3624 1585 5200 4900 3625 
5654 1585 5200 4900 3625 1586 5201 4901 3626 
5655 1586 5201 4901 3626 1587 5202 4902 3627 
5656 1587 5202 4902 3627 1588 5203 4903 3628 
5657 1588 5203 4903 3628 1589 5204 4904 3629 
5658 1589 5204 4904 3629 1590 5205 4905 3630 
5659 1590 5205 4905 3630 1591 5206 4906 3631 
5660 1591 5206 4906 3631 1592 5207 4907 3632 
5661 1592 5207 4907 3632 1593 5208 4908 3633 
5662 1593 5208 4908 3633 1594 5209 4909 3634 
5663 1594 5209 4909 3634 1595 5210 4910 3635 
5664 1595 5210 4910 3635 1228 1469 1449 1364 
5665 316 388 429 192 3636 4716 5331 1776 
5666 3636 4716 5331 1776 3637 4717 5332 1777 
5667 3637 4717 5332 1777 3638 4718 5333 1778 
5668 3638 4718 5333 1778 3639 4719 5334 1779 
5669 3639 4719 5334 1779 3640 4720 5335 1780 
5670 3640 4720 5335 1780 3641 4721 5336 1781 
5671 3641 4721 5336 1781 3642 4722 5337 1782 
5672 3642 4722 5337 1782 3643 4723 5338 1783 
5673 3643 4723 5338 1783 3644 4724 5339 1784 
5674 3644 4724 5339 1784 3645 4725 5340 1785 
5675 3645 4725 5340 1785 3646 4726 5341 1786 
5676 3646 4726 5341 1786 3647 4727 5342 1787 
5677 3647 4727 5342 1787 3648 4728 5343 1788 
5678 3648 4728 5343 1788 3649 4729 5344 1789 
5679 3649 4729 5344 1789 3650 4730 5345 1790 
5680 3650 4730 5345 1790 1365 1437 1478 1241 
5681 287 394 428 395 3201 4806 5316 4821 
5682 3201 4806 5316 4821 3202 4807 5317 4822 
5683 3202 4807 5317 4822 3203 4808 5318 4823 
5684 3203 4808 5318 4823 3204 4809 5319 4824 
5685 3204 4809 5319 4824 3205 4810 5320 4825 
5686 3205 4810 5320 4825 3206 4811 5321 4826 
5687 3206 4811 5321 4826 3207 4812 5322 4827 
5688 3207 4812 5322 4827 3208 4813 5323 4828 
5689 3208 4813 5323 4828 3209 4814 5324 4829 
5690 3209 4814 5324 4829 3210 4815 5325 4830 
5691 3210 4815 5325 4830 3211 4816 5326 4831 
5692 3211 4816 5326 4831 3212 4817 5327 4832 
5693 3212 4817 5327 4832 3213 4818 5328 4833 
5694 3213 4818 5328 4833 3214 4819 5329 4834 
5695 3214 4819 5329 4834 3215 4820 5330 4835 
5696 3215 4820 5330 4835 1336 1443 1477 1444 
5697 179 52 53 420 1581 1087 1102 5196 
5698 1581 1087 1102 5196 1582 1088 1103 5197 
5699 1582 1088 1103 5197 1583 1089 1104 5198 
5700 1583 1089 1104 5198 1584 1090 1105 5199 
5701 1584 1090 1105 5199 1585 1091 1106 5200 
5702 1585 1091 1106 5200 1586 1092 1107 5201 
5703 1586 1092 1107 5201 1587 1093 1108 5202 
5704 1587 1093 1108 5202 1588 1094 1109 5203 
5705 1588 1094 1109 5203 1589 1095 1110 5204 
5706 1589 1095 1110 5204 1590 1096 1111 5205 
5707 1590 1096 1111 5205 1591 1097 1112 5206 
5708 1591 1097 1112 5206 1592 1098 1113 5207 
5709 1592 1098 1113 5207 1593 1099 1114 5208 
5710 1593 1099 1114 5208 1594 1100 1115 5209 
5711 1594 1100 1115 5209 1595 1101 1116 5210 
5712 1595 1101 1116 5210 1228 104 105 1469 
5713 268 340 422 296 2916 3996 5226 3336 
5714 2916 3996 5226 3336 2917 3997 5227 3337 
5715 2917 3997 5227 3337 2918 3998 5228 3338 
5716 2918 3998 5228 3338 2919 3999 5229 3339 
5717 2919 3999 5229 3339 2920 4000 5230 3340 
5718 2920 4000 5230 3340 2921 4001 5231 3341 
5719 2921 4001 5231 3341 2922 4002 5232 3342 
5720 2922 4002 5232 3342 2923 4003 5233 3343 
5721 2923 4003 5233 3343 2924 4004 5234 3344 
5722 2924 4004 5234 3344 2925 4005 5235 3345 
5723 2925 4005 5235 3345 2926 4006 5236 3346 
5724 2926 4006 5236 3346 2927 4007 5237 3347 
5725 2927 4007 5237 3347 2928 4008 5238 3348 
5726 2928 4008 5238 3348 2929 4009 5239 3349 
5727 2929 4009 5239 3349 2930 4010 5240 3350 
5728 2930 4010 5240 3350 1317 1389 1471 1345 
5729 419 176 428 394 5181 1536 5316 4806 
5730 5181 1536 5316 4806 5182 1537 5317 4807 
5731 5182 1537 5317 4807 5183 1538 5318 4808 
5732 5183 1538 5318 4808 5184 1539 5319 4809 
5733 5184 1539 5319 4809 5185 1540 5320 4810 
5734 5185 1540 5320 4810 5186 1541 5321 4811 
5735 5186 1541 5321 4811 5187 1542 5322 4812 
5736 5187 1542 5322 4812 5188 1543 5323 4813 
5737 5188 1543 5323 4813 5189 1544 5324 4814 
5738 5189 1544 5324 4814 5190 1545 5325 4815 
5739 5190 1545 5325 4815 5191 1546 5326 4816 
5740 5191 1546 5326 4816 5192 1547 5327 4817 
5741 5192 1547 5327 4817 5193 1548 5328 4818 
5742 5193 1548 5328 4818 5194 1549 5329 4819 
5743 5194 1549 5329 4819 5195 1550 5330 4820 
5744 5195 1550 5330 4820 1468 1225 1477 1443 
5745 341 183 425 398 4011 1641 5271 4866 
5746 4011 1641 5271 4866 4012 1642 5272 4867 
5747 4012 1642 5272 4867 4013 1643 5273 4868 
5748 4013 1643 5273 4868 4014 1644 5274 4869 
5749 4014 1644 5274 4869 4015 1645 5275 4870 
5750 4015 1645 5275 4870 4016 1646 5276 4871 
5751 4016 1646 5276 4871 4017 1647 5277 4872 
5752 4017 1647 5277 4872 4018 1648 5278 4873 
5753 4018 1648 5278 4873 4019 1649 5279 4874 
5754 4019 1649 5279 4874 4020 1650 5280 4875 
5755 4020 1650 5280 4875 4021 1651 5281 4876 
5756 4021 1651 5281 4876 4022 1652 5282 4877 
5757 4022 1652 5282 4877 4023 1653 5283 4878 
5758 4023 1653 5283 4878 4024 1654 5284 4879 
5759 4024 1654 5284 4879 4025 1655 5285 4880 
5760 4025 1655 5285 4880 1390 1232 1474 1447 
5761 174 46 47 423 1506 997 1012 5241 
5762 1506 997 1012 5241 1507 998 1013 5242 
5763 1507 998 1013 5242 1508 999 1014 5243 
5764 1508 999 1014 5243 1509 1000 1015 5244 
5765 1509 1000 1015 5244 1510 1001 1016 5245 
5766 1510 1001 1016 5245 1511 1002 1017 5246 
5767 1511 1002 1017 5246 1512 1003 1018 5247 
5768 1512 1003 1018 5247 1513 1004 1019 5248 
5769 1513 1004 1019 5248 1514 1005 1020 5249 
5770 1514 1005 1020 5249 1515 1006 1021 5250 
5771 1515 1006 1021 5250 1516 1007 1022 5251 
5772 1516 1007 1022 5251 1517 1008 1023 5252 
5773 1517 1008 1023 5252 1518 1009 1024 5253 
5774 1518 1009 1024 5253 1519 1010 1025 5254 
5775 1519 1010 1025 5254 1520 1011 1026 5255 
5776 1520 1011 1026 5255 1223 98 99 1472 
5777 192 18 19 424 1776 577 592 5256 
5778 1776 577 592 5256 1777 578 593 5257 
5779 1777 578 593 5257 1778 579 594 5258 
5780 1778 579 594 5258 1779 580 595 5259 
5781 1779 580 595 5259 1780 581 596 5260 
5782 1780 581 596 5260 1781 582 597 5261 
5783 1781 582 597 5261 1782 583 598 5262 
5784 1782 583 598 5262 1783 584 599 5263 
5785 1783 584 599 5263 1784 585 600 5264 
5786 1784 585 600 5264 1785 586 601 5265 
5787 1785 586 601 5265 1786 587 602 5266 
5788 1786 587 602 5266 1787 588 603 5267 
5789 1787 588 603 5267 1788 589 604 5268 
5790 1788 589 604 5268 1789 590 605 5269 
5791 1789 590 605 5269 1790 591 606 5270 
5792 1790 591 606 5270 1241 70 71 1473 
5793 190 425 29 30 1746 5271 742 757 
5794 1746 5271 742 757 1747 5272 743 758 
5795 1747 5272 743 758 1748 5273 744 759 
5796 1748 5273 744 759 1749 5274 745 760 
5797 1749 5274 745 760 1750 5275 746 761 
5798 1750 5275 746 761 1751 5276 747 762 
5799 1751 5276 747 762 1752 5277 748 763 
5800 1752 5277 748 763 1753 5278 749 764 
5801 1753 5278 749 764 1754 5279 750 765 
5802 1754 5279 750 765 1755 5280 751 766 
5803 1755 5280 751 766 1756 5281 752 767 
5804 1756 5281 752 767 1757 5282 753 768 
5805 1757 5282 753 768 1758 5283 754 769 
5806 1758 5283 754 769 1759 5284 755 770 
5807 1759 5284 755 770 1760 5285 756 771 
5808 1760 5285 756 771 1239 1474 81 82 
5809 295 332 410 419 3321 3876 5046 5181 
5810 3321 3876 5046 5181 3322 3877 5047 5182 
5811 3322 3877 5047 5182 3323 3878 5048 5183 
5812 3323 3878 5048 5183 3324 3879 5049 5184 
5813 3324 3879 5049 5184 3325 3880 5050 5185 
5814 3325 3880 5050 5185 3326 3881 5051 5186 
5815 3326 3881 5051 5186 3327 3882 5052 5187 
5816 3327 3882 5052 5187 3328 3883 5053 5188 
5817 3328 3883 5053 5188 3329 3884 5054 5189 
5818 3329 3884 5054 5189 3330 3885 5055 5190 
5819 3330 3885 5055 5190 3331 3886 5056 5191 
5820 3331 3886 5056 5191 3332 3887 5057 5192 
5821 3332 3887 5057 5192 3333 3888 5058 5193 
5822 3333 3888 5058 5193 3334 3889 5059 5194 
5823 3334 3889 5059 5194 3335 3890 5060 5195 
5824 3335 3890 5060 5195 1344 1381 1459 1468 
5825 392 426 301 299 4776 5286 3411 3381 
5826 4776 5286 3411 3381 4777 5287 3412 3382 
5827 4777 5287 3412 3382 4778 5288 3413 3383 
5828 4778 5288 3413 3383 4779 5289 3414 3384 
5829 4779 5289 3414 3384 4780 5290 3415 3385 
5830 4780 5290 3415 3385 4781 5291 3416 3386 
5831 4781 5291 3416 3386 4782 5292 3417 3387 
5832 4782 5292 3417 3387 4783 5293 3418 3388 
5833 4783 5293 3418 3388 4784 5294 3419 3389 
5834 4784 5294 3419 3389 4785 5295 3420 3390 
5835 4785 5295 3420 3390 4786 5296 3421 3391 
5836 4786 5296 3421 3391 4787 5297 3422 3392 
5837 4787 5297 3422 3392 4788 5298 3423 3393 
5838 4788 5298 3423 3393 4789 5299 3424 3394 
5839 4789 5299 3424 3394 4790 5300 3425 3395 
5840 4790 5300 3425 3395 1441 1475 1350 1348 
5841 4 197 423 47 158 1851 5241 1012 
5842 158 1851 5241 1012 159 1852 5242 1013 
5843 159 1852 5242 1013 160 1853 5243 1014 
5844 160 1853 5243 1014 161 1854 5244 1015 
5845 161 1854 5244 1015 162 1855 5245 1016 
5846 162 1855 5245 1016 163 1856 5246 1017 
5847 163 1856 5246 1017 164 1857 5247 1018 
5848 164 1857 5247 1018 165 1858 5248 1019 
5849 165 1858 5248 1019 166 1859 5249 1020 
5850 166 1859 5249 1020 167 1860 5250 1021 
5851 167 1860 5250 1021 168 1861 5251 1022 
5852 168 1861 5251 1022 169 1862 5252 1023 
5853 169 1862 5252 1023 170 1863 5253 1024 
5854 170 1863 5253 1024 171 1864 5254 1025 
5855 171 1864 5254 1025 172 1865 5255 1026 
5856 172 1865 5255 1026 8 1246 1472 99 
5857 440 427 358 371 5496 5301 4266 4461 
5858 5496 5301 4266 4461 5497 5302 4267 4462 
5859 5497 5302 4267 4462 5498 5303 4268 4463 
5860 5498 5303 4268 4463 5499 5304 4269 4464 
5861 5499 5304 4269 4464 5500 5305 4270 4465 
5862 5500 5305 4270 4465 5501 5306 4271 4466 
5863 5501 5306 4271 4466 5502 5307 4272 4467 
5864 5502 5307 4272 4467 5503 5308 4273 4468 
5865 5503 5308 4273 4468 5504 5309 4274 4469 
5866 5504 5309 4274 4469 5505 5310 4275 4470 
5867 5505 5310 4275 4470 5506 5311 4276 4471 
5868 5506 5311 4276 4471 5507 5312 4277 4472 
5869 5507 5312 4277 4472 5508 5313 4278 4473 
5870 5508 5313 4278 4473 5509 5314 4279 4474 
5871 5509 5314 4279 4474 5510 5315 4280 4475 
5872 5510 5315 4280 4475 1489 1476 1407 1420 
5873 176 59 60 428 1536 1192 1207 5316 
5874 1536 1192 1207 5316 1537 1193 1208 5317 
5875 1537 1193 1208 5317 1538 1194 1209 5318 
5876 1538 1194 1209 5318 1539 1195 1210 5319 
5877 1539 1195 1210 5319 1540 1196 1211 5320 
5878 1540 1196 1211 5320 1541 1197 1212 5321 
5879 1541 1197 1212 5321 1542 1198 1213 5322 
5880 1542 1198 1213 5322 1543 1199 1214 5323 
5881 1543 1199 1214 5323 1544 1200 1215 5324 
5882 1544 1200 1215 5324 1545 1201 1216 5325 
5883 1545 1201 1216 5325 1546 1202 1217 5326 
5884 1546 1202 1217 5326 1547 1203 1218 5327 
5885 1547 1203 1218 5327 1548 1204 1219 5328 
5886 1548 1204 1219 5328 1549 1205 1220 5329 
5887 1549 1205 1220 5329 1550 1206 1221 5330 
5888 1550 1206 1221 5330 1225 111 112 1477 
5889 184 16 17 429 1656 547 562 5331 
5890 1656 547 562 5331 1657 548 563 5332 
5891 1657 548 563 5332 1658 549 564 5333 
5892 1658 549 564 5333 1659 550 565 5334 
5893 1659 550 565 5334 1660 551 566 5335 
5894 1660 551 566 5335 1661 552 567 5336 
5895 1661 552 567 5336 1662 553 568 5337 
5896 1662 553 568 5337 1663 554 569 5338 
5897 1663 554 569 5338 1664 555 570 5339 
5898 1664 555 570 5339 1665 556 571 5340 
5899 1665 556 571 5340 1666 557 572 5341 
5900 1666 557 572 5341 1667 558 573 5342 
5901 1667 558 573 5342 1668 559 574 5343 
5902 1668 559 574 5343 1669 560 575 5344 
5903 1669 560 575 5344 1670 561 576 5345 
5904 1670 561 576 5345 1233 68 69 1478 
5905 286 417 440 371 3186 5151 5496 4461 
5906 3186 5151 5496 4461 3187 5152 5497 4462 
5907 3187 5152 5497 4462 3188 5153 5498 4463 
5908 3188 5153 5498 4463 3189 5154 5499 4464 
5909 3189 5154 5499 4464 3190 5155 5500 4465 
5910 3190 5155 5500 4465 3191 5156 5501 4466 
5911 3191 5156 5501 4466 3192 5157 5502 4467 
5912 3192 5157 5502 4467 3193 5158 5503 4468 
5913 3193 5158 5503 4468 3194 5159 5504 4469 
5914 3194 5159 5504 4469 3195 5160 5505 4470 
5915 3195 5160 5505 4470 3196 5161 5506 4471 
5916 3196 5161 5506 4471 3197 5162 5507 4472 
5917 3197 5162 5507 4472 3198 5163 5508 4473 
5918 3198 5163 5508 4473 3199 5164 5509 4474 
5919 3199 5164 5509 4474 3200 5165 5510 4475 
5920 3200 5165 5510 4475 1335 1466 1489 1420 
5921 194 50 51 431 1806 1057 1072 5361 
5922 1806 1057 1072 5361 1807 1058 1073 5362 
5923 1807 1058 1073 5362 1808 1059 1074 5363 
5924 1808 1059 1074 5363 1809 1060 1075 5364 
5925 1809 1060 1075 5364 1810 1061 1076 5365 
5926 1810 1061 1076 5365 1811 1062 1077 5366 
5927 1811 1062 1077 5366 1812 1063 1078 5367 
5928 1812 1063 1078 5367 1813 1064 1079 5368 
5929 1813 1064 1079 5368 1814 1065 1080 5369 
5930 1814 1065 1080 5369 1815 1066 1081 5370 
5931 1815 1066 1081 5370 1816 1067 1082 5371 
5932 1816 1067 1082 5371 1817 1068 1083 5372 
5933 1817 1068 1083 5372 1818 1069 1084 5373 
5934 1818 1069 1084 5373 1819 1070 1085 5374 
5935 1819 1070 1085 5374 1820 1071 1086 5375 
5936 1820 1071 1086 5375 1243 102 103 1480 
5937 390 433 23 24 4746 5391 652 667 
5938 4746 5391 652 667 4747 5392 653 668 
5939 4747 5392 653 668 4748 5393 654 669 
5940 4748 5393 654 669 4749 5394 655 670 
5941 4749 5394 655 670 4750 5395 656 671 
5942 4750 5395 656 671 4751 5396 657 672 
5943 4751 5396 657 672 4752 5397 658 673 
5944 4752 5397 658 673 4753 5398 659 674 
5945 4753 5398 659 674 4754 5399 660 675 
5946 4754 5399 660 675 4755 5400 661 676 
5947 4755 5400 661 676 4756 5401 662 677 
5948 4756 5401 662 677 4757 5402 663 678 
5949 4757 5402 663 678 4758 5403 664 679 
5950 4758 5403 664 679 4759 5404 665 680 
5951 4759 5404 665 680 4760 5405 666 681 
5952 4760 5405 666 681 1439 1482 75 76 
5953 314 363 437 430 3606 4341 5451 5346 
5954 3606 4341 5451 5346 3607 4342 5452 5347 
5955 3607 4342 5452 5347 3608 4343 5453 5348 
5956 3608 4343 5453 5348 3609 4344 5454 5349 
5957 3609 4344 5454 5349 3610 4345 5455 5350 
5958 3610 4345 5455 5350 3611 4346 5456 5351 
5959 3611 4346 5456 5351 3612 4347 5457 5352 
5960 3612 4347 5457 5352 3613 4348 5458 5353 
5961 3613 4348 5458 5353 3614 4349 5459 5354 
5962 3614 4349 5459 5354 3615 4350 5460 5355 
5963 3615 4350 5460 5355 3616 4351 5461 5356 
5964 3616 4351 5461 5356 3617 4352 5462 5357 
5965 3617 4352 5462 5357 3618 4353 5463 5358 
5966 3618 4353 5463 5358 3619 4354 5464 5359 
5967 3619 4354 5464 5359 3620 4355 5465 5360 
5968 3620 4355 5465 5360 1363 1412 1486 1479 
5969 273 307 434 298 2991 3501 5406 3366 
5970 2991 3501 5406 3366 2992 3502 5407 3367 
5971 2992 3502 5407 3367 2993 3503 5408 3368 
5972 2993 3503 5408 3368 2994 3504 5409 3369 
5973 2994 3504 5409 3369 2995 3505 5410 3370 
5974 2995 3505 5410 3370 2996 3506 5411 3371 
5975 2996 3506 5411 3371 2997 3507 5412 3372 
5976 2997 3507 5412 3372 2998 3508 5413 3373 
5977 2998 3508 5413 3373 2999 3509 5414 3374 
5978 2999 3509 5414 3374 3000 3510 5415 3375 
5979 3000 3510 5415 3375 3001 3511 5416 3376 
5980 3001 3511 5416 3376 3002 3512 5417 3377 
5981 3002 3512 5417 3377 3003 3513 5418 3378 
5982 3003 3513 5418 3378 3004 3514 5419 3379 
5983 3004 3514 5419 3379 3005 3515 5420 3380 
5984 3005 3515 5420 3380 1322 1356 1483 1347 
5985 437 177 402 430 5451 1551 4926 5346 
5986 5451 1551 4926 5346 5452 1552 4927 5347 
5987 5452 1552 4927 5347 5453 1553 4928 5348 
5988 5453 1553 4928 5348 5454 1554 4929 5349 
5989 5454 1554 4929 5349 5455 1555 4930 5350 
5990 5455 1555 4930 5350 5456 1556 4931 5351 
5991 5456 1556 4931 5351 5457 1557 4932 5352 
5992 5457 1557 4932 5352 5458 1558 4933 5353 
5993 5458 1558 4933 5353 5459 1559 4934 5354 
5994 5459 1559 4934 5354 5460 1560 4935 5355 
5995 5460 1560 4935 5355 5461 1561 4936 5356 
5996 5461 1561 4936 5356 5462 1562 4937 5357 
5997 5462 1562 4937 5357 5463 1563 4938 5358 
5998 5463 1563 4938 5358 5464 1564 4939 5359 
5999 5464 1564 4939 5359 5465 1565 4940 5360 
6000 5465 1565 4940 5360 1486 1226 1451 1479 
6001 32 33 435 175 787 802 5421 1521 
6002 787 802 5421 1521 788 803 5422 1522 
6003 788 803 5422 1522 789 804 5423 1523 
6004 789 804 5423 1523 790 805 5424 1524 
6005 790 805 5424 1524 791 806 5425 1525 
6006 791 806 5425 1525 792 807 5426 1526 
6007 792 807 5426 1526 793 808 5427 1527 
6008 793 808 5427 1527 794 809 5428 1528 
6009 794 809 5428 1528 795 810 5429 1529 
6010 795 810 5429 1529 796 811 5430 1530 
6011 796 811 5430 1530 797 812 5431 1531 
6012 797 812 5431 1531 798 813 5432 1532 
6013 798 813 5432 1532 799 814 5433 1533 
6014 799 814 5433 1533 800 815 5434 1534 
6015 800 815 5434 1534 801 816 5435 1535 
6016 801 816 5435 1535 84 85 1484 1224 
6017 305 304 436 311 3471 3456 5436 3561 
6018 3471 3456 5436 3561 3472 3457 5437 3562 
6019 3472 3457 5437 3562 3473 3458 5438 3563 
6020 3473 3458 5438 3563 3474 3459 5439 3564 
6021 3474 3459 5439 3564 3475 3460 5440 3565 
6022 3475 3460 5440 3565 3476 3461 5441 3566 
6023 3476 3461 5441 3566 3477 3462 5442 3567 
6024 3477 3462 5442 3567 3478 3463 5443 3568 
6025 3478 3463 5443 3568 3479 3464 5444 3569 
6026 3479 3464 5444 3569 3480 3465 5445 3570 
6027 3480 3465 5445 3570 3481 3466 5446 3571 
6028 3481 3466 5446 3571 3482 3467 5447 3572 
6029 3482 3467 5447 3572 3483 3468 5448 3573 
6030 3483 3468 5448 3573 3484 3469 5449 3574 
6031 3484 3469 5449 3574 3485 3470 5450 3575 
6032 3485 3470 5450 3575 1354 1353 1485 1360 
6033 354 298 434 421 4206 3366 5406 5211 
6034 4206 3366 5406 5211 4207 3367 5407 5212 
6035 4207 3367 5407 5212 4208 3368 5408 5213 
6036 4208 3368 5408 5213 4209 3369 5409 5214 
6037 4209 3369 5409 5214 4210 3370 5410 5215 
6038 4210 3370 5410 5215 4211 3371 5411 5216 
6039 4211 3371 5411 5216 4212 3372 5412 5217 
6040 4212 3372 5412 5217 4213 3373 5413 5218 
6041 4213 3373 5413 5218 4214 3374 5414 5219 
6042 4214 3374 5414 5219 4215 3375 5415 5220 
6043 4215 3375 5415 5220 4216 3376 5416 5221 
6044 4216 3376 5416 5221 4217 3377 5417 5222 
6045 4217 3377 5417 5222 4218 3378 5418 5223 
6046 4218 3378 5418 5223 4219 3379 5419 5224 
6047 4219 3379 5419 5224 4220 3380 5420 5225 
6048 4220 3380 5420 5225 1403 1347 1483 1470 
6049 360 362 437 363 4296 4326 5451 4341 
6050 4296 4326 5451 4341 4297 4327 5452 4342 
6051 4297 4327 5452 4342 4298 4328 5453 4343 
6052 4298 4328 5453 4343 4299 4329 5454 4344 
6053 4299 4329 5454 4344 4300 4330 5455 4345 
6054 4300 4330 5455 4345 4301 4331 5456 4346 
6055 4301 4331 5456 4346 4302 4332 5457 4347 
6056 4302 4332 5457 4347 4303 4333 5458 4348 
6057 4303 4333 5458 4348 4304 4334 5459 4349 
6058 4304 4334 5459 4349 4305 4335 5460 4350 
6059 4305 4335 5460 4350 4306 4336 5461 4351 
6060 4306 4336 5461 4351 4307 4337 5462 4352 
6061 4307 4337 5462 4352 4308 4338 5463 4353 
6062 4308 4338 5463 4353 4309 4339 5464 4354 
6063 4309 4339 5464 4354 4310 4340 5465 4355 
6064 4310 4340 5465 4355 1409 1411 1486 1412 
6065 35 186 438 3 832 1686 5466 143 
6066 832 1686 5466 143 833 1687 5467 144 
6067 833 1687 5467 144 834 1688 5468 145 
6068 834 1688 5468 145 835 1689 5469 146 
6069 835 1689 5469 146 836 1690 5470 147 
6070 836 1690 5470 147 837 1691 5471 148 
6071 837 1691 5471 148 838 1692 5472 149 
6072 838 1692 5472 149 839 1693 5473 150 
6073 839 1693 5473 150 840 1694 5474 151 
6074 840 1694 5474 151 841 1695 5475 152 
6075 841 1695 5475 152 842 1696 5476 153 
6076 842 1696 5476 153 843 1697 5477 154 
6077 843 1697 5477 154 844 1698 5478 155 
6078 844 1698 5478 155 845 1699 5479 156 
6079 845 1699 5479 156 846 1700 5480 157 
6080 846 1700 5480 157 87 1235 1487 7 
6081 266 310 439 347 2886 3546 5481 4101 
6082 2886 3546 5481 4101 2887 3547 5482 4102 
6083 2887 3547 5482 4102 2888 3548 5483 4103 
6084 2888 3548 5483 4103 2889 3549 5484 4104 
6085 2889 3549 5484 4104 2890 3550 5485 4105 
6086 2890 3550 5485 4105 2891 3551 5486 4106 
6087 2891 3551 5486 4106 2892 3552 5487 4107 
6088 2892 3552 5487 4107 2893 3553 5488 4108 
6089 2893 3553 5488 4108 2894 3554 5489 4109 
6090 2894 3554 5489 4109 2895 3555 5490 4110 
6091 2895 3555 5490 4110 2896 3556 5491 4111 
6092 2896 3556 5491 4111 2897 3557 5492 4112 
6093 2897 3557 5492 4112 2898 3558 5493 4113 
6094 2898 3558 5493 4113 2899 3559 5494 4114 
6095 2899 3559 5494 4114 2900 3560 5495 4115 
6096 2900 3560 5495 4115 1315 1359 1488 1396 
6097 305 311 441 312 3471 3561 5511 3576 
6098 3471 3561 5511 3576 3472 3562 5512 3577 
6099 3472 3562 5512 3577 3473 3563 5513 3578 
6100 3473 3563 5513 3578 3474 3564 5514 3579 
6101 3474 3564 5514 3579 3475 3565 5515 3580 
6102 3475 3565 5515 3580 3476 3566 5516 3581 
6103 3476 3566 5516 3581 3477 3567 5517 3582 
6104 3477 3567 5517 3582 3478 3568 5518 3583 
6105 3478 3568 5518 3583 3479 3569 5519 3584 
6106 3479 3569 5519 3584 3480 3570 5520 3585 
6107 3480 3570 5520 3585 3481 3571 5521 3586 
6108 3481 3571 5521 3586 3482 3572 5522 3587 
6109 3482 3572 5522 3587 3483 3573 5523 3588 
6110 3483 3573 5523 3588 3484 3574 5524 3589 
6111 3484 3574 5524 3589 3485 3575 5525 3590 
6112 3485 3575 5525 3590 1354 1360 1490 1361 
6113 22 188 421 411 637 1716 5211 5061 
6114 637 1716 5211 5061 638 1717 5212 5062 
6115 638 1717 5212 5062 639 1718 5213 5063 
6116 639 1718 5213 5063 640 1719 5214 5064 
6117 640 1719 5214 5064 641 1720 5215 5065 
6118 641 1720 5215 5065 642 1721 5216 5066 
6119 642 1721 5216 5066 643 1722 5217 5067 
6120 643 1722 5217 5067 644 1723 5218 5068 
6121 644 1723 5218 5068 645 1724 5219 5069 
6122 645 1724 5219 5069 646 1725 5220 5070 
6123 646 1725 5220 5070 647 1726 5221 5071 
6124 647 1726 5221 5071 648 1727 5222 5072 
6125 648 1727 5222 5072 649 1728 5223 5073 
6126 649 1728 5223 5073 650 1729 5224 5074 
6127 650 1729 5224 5074 651 1730 5225 5075 
6128 651 1730 5225 5075 74 1237 1470 1460 
6129 361 365 432 399 4311 4371 5376 4881 
6130 4311 4371 5376 4881 4312 4372 5377 4882 
6131 4312 4372 5377 4882 4313 4373 5378 4883 
6132 4313 4373 5378 4883 4314 4374 5379 4884 
6133 4314 4374 5379 4884 4315 4375 5380 4885 
6134 4315 4375 5380 4885 4316 4376 5381 4886 
6135 4316 4376 5381 4886 4317 4377 5382 4887 
6136 4317 4377 5382 4887 4318 4378 5383 4888 
6137 4318 4378 5383 4888 4319 4379 5384 4889 
6138 4319 4379 5384 4889 4320 4380 5385 4890 
6139 4320 4380 5385 4890 4321 4381 5386 4891 
6140 4321 4381 5386 4891 4322 4382 5387 4892 
6141 4322 4382 5387 4892 4323 4383 5388 4893 
6142 4323 4383 5388 4893 4324 4384 5389 4894 
6143 4324 4384 5389 4894 4325 4385 5390 4895 
6144 4325 4385 5390 4895 1410 1414 1481 1448 
6145 362 405 177 437 4326 4971 1551 5451 
6146 4326 4971 1551 5451 4327 4972 1552 5452 
6147 4327 4972 1552 5452 4328 4973 1553 5453 
6148 4328 4973 1553 5453 4329 4974 1554 5454 
6149 4329 4974 1554 5454 4330 4975 1555 5455 
6150 4330 4975 1555 5455 4331 4976 1556 5456 
6151 4331 4976 1556 5456 4332 4977 1557 5457 
6152 4332 4977 1557 5457 4333 4978 1558 5458 
6153 4333 4978 1558 5458 4334 4979 1559 5459 
6154 4334 4979 1559 5459 4335 4980 1560 5460 
6155 4335 4980 1560 5460 4336 4981 1561 5461 
6156 4336 4981 1561 5461 4337 4982 1562 5462 
6157 4337 4982 1562 5462 4338 4983 1563 5463 
6158 4338 4983 1563 5463 4339 4984 1564 5464 
6159 4339 4984 1564 5464 4340 4985 1565 5465 
6160 4340 4985 1565 5465 1411 1454 1226 1486 
6161 387 426 175 435 4701 5286 1521 5421 
6162 4701 5286 1521 5421 4702 5287 1522 5422 
6163 4702 5287 1522 5422 4703 5288 1523 5423 
6164 4703 5288 1523 5423 4704 5289 1524 5424 
6165 4704 5289 1524 5424 4705 5290 1525 5425 
6166 4705 5290 1525 5425 4706 5291 1526 5426 
6167 4706 5291 1526 5426 4707 5292 1527 5427 
6168 4707 5292 1527 5427 4708 5293 1528 5428 
6169 4708 5293 1528 5428 4709 5294 1529 5429 
6170 4709 5294 1529 5429 4710 5295 1530 5430 
6171 4710 5295 1530 5430 4711 5296 1531 5431 
6172 4711 5296 1531 5431 4712 5297 1532 5432 
6173 4712 5297 1532 5432 4713 5298 1533 5433 
6174 4713 5298 1533 5433 4714 5299 1534 5434 
6175 4714 5299 1534 5434 4715 5300 1535 5435 
6176 4715 5300 1535 5435 1436 1475 1224 1484 
6177 386 186 404 432 4686 1686 4956 5376 
6178 4686 1686 4956 5376 4687 1687 4957 5377 
6179 4687 1687 4957 5377 4688 1688 4958 5378 
6180 4688 1688 4958 5378 4689 1689 4959 5379 
6181 4689 1689 4959 5379 4690 1690 4960 5380 
6182 4690 1690 4960 5380 4691 1691 4961 5381 
6183 4691 1691 4961 5381 4692 1692 4962 5382 
6184 4692 1692 4962 5382 4693 1693 4963 5383 
6185 4693 1693 4963 5383 4694 1694 4964 5384 
6186 4694 1694 4964 5384 4695 1695 4965 5385 
6187 4695 1695 4965 5385 4696 1696 4966 5386 
6188 4696 1696 4966 5386 4697 1697 4967 5387 
6189 4697 1697 4967 5387 4698 1698 4968 5388 
6190 4698 1698 4968 5388 4699 1699 4969 5389 
6191 4699 1699 4969 5389 4700 1700 4970 5390 
6192 4700 1700 4970 5390 1435 1235 1453 1481 
6193 355 188 433 390 4221 1716 5391 4746 
6194 4221 1716 5391 4746 4222 1717 5392 4747 
6195 4222 1717 5392 4747 4223 1718 5393 4748 
6196 4223 1718 5393 4748 4224 1719 5394 4749 
6197 4224 1719 5394 4749 4225 1720 5395 4750 
6198 4225 1720 5395 4750 4226 1721 5396 4751 
6199 4226 1721 5396 4751 4227 1722 5397 4752 
6200 4227 1722 5397 4752 4228 1723 5398 4753 
6201 4228 1723 5398 4753 4229 1724 5399 4754 
6202 4229 1724 5399 4754 4230 1725 5400 4755 
6203 4230 1725 5400 4755 4231 1726 5401 4756 
6204 4231 1726 5401 4756 4232 1727 5402 4757 
6205 4232 1727 5402 4757 4233 1728 5403 4758 
6206 4233 1728 5403 4758 4234 1729 5404 4759 
6207 4234 1729 5404 4759 4235 1730 5405 4760 
6208 4235 1730 5405 4760 1404 1237 1482 1439 
6209 406 440 417 187 4986 5496 5151 1701 
6210 4986 5496 5151 1701 4987 5497 5152 1702 
6211 4987 5497 5152 1702 4988 5498 5153 1703 
6212 4988 5498 5153 1703 4989 5499 5154 1704 
6213 4989 5499 5154 1704 4990 5500 5155 1705 
6214 4990 5500 5155 1705 4991 5501 5156 1706 
6215 4991 5501 5156 1706 4992 5502 5157 1707 
6216 4992 5502 5157 1707 4993 5503 5158 1708 
6217 4993 5503 5158 1708 4994 5504 5159 1709 
6218 4994 5504 5159 1709 4995 5505 5160 1710 
6219 4995 5505 5160 1710 4996 5506 5161 1711 
6220 4996 5506 5161 1711 4997 5507 5162 1712 
6221 4997 5507 5162 1712 4998 5508 5163 1713 
6222 4998 5508 5163 1713 4999 5509 5164 1714 
6223 4999 5509 5164 1714 5000 5510 5165 1715 
6224 5000 5510 5165 1715 1455 1489 1466 1236 
$EndElements
